{
    "args": {
        "output": "finetune_outputs/openml-0.8/ftt-tuned/50",
        "dataset": "50",
        "task": "openml",
        "batch_size": 64,
        "early_stop": 16,
        "reduce_data": 0.8
    },
    "device": "NVIDIA GeForce RTX 3090",
    "best_eval_score": 0.9526315789473684,
    "final_test_score": 0.6002609162765712,
    "ev_metric": [
        0.8421052631578948,
        0.9526315789473684,
        0.9210526315789473,
        0.9315789473684211,
        0.9421052631578947,
        0.9421052631578948,
        0.9368421052631579,
        0.9421052631578948,
        0.9368421052631578,
        0.9368421052631579,
        0.9526315789473684,
        0.9421052631578948,
        0.9473684210526316,
        0.9315789473684211,
        0.9157894736842105,
        0.9210526315789475,
        0.9263157894736842,
        0.9157894736842105
    ],
    "test_metric": [
        0.5763947509784361,
        0.6002609162765712,
        0.6052490215639629,
        0.612846289617067,
        0.6179878750671476,
        0.6215946588903384,
        0.621364438646305,
        0.6253549228762182,
        0.6287314864553757,
        0.6342567723121787,
        0.6447701634563733,
        0.6541324533804006,
        0.6558207351699793,
        0.64899086793032,
        0.6511395902079656,
        0.6619983117182104,
        0.6713989716829099,
        0.657509016959558
    ],
    "tr_loss": [
        0.6491473019123077,
        0.6678802669048309,
        0.6255336403846741,
        0.6069569885730743,
        0.580170065164566,
        0.5703074932098389,
        0.5360704362392426,
        0.5268480032682419,
        0.49585022032260895,
        0.49087560176849365,
        0.4783000648021698,
        0.47488322854042053,
        0.4184750020503998,
        0.45565667748451233,
        0.4315844029188156,
        0.4050702154636383,
        0.4218715727329254,
        0.4139537513256073
    ],
    "tr_times": 0.44969916343688965,
    "ev_times": 0.0005757808685302734,
    "test_times": 0.0005083084106445312,
    "param_total_size": 1521636,
    "param_total_count": 380401,
    "model_size": 1542721
}