{
    "metric": "roc_auc",
    "eval_score": 0.841743119266055,
    "n_trial": 81,
    "dataset": "Breast_Cancer",
    "model": {
        "booster": "gbtree",
        "n_estimators": 2000,
        "n_jobs": -1,
        "tree_method": "hist",
        "alpha": 0.3375773477894841,
        "colsample_bylevel": 0.9779868558558796,
        "colsample_bytree": 0.5228838622738672,
        "gamma": 1.073216270622469e-07,
        "lambda": 0.00014282720452811693,
        "learning_rate": 0.09670340537632482,
        "max_depth": 8,
        "min_child_weight": 0.8153661806915704,
        "subsample": 0.8322534228280064
    },
    "training": {
        "early_stopping_rounds": 20,
        "verbose": false
    }
}