{
    "args": {
        "output": "finetune_outputs/openml-0.8/ftt-tuned/1068",
        "dataset": "1068",
        "task": "openml",
        "batch_size": 64,
        "early_stop": 16,
        "reduce_data": 0.8
    },
    "device": "NVIDIA GeForce RTX 3090",
    "best_eval_score": 0.984375,
    "final_test_score": 0.7418207681365576,
    "ev_metric": [
        0.484375,
        0.984375,
        0.90625,
        0.78125,
        0.671875,
        0.53125,
        0.5,
        0.515625,
        0.53125,
        0.53125,
        0.515625,
        0.53125,
        0.625,
        0.609375,
        0.640625,
        0.625,
        0.640625,
        0.640625
    ],
    "test_metric": [
        0.4517374517374518,
        0.7418207681365576,
        0.7583824425929688,
        0.750558829506198,
        0.7263767526925422,
        0.7210932737248527,
        0.7142857142857143,
        0.7109327372485267,
        0.7187563503352977,
        0.7145905303800041,
        0.7111359479780534,
        0.7237350132086974,
        0.7389758179231863,
        0.737248526722211,
        0.7409063198536883,
        0.7399918715708189,
        0.7414143466775046,
        0.7406015037593985
    ],
    "tr_loss": [
        0.38452383875846863,
        0.24173418680826822,
        0.2068695823351542,
        0.2094160864750544,
        0.212214524547259,
        0.20123905315995216,
        0.21079671134551367,
        0.2047159237166246,
        0.4440004726250966,
        0.40803619225819904,
        0.6522279580434164,
        0.43168217440446216,
        0.3819003800551097,
        0.38538682957490283,
        0.222067192196846,
        0.4032650987307231,
        0.21952249109745026,
        0.22845918933550516
    ],
    "tr_times": 0.4352898597717285,
    "ev_times": 0.0003352165222167969,
    "test_times": 0.00042366981506347656,
    "param_total_size": 2319628,
    "param_total_count": 579907,
    "model_size": 2331476
}