{
    "args": {
        "model": "tv7.2",
        "output": "finetune_outputs/binclass-0.8/tv7.2-tuned/loan_train",
        "dataset": "loan_train",
        "task": "binclass",
        "batch_size": 64,
        "early_stop": 16,
        "reduce_data": 0.8
    },
    "device": "NVIDIA GeForce RTX 3090",
    "best_eval_score": 0.5714285714285714,
    "final_test_score": 0.690092879256966,
    "ev_metric": [
        0.5714285714285714,
        0.5714285714285714,
        0.5714285714285714,
        0.5714285714285714,
        0.5714285714285714,
        0.5714285714285714,
        0.5714285714285714,
        0.5714285714285714,
        0.5714285714285714,
        0.5714285714285714,
        0.5714285714285714,
        0.5595238095238095,
        0.5595238095238095,
        0.5595238095238095,
        0.5595238095238095,
        0.5595238095238095,
        0.5595238095238095
    ],
    "test_metric": [
        0.690092879256966,
        0.6839009287925696,
        0.6804953560371517,
        0.6795665634674922,
        0.6798761609907121,
        0.6795665634674923,
        0.6777089783281735,
        0.6746130030959753,
        0.6736842105263158,
        0.6724458204334366,
        0.6684210526315789,
        0.66656346749226,
        0.6656346749226006,
        0.6647058823529411,
        0.6647058823529411,
        0.6643962848297214,
        0.6631578947368422
    ],
    "tr_loss": [
        0.6875435709953308,
        0.688330739736557,
        0.6864730417728424,
        0.6858946979045868,
        0.6863717138767242,
        0.6870670020580292,
        0.684898853302002,
        0.6845404207706451,
        0.6841169893741608,
        0.685177743434906,
        0.682610958814621,
        0.6827968060970306,
        0.6821293234825134,
        0.685245543718338,
        0.6843611299991608,
        0.6815211176872253,
        0.6809981167316437
    ],
    "tr_times": 5.100564241409302,
    "ev_times": 0.0002129077911376953,
    "test_times": 0.0002567768096923828,
    "param_total_size": 1541644,
    "param_total_count": 385405,
    "model_size": 1596957
}