{
    "args": {
        "model": "mlp",
        "output": "finetune_outputs/openml-0.8/mlp-tuned/1485",
        "dataset": "1485",
        "task": "openml",
        "batch_size": 64,
        "early_stop": 16,
        "reduce_data": 0.8
    },
    "device": "NVIDIA GeForce RTX 3090",
    "best_eval_score": 0.5128205128205128,
    "final_test_score": 0.4985183431952663,
    "ev_metric": [
        0.43326758711374097,
        0.4516765285996055,
        0.5,
        0.480276134122288,
        0.5046022353714661,
        0.5128205128205128,
        0.48717948717948717,
        0.48717948717948717,
        0.48717948717948717,
        0.5128205128205128,
        0.5128205128205128,
        0.5128205128205128,
        0.5128205128205128,
        0.48717948717948717,
        0.5128205128205128,
        0.5128205128205128,
        0.5128205128205128,
        0.48717948717948717,
        0.48717948717948717,
        0.48717948717948717,
        0.48717948717948717,
        0.5128205128205128
    ],
    "test_metric": [
        0.5294579881656805,
        0.49770414201183427,
        0.49847100591715976,
        0.49191952662721894,
        0.5014248520710058,
        0.4985183431952663,
        0.492392899408284,
        0.49846153846153846,
        0.49848047337278106,
        0.4984662721893492,
        0.5046153846153846,
        0.5076639053254438,
        0.5046011834319526,
        0.4923360946745562,
        0.49542248520710064,
        0.49847573964497044,
        0.500028402366864,
        0.5030437869822485,
        0.498508875739645,
        0.5015573964497042,
        0.4923360946745562,
        0.49848047337278106
    ],
    "tr_loss": [
        1.496042048931122,
        0.6944200396537781,
        0.696238100528717,
        0.695098078250885,
        3.067297101020813,
        0.6994144439697265,
        0.7012002468109131,
        0.6970941424369812,
        0.699050784111023,
        0.8166301488876343,
        0.6984403729438782,
        0.7021354675292969,
        0.6921501278877258,
        0.6998351454734802,
        0.6970946431159973,
        0.6912081122398377,
        0.6963772535324096,
        0.6954970717430115,
        0.6958529591560364,
        0.6921255230903626,
        0.695710813999176,
        0.7003391027450562
    ],
    "tr_times": 0.49957704544067383,
    "ev_times": 0.00019621849060058594,
    "test_times": 0.0003802776336669922,
    "param_total_size": 35719172,
    "param_total_count": 8929793,
    "model_size": 35728529
}