{
    "args": {
        "model": "tv7.1",
        "output": "finetune_outputs/openml-0.8/tv7.1-tuned/1067",
        "dataset": "1067",
        "task": "openml",
        "batch_size": 64,
        "early_stop": 16,
        "reduce_data": 0.8
    },
    "device": "NVIDIA GeForce RTX 3090",
    "best_eval_score": 0.8962962962962964,
    "final_test_score": 0.783406704582741,
    "ev_metric": [
        0.8962962962962964,
        0.8962962962962964,
        0.8962962962962964,
        0.8962962962962964,
        0.8962962962962964,
        0.8962962962962964,
        0.8962962962962964,
        0.8962962962962964,
        0.8962962962962964,
        0.8962962962962964,
        0.8962962962962964,
        0.8962962962962964,
        0.8962962962962964,
        0.8962962962962964,
        0.8962962962962964,
        0.8962962962962964,
        0.8962962962962964
    ],
    "test_metric": [
        0.783406704582741,
        0.7833861970906706,
        0.783413540413431,
        0.7833110029530789,
        0.7834067045827409,
        0.7834203762441212,
        0.7833383462758395,
        0.7834135404134311,
        0.7834340479055015,
        0.7834408837361916,
        0.7834408837361916,
        0.7834408837361917,
        0.7833725254292901,
        0.7834408837361917,
        0.7834477195668819,
        0.7833793612599804,
        0.7833861970906705
    ],
    "tr_loss": [
        0.6217105239629745,
        0.6218898892402649,
        0.621894896030426,
        0.6220615953207016,
        0.6216959655284882,
        0.6217701435089111,
        0.621729701757431,
        0.6219768524169922,
        0.6217502951622009,
        0.6219538599252701,
        0.6219495534896851,
        0.6218249052762985,
        0.6216211020946503,
        0.6217271536588669,
        0.6216181814670563,
        0.621546059846878,
        0.6215035915374756
    ],
    "tr_times": 1.6826865673065186,
    "ev_times": 0.00017261505126953125,
    "test_times": 0.0003733634948730469,
    "param_total_size": 157696,
    "param_total_count": 39424,
    "model_size": 229535
}