{
    "args": {
        "model": "tv7.4",
        "output": "finetune_outputs/binclass-0.8/tv7.4-tuned/train_1592_Diabetes-Data-Set",
        "dataset": "train_1592_Diabetes-Data-Set",
        "task": "binclass",
        "batch_size": 64,
        "early_stop": 16,
        "reduce_data": 0.8
    },
    "device": "NVIDIA GeForce RTX 3090",
    "best_eval_score": 0.6458333333333333,
    "final_test_score": 0.7564814814814815,
    "ev_metric": [
        0.6388888888888888,
        0.6458333333333333,
        0.6458333333333333,
        0.6458333333333333,
        0.6458333333333333,
        0.6458333333333333,
        0.6458333333333333,
        0.6458333333333333,
        0.6458333333333333,
        0.6458333333333333,
        0.6458333333333333,
        0.6458333333333333,
        0.6458333333333333,
        0.6458333333333333,
        0.6458333333333333,
        0.6458333333333333,
        0.6458333333333333,
        0.6458333333333333
    ],
    "test_metric": [
        0.7561111111111111,
        0.7564814814814815,
        0.7562962962962964,
        0.7562962962962962,
        0.7561111111111111,
        0.7555555555555555,
        0.7551851851851852,
        0.7551851851851852,
        0.7553703703703704,
        0.7561111111111111,
        0.7559259259259259,
        0.7561111111111112,
        0.7562962962962962,
        0.7562962962962962,
        0.7562962962962962,
        0.7564814814814815,
        0.7564814814814815,
        0.7564814814814815
    ],
    "tr_loss": [
        0.6853796243667603,
        0.6871660649776459,
        0.6867726743221283,
        0.6853696703910828,
        0.6879545450210571,
        0.6865206062793732,
        0.6862501502037048,
        0.686236172914505,
        0.685276985168457,
        0.6875525712966919,
        0.6857529878616333,
        0.6870145797729492,
        0.6870245337486267,
        0.6854258179664612,
        0.6853960454463959,
        0.6842730045318604,
        0.6845044195652008,
        0.6844492554664612
    ],
    "tr_times": 3.0397586822509766,
    "ev_times": 0.00022125244140625,
    "test_times": 0.0002110004425048828,
    "param_total_size": 137516,
    "param_total_count": 34379,
    "model_size": 202463
}