{
    "args": {
        "model": "mlp",
        "output": "finetune_outputs/binclass-0.8/mlp-tuned/train_0435_strikes",
        "dataset": "train_0435_strikes",
        "task": "binclass",
        "batch_size": 64,
        "early_stop": 16,
        "reduce_data": 0.8
    },
    "device": "NVIDIA GeForce RTX 3090",
    "best_eval_score": 0.8600000000000001,
    "final_test_score": 0.8010752688172043,
    "ev_metric": [
        0.63,
        0.55,
        0.6599999999999999,
        0.77,
        0.73,
        0.8100000000000002,
        0.83,
        0.8200000000000001,
        0.8600000000000001,
        0.81,
        0.74,
        0.7500000000000001,
        0.775,
        0.745,
        0.765,
        0.795,
        0.86,
        0.8500000000000001,
        0.79,
        0.805,
        0.765,
        0.76,
        0.81,
        0.79,
        0.8150000000000001
    ],
    "test_metric": [
        0.510752688172043,
        0.5419866871479775,
        0.6977726574500768,
        0.7576804915514592,
        0.7657450076804916,
        0.7695852534562212,
        0.7596006144393241,
        0.7974910394265233,
        0.8010752688172043,
        0.8128520225294419,
        0.799795186891961,
        0.7803379416282642,
        0.7872503840245775,
        0.8031233998975934,
        0.8102918586789554,
        0.8324372759856631,
        0.833589349718382,
        0.8250128008192524,
        0.8223246287762417,
        0.8268049155145929,
        0.8287250384024578,
        0.8489503328213006,
        0.8602150537634409,
        0.8469022017409114,
        0.8453661034306196
    ],
    "tr_loss": [
        0.8578749001026154,
        1.0308796167373657,
        0.7085586190223694,
        0.6398962140083313,
        0.5326164662837982,
        0.6040990650653839,
        0.5010563135147095,
        0.464836522936821,
        0.3249550014734268,
        0.46130073070526123,
        0.23953737318515778,
        0.23856112360954285,
        0.2315223217010498,
        0.14597424492239952,
        0.19591385126113892,
        0.16162338107824326,
        0.1217445507645607,
        0.16062956303358078,
        0.26167087256908417,
        0.16101182624697685,
        0.08182807639241219,
        0.10419002175331116,
        0.08522458001971245,
        0.118575818836689,
        0.08102457504719496
    ],
    "tr_times": 0.3407714366912842,
    "ev_times": 0.00014162063598632812,
    "test_times": 0.00014495849609375,
    "param_total_size": 7139212,
    "param_total_count": 1784803,
    "model_size": 7144157
}