{
    "metric": "roc_auc",
    "eval_score": 0.9422267382784149,
    "n_trial": 23,
    "dataset": "train_1458_kdd_ipums_la_97-small",
    "model": {
        "booster": "gbtree",
        "n_estimators": 2000,
        "n_jobs": -1,
        "tree_method": "hist",
        "alpha": 0.2528777663472276,
        "colsample_bylevel": 0.7325885321261589,
        "colsample_bytree": 0.7432807972324744,
        "gamma": 3.7757953434545835,
        "lambda": 0.0005195558552749997,
        "learning_rate": 0.09354936435230117,
        "max_depth": 5,
        "min_child_weight": 0.00016986938170151472,
        "subsample": 0.7344871016586614
    },
    "training": {
        "early_stopping_rounds": 20,
        "verbose": false
    }
}