{
    "args": {
        "model": "tv7.4",
        "output": "finetune_outputs/binclass-0.8/tv7.4-tuned/train_0435_strikes",
        "dataset": "train_0435_strikes",
        "task": "binclass",
        "batch_size": 64,
        "early_stop": 16,
        "reduce_data": 0.8
    },
    "device": "NVIDIA GeForce RTX 3090",
    "best_eval_score": 0.5800000000000001,
    "final_test_score": 0.7754736303123398,
    "ev_metric": [
        0.5800000000000001,
        0.5800000000000001,
        0.5800000000000001,
        0.5800000000000001,
        0.5800000000000001,
        0.5800000000000001,
        0.5800000000000001,
        0.5800000000000001,
        0.5800000000000001,
        0.5800000000000001,
        0.5800000000000001,
        0.5800000000000001,
        0.5800000000000001,
        0.5800000000000001,
        0.5800000000000001,
        0.5800000000000001,
        0.5800000000000001
    ],
    "test_metric": [
        0.7754736303123398,
        0.7754736303123398,
        0.7757296466973885,
        0.7757296466973885,
        0.7757296466973885,
        0.7759856630824372,
        0.7759856630824372,
        0.7759856630824372,
        0.7759856630824372,
        0.7759856630824372,
        0.7759856630824372,
        0.7759856630824372,
        0.7762416794674859,
        0.7762416794674859,
        0.7762416794674859,
        0.7764976958525346,
        0.7767537122375833
    ],
    "tr_loss": [
        0.6799391210079193,
        0.6755199730396271,
        0.6779621541500092,
        0.6779152154922485,
        0.674907922744751,
        0.6762117445468903,
        0.6756817698478699,
        0.6771442890167236,
        0.6768227219581604,
        0.6775630414485931,
        0.6778546273708344,
        0.6758141219615936,
        0.6784089803695679,
        0.6770941317081451,
        0.6767420768737793,
        0.6759309470653534,
        0.6766902208328247
    ],
    "tr_times": 3.3530893325805664,
    "ev_times": 0.00020194053649902344,
    "test_times": 0.00018858909606933594,
    "param_total_size": 248332,
    "param_total_count": 62083,
    "model_size": 369055
}