{
    "metric": "roc_auc",
    "eval_score": 1.0,
    "n_trial": 0,
    "dataset": "diabetes_data_upload",
    "model": {
        "booster": "gbtree",
        "n_estimators": 2000,
        "n_jobs": -1,
        "tree_method": "hist",
        "alpha": 8.431988033872317e-05,
        "colsample_bylevel": 0.6798794457665367,
        "colsample_bytree": 0.6467824148485699,
        "gamma": 2.021607412626766e-06,
        "lambda": 1.6545544293850876,
        "learning_rate": 6.427390572988114e-05,
        "max_depth": 4,
        "min_child_weight": 0.4587323688267762,
        "subsample": 0.9578314971319883
    },
    "training": {
        "early_stopping_rounds": 20,
        "verbose": false
    }
}