{
    "args": {
        "model": "xgboost",
        "output": "finetune_outputs/openml-0.8/xgboost-tuned/1462",
        "dataset": "1462",
        "task": "openml",
        "reduce_data": 0.8
    },
    "device": "NVIDIA GeForce RTX 3090",
    "configs": {
        "metric": "roc_auc",
        "eval_score": 1.0,
        "n_trial": 22,
        "dataset": "1462",
        "model": {
            "booster": "gbtree",
            "n_estimators": 2000,
            "n_jobs": -1,
            "tree_method": "hist",
            "alpha": 0.021971240188105038,
            "colsample_bylevel": 0.7809898842226064,
            "colsample_bytree": 0.8814961324093055,
            "gamma": 2.598749813428142e-06,
            "lambda": 0.0005095441237975733,
            "learning_rate": 0.028382856314114056,
            "max_depth": 9,
            "min_child_weight": 1.0306344140226879e-08,
            "subsample": 0.5753129621278608
        },
        "training": {
            "early_stopping_rounds": 20,
            "verbose": false,
            "eval_metric": "error"
        }
    },
    "best_eval_score": 1.0,
    "final_test_score": 1.0,
    "tr_times": 0.03244280815124512,
    "ev_times": 0.00018453598022460938,
    "test_times": 0.00017833709716796875,
    "param_total_size": 0,
    "param_total_count": 0,
    "model_size": 69342
}