{
    "metric": "roc_auc",
    "eval_score": 0.6459899749373432,
    "n_trial": 64,
    "dataset": "Employee Satisfaction Index",
    "model": {
        "booster": "gbtree",
        "n_estimators": 2000,
        "n_jobs": -1,
        "tree_method": "hist",
        "alpha": 1.6714807949561755e-06,
        "colsample_bylevel": 0.7751229958183896,
        "colsample_bytree": 0.8325271300871014,
        "gamma": 1.0275021897016601e-07,
        "lambda": 2.556398073360567e-05,
        "learning_rate": 3.642659184510609e-05,
        "max_depth": 3,
        "min_child_weight": 0.00017605297572620166,
        "subsample": 0.5422613445311625
    },
    "training": {
        "early_stopping_rounds": 20,
        "verbose": false
    }
}