{
    "args": {
        "model": "tv7.1",
        "output": "finetune_outputs/binclass-0.8/tv7.1-tuned/train_0555_socmob",
        "dataset": "train_0555_socmob",
        "task": "binclass",
        "batch_size": 64,
        "early_stop": 16,
        "reduce_data": 0.8
    },
    "device": "NVIDIA GeForce RTX 3090",
    "best_eval_score": 0.9612068965517242,
    "final_test_score": 0.9683132921676958,
    "ev_metric": [
        0.9612068965517242,
        0.9612068965517242,
        0.9612068965517242,
        0.9612068965517242,
        0.9612068965517242,
        0.9612068965517242,
        0.9612068965517242,
        0.9612068965517242,
        0.9612068965517242,
        0.9612068965517242,
        0.9612068965517242,
        0.9612068965517242,
        0.9612068965517242,
        0.9612068965517242,
        0.9612068965517242,
        0.9612068965517242,
        0.9612068965517242
    ],
    "test_metric": [
        0.9683132921676958,
        0.9678799696674251,
        0.9665800021666126,
        0.9656050265410031,
        0.9638717365399199,
        0.9637634059148522,
        0.9635467446647167,
        0.963438414039649,
        0.9632217527895136,
        0.9631134221644458,
        0.963113422164446,
        0.9627884302892428,
        0.9622467771639043,
        0.9620301159137687,
        0.9618134546636333,
        0.9617051240385657,
        0.9614884627884303
    ],
    "tr_loss": [
        0.658885141213735,
        0.6546703974405924,
        0.649013876914978,
        0.6507413188616434,
        0.6492170691490173,
        0.638767659664154,
        0.6380264759063721,
        0.6313400268554688,
        0.6317890087763468,
        0.6257952253023783,
        0.6213798125584921,
        0.6173984209696451,
        0.6218315164248148,
        0.612553616364797,
        0.6096512277921041,
        0.6060343980789185,
        0.6027475396792094
    ],
    "tr_times": 0.3933861255645752,
    "ev_times": 0.0003209114074707031,
    "test_times": 0.0004467964172363281,
    "param_total_size": 820880,
    "param_total_count": 205218
}