{
    "args": {
        "model": "mlp",
        "output": "finetune_outputs/binclass-0.8/mlp-tuned/train_0446_newton_hema",
        "dataset": "train_0446_newton_hema",
        "task": "binclass",
        "batch_size": 64,
        "early_stop": 16,
        "reduce_data": 0.8
    },
    "device": "NVIDIA GeForce RTX 3090",
    "best_eval_score": 1.0,
    "final_test_score": 0.5408163265306123,
    "ev_metric": [
        1.0,
        1.0,
        1.0,
        1.0,
        1.0,
        1.0,
        1.0,
        1.0,
        1.0,
        1.0,
        1.0,
        1.0,
        1.0,
        1.0,
        1.0,
        1.0,
        1.0
    ],
    "test_metric": [
        0.5408163265306123,
        0.5433673469387755,
        0.5331632653061225,
        0.5255102040816326,
        0.5204081632653061,
        0.5102040816326531,
        0.5051020408163265,
        0.5051020408163265,
        0.5,
        0.5,
        0.5,
        0.4897959183673469,
        0.48469387755102045,
        0.48469387755102045,
        0.4795918367346939,
        0.4744897959183674,
        0.4744897959183674
    ],
    "tr_loss": [
        0.6948172450065613,
        0.6952043175697327,
        0.6943702697753906,
        0.6945143342018127,
        0.6952954530715942,
        0.6945414543151855,
        0.69426029920578,
        0.6936229467391968,
        0.6939137578010559,
        0.6942846775054932,
        0.6940904259681702,
        0.6944339871406555,
        0.6939288973808289,
        0.6936571598052979,
        0.6943032145500183,
        0.6935133337974548,
        0.6938673257827759
    ],
    "tr_times": 0.3189969062805176,
    "ev_times": 0.0001857280731201172,
    "test_times": 0.0002396106719970703,
    "param_total_size": 7706900,
    "param_total_count": 1926724,
    "model_size": 7716433
}