{
    "args": {
        "output": "finetune_outputs/binclass-0.8/ftt-tuned/train_1774_Early-Stage-Diabetes-Risk-Prediction-Dataset",
        "dataset": "train_1774_Early-Stage-Diabetes-Risk-Prediction-Dataset",
        "task": "binclass",
        "batch_size": 64,
        "early_stop": 16,
        "reduce_data": 0.8
    },
    "device": "NVIDIA GeForce RTX 3090",
    "best_eval_score": 0.8857142857142857,
    "final_test_score": 0.9640625,
    "ev_metric": [
        0.5142857142857142,
        0.5714285714285714,
        0.6285714285714286,
        0.7428571428571429,
        0.7571428571428571,
        0.7857142857142857,
        0.8285714285714286,
        0.8428571428571429,
        0.8285714285714286,
        0.8428571428571429,
        0.8428571428571429,
        0.8571428571428571,
        0.8714285714285714,
        0.8714285714285714,
        0.8857142857142857,
        0.8857142857142857,
        0.8857142857142857,
        0.8857142857142857,
        0.8857142857142857,
        0.8857142857142857,
        0.8857142857142857,
        0.8857142857142857,
        0.8857142857142857,
        0.8857142857142857,
        0.8857142857142857,
        0.8857142857142857,
        0.8857142857142857,
        0.8714285714285714,
        0.8857142857142857,
        0.8857142857142857,
        0.8857142857142857
    ],
    "test_metric": [
        0.53125,
        0.6003906250000001,
        0.66015625,
        0.7664062500000001,
        0.8324218750000001,
        0.887890625,
        0.9117187499999999,
        0.919921875,
        0.933984375,
        0.93984375,
        0.942578125,
        0.944140625,
        0.94921875,
        0.955859375,
        0.9640625,
        0.9671875,
        0.9703125,
        0.976171875,
        0.9796875,
        0.98125,
        0.981640625,
        0.9816406249999999,
        0.982421875,
        0.9832031250000001,
        0.9839843750000001,
        0.985546875,
        0.985546875,
        0.9851562500000001,
        0.985546875,
        0.986328125,
        0.9867187500000001
    ],
    "tr_loss": [
        0.7356672286987305,
        0.6925792098045349,
        0.5847216695547104,
        0.818182647228241,
        0.5547382980585098,
        0.9568224847316742,
        0.5441433191299438,
        0.6125580668449402,
        0.6118549406528473,
        0.521428108215332,
        0.7582797706127167,
        0.6784814894199371,
        0.6579854786396027,
        0.6638790369033813,
        0.6389518976211548,
        0.7144104540348053,
        0.5392898321151733,
        0.6986708343029022,
        0.6127171814441681,
        0.5479388236999512,
        0.6275151669979095,
        0.5803191661834717,
        0.6344514787197113,
        0.6094146072864532,
        0.531000092625618,
        0.581973522901535,
        0.7126539349555969,
        0.6022852957248688,
        0.6282718181610107,
        0.5234988629817963,
        0.5578565299510956
    ],
    "tr_times": 0.49187779426574707,
    "ev_times": 0.0006155967712402344,
    "test_times": 0.0006384849548339844,
    "param_total_size": 1691164,
    "param_total_count": 422776,
    "model_size": 1711425
}