{
    "args": {
        "model": "dcnv2",
        "output": "finetune_outputs/binclass-0.8/dcnv2-tuned/train_0555_socmob",
        "dataset": "train_0555_socmob",
        "task": "binclass",
        "batch_size": 64,
        "early_stop": 16,
        "reduce_data": 0.8
    },
    "device": "NVIDIA GeForce RTX 3090",
    "best_eval_score": 0.9741379310344828,
    "final_test_score": 0.9591051890369406,
    "ev_metric": [
        0.9698275862068966,
        0.9741379310344828,
        0.9741379310344828,
        0.9655172413793103,
        0.9568965517241379,
        0.9525862068965517,
        0.9482758620689655,
        0.9310344827586208,
        0.9267241379310345,
        0.9224137931034482,
        0.9267241379310345,
        0.9224137931034482,
        0.9224137931034482,
        0.918103448275862,
        0.9008620689655171,
        0.9051724137931034,
        0.8965517241379309,
        0.918103448275862
    ],
    "test_metric": [
        0.9701549127938468,
        0.9591051890369406,
        0.9568302459105189,
        0.9647383815404615,
        0.9724298559202686,
        0.9693965984183729,
        0.9724298559202686,
        0.9724298559202688,
        0.9750297909218937,
        0.9731881702957426,
        0.9709132271693207,
        0.9660383490412741,
        0.9621384465388365,
        0.9647383815404615,
        0.9632217527895136,
        0.9601884952876178,
        0.9571552377857221,
        0.9639800671649876
    ],
    "tr_loss": [
        0.5770203073819479,
        0.2795550574858983,
        0.2628749907016754,
        0.1873471885919571,
        0.1659778207540512,
        0.17401593426863352,
        0.14063150435686111,
        0.23355969786643982,
        0.16532258441050848,
        0.1418260682063798,
        0.1418131316701571,
        0.1830433855454127,
        0.1377212330698967,
        0.195309579372406,
        0.20125480989615122,
        0.612575759490331,
        0.1385943628847599,
        0.1493316814303398
    ],
    "tr_times": 0.39129638671875,
    "ev_times": 0.00027108192443847656,
    "test_times": 0.0002541542053222656,
    "param_total_size": 6745252,
    "param_total_count": 1686311,
    "model_size": 6759503
}