{
    "args": {
        "model": "tv7.3",
        "output": "finetune_outputs/binclass-0.8/tv7.3-tuned/train_1898_Personal-Loan-Modeling",
        "dataset": "train_1898_Personal-Loan-Modeling",
        "task": "binclass",
        "batch_size": 64,
        "early_stop": 16,
        "reduce_data": 0.8
    },
    "device": "NVIDIA GeForce RTX 3090",
    "best_eval_score": 0.5486725663716814,
    "final_test_score": 0.49979524387658747,
    "ev_metric": [
        0.5486725663716814,
        0.5482959894558463,
        0.5469779702504236,
        0.5469779702504236,
        0.5473545471662586,
        0.5479194125400113,
        0.5471662587083412,
        0.546036527960836,
        0.546036527960836,
        0.5452833741291659,
        0.5452833741291659,
        0.5458482395029184,
        0.5462248164187535,
        0.5450950856712483,
        0.5445302202974958,
        0.5446243645264545,
        0.5447185087554133
    ],
    "test_metric": [
        0.49979524387658747,
        0.5000385423291129,
        0.5001132180917693,
        0.5004673257404945,
        0.5004817791139119,
        0.5006070416835289,
        0.5006118594746681,
        0.5006263128480855,
        0.5005179125474553,
        0.50071062419302,
        0.5007395309398547,
        0.5007684376866894,
        0.5007997533290937,
        0.5008334778670676,
        0.5008768379873196,
        0.5010454606771888,
        0.5010141450347845
    ],
    "tr_loss": [
        0.7012806594371795,
        0.7009953618049621,
        0.7007021248340607,
        0.7004348993301391,
        0.7001436293125153,
        0.6998664855957031,
        0.6995789289474488,
        0.6992922723293304,
        0.6990229964256287,
        0.6987441718578339,
        0.6984684050083161,
        0.6981814920902252,
        0.6979102432727814,
        0.6976346433162689,
        0.697367137670517,
        0.6970753014087677,
        0.6968129217624665
    ],
    "tr_times": 23.839268684387207,
    "ev_times": 0.0001862049102783203,
    "test_times": 0.00040650367736816406,
    "param_total_size": 337220,
    "param_total_count": 84305,
    "model_size": 489951
}