{
    "args": {
        "model": "tv7.3",
        "output": "finetune_outputs/openml-0.8/tv7.3-tuned/1050",
        "dataset": "1050",
        "task": "openml",
        "batch_size": 64,
        "early_stop": 16,
        "reduce_data": 0.8
    },
    "device": "NVIDIA GeForce RTX 3090",
    "best_eval_score": 0.8714285714285714,
    "final_test_score": 0.8026353276353276,
    "ev_metric": [
        0.8523809523809525,
        0.8619047619047618,
        0.8571428571428572,
        0.8666666666666667,
        0.8666666666666667,
        0.8666666666666667,
        0.8714285714285714,
        0.8666666666666667,
        0.8666666666666667,
        0.861904761904762,
        0.861904761904762,
        0.861904761904762,
        0.861904761904762,
        0.8666666666666667,
        0.8666666666666667,
        0.8666666666666667,
        0.8666666666666667,
        0.8666666666666667,
        0.861904761904762,
        0.8571428571428571,
        0.8619047619047618,
        0.8619047619047618,
        0.8619047619047618
    ],
    "test_metric": [
        0.7992877492877494,
        0.801139601139601,
        0.8023504273504274,
        0.801068376068376,
        0.8022792022792024,
        0.8026353276353276,
        0.8026353276353276,
        0.8030626780626782,
        0.8019230769230768,
        0.8017806267806268,
        0.801923076923077,
        0.8021367521367522,
        0.8021367521367522,
        0.8022792022792024,
        0.8021367521367521,
        0.8012108262108262,
        0.8007834757834758,
        0.8007122507122506,
        0.8007122507122507,
        0.8016381766381767,
        0.8008547008547008,
        0.8001424501424501,
        0.8001424501424501
    ],
    "tr_loss": [
        0.6651705900828043,
        0.6622062921524048,
        0.6597822705904642,
        0.6571452418963114,
        0.6544962128003439,
        0.6520770986874899,
        0.6498102347056071,
        0.6473724444707235,
        0.645104189713796,
        0.642778217792511,
        0.640359620253245,
        0.6383058230082194,
        0.6360427935918173,
        0.6338661114374796,
        0.6317569812138876,
        0.6293213168780009,
        0.6270303726196289,
        0.6250101327896118,
        0.6226593852043152,
        0.6204985578854879,
        0.6183379689852396,
        0.616174598534902,
        0.6140380700429281
    ],
    "tr_times": 1.7512624263763428,
    "ev_times": 0.0002143383026123047,
    "test_times": 0.00028395652770996094,
    "param_total_size": 150152,
    "param_total_count": 37538,
    "model_size": 211551
}