{
    "args": {
        "model": "tv7.4",
        "output": "finetune_outputs/binclass-0.8/tv7.4-tuned/train_1742_Loan-Predication",
        "dataset": "train_1742_Loan-Predication",
        "task": "binclass",
        "batch_size": 64,
        "early_stop": 16,
        "reduce_data": 0.8
    },
    "device": "NVIDIA GeForce RTX 3090",
    "best_eval_score": 0.8214285714285715,
    "final_test_score": 0.6637770897832816,
    "ev_metric": [
        0.8214285714285714,
        0.7976190476190477,
        0.7976190476190477,
        0.7976190476190477,
        0.8214285714285714,
        0.8214285714285715,
        0.8214285714285715,
        0.8214285714285715,
        0.8214285714285714,
        0.8214285714285714,
        0.8214285714285714,
        0.8214285714285714,
        0.8095238095238095,
        0.8095238095238095,
        0.8095238095238095,
        0.7976190476190477,
        0.7976190476190477,
        0.7857142857142857,
        0.7738095238095238,
        0.7619047619047619,
        0.7619047619047619,
        0.75
    ],
    "test_metric": [
        0.6510835913312694,
        0.6600619195046439,
        0.6613003095975232,
        0.6613003095975233,
        0.6594427244582043,
        0.6637770897832816,
        0.6616099071207431,
        0.6597523219814242,
        0.6588235294117647,
        0.6551083591331269,
        0.6523219814241487,
        0.6507739938080496,
        0.6467492260061919,
        0.6445820433436532,
        0.6421052631578947,
        0.6417956656346749,
        0.6424148606811145,
        0.6436532507739937,
        0.6455108359133127,
        0.6455108359133127,
        0.6452012383900928,
        0.643343653250774
    ],
    "tr_loss": [
        0.6637116968631744,
        0.6700184345245361,
        0.6454007923603058,
        0.6502351462841034,
        0.6410070061683655,
        0.6362895667552948,
        0.6457139551639557,
        0.6322565674781799,
        0.6388528645038605,
        0.6161598563194275,
        0.6036484241485596,
        0.6099131107330322,
        0.61554816365242,
        0.6026341021060944,
        0.6200073063373566,
        0.6000531613826752,
        0.6094096302986145,
        0.580773264169693,
        0.5959873497486115,
        0.59853795170784,
        0.6090167760848999,
        0.5925893485546112
    ],
    "tr_times": 0.06121969223022461,
    "ev_times": 0.00029087066650390625,
    "test_times": 0.0003998279571533203,
    "param_total_size": 1153364,
    "param_total_count": 288335,
    "model_size": 1183069
}