{
    "args": {
        "output": "finetune_outputs/openml-0.8/ftt-tuned/29",
        "dataset": "29",
        "task": "openml",
        "batch_size": 64,
        "early_stop": 16,
        "reduce_data": 0.8
    },
    "device": "NVIDIA GeForce RTX 3090",
    "best_eval_score": 0.962962962962963,
    "final_test_score": 0.8741883116883116,
    "ev_metric": [
        0.8703703703703703,
        0.9259259259259259,
        0.9259259259259259,
        0.9259259259259259,
        0.9259259259259259,
        0.9351851851851851,
        0.9259259259259259,
        0.9259259259259259,
        0.9259259259259259,
        0.9259259259259259,
        0.9259259259259259,
        0.9351851851851851,
        0.9444444444444444,
        0.9444444444444444,
        0.8981481481481481,
        0.962962962962963,
        0.962962962962963,
        0.9537037037037037,
        0.9444444444444445,
        0.9444444444444445,
        0.9537037037037037,
        0.9537037037037037,
        0.962962962962963,
        0.962962962962963,
        0.962962962962963,
        0.9537037037037037,
        0.9351851851851852,
        0.9259259259259259,
        0.9166666666666666,
        0.9351851851851852,
        0.9444444444444445,
        0.9444444444444445
    ],
    "test_metric": [
        0.876758658008658,
        0.886228354978355,
        0.8870400432900433,
        0.8871753246753248,
        0.8859577922077921,
        0.8713474025974026,
        0.864448051948052,
        0.8635010822510824,
        0.8649891774891775,
        0.8698593073593073,
        0.871888528138528,
        0.8777056277056277,
        0.8751352813852814,
        0.8754058441558442,
        0.8781114718614719,
        0.8741883116883116,
        0.8741883116883117,
        0.8693181818181819,
        0.8690476190476191,
        0.8713474025974026,
        0.8733766233766234,
        0.8748647186147186,
        0.8778409090909092,
        0.8805465367965367,
        0.8800054112554112,
        0.8782467532467533,
        0.8724296536796535,
        0.871888528138528,
        0.8790584415584416,
        0.8820346320346321,
        0.8711444805194803,
        0.869724025974026
    ],
    "tr_loss": [
        0.6870943903923035,
        0.7351104915142059,
        0.6100977659225464,
        0.4662182182073593,
        0.31489160656929016,
        0.3173900842666626,
        0.22418342530727386,
        0.23649408668279648,
        0.196548730134964,
        0.2129918411374092,
        0.1792706400156021,
        0.14849455282092094,
        0.15978201106190681,
        0.16252953559160233,
        0.11433723755180836,
        0.37371115386486053,
        0.47232285887002945,
        0.3424699008464813,
        0.19722963497042656,
        0.24804599583148956,
        0.26465190947055817,
        0.3484649658203125,
        0.24247940629720688,
        0.1749587506055832,
        0.19503995031118393,
        0.17542609572410583,
        0.08765833452343941,
        0.1355150192975998,
        0.09111664071679115,
        0.14068448171019554,
        0.1185469813644886,
        0.1470334678888321
    ],
    "tr_times": 0.617868185043335,
    "ev_times": 0.0007274150848388672,
    "test_times": 0.0008530616760253906,
    "param_total_size": 3293692,
    "param_total_count": 823414,
    "model_size": 3322417
}