{
    "args": {
        "model": "dcnv2",
        "output": "finetune_outputs/binclass-0.8/dcnv2-tuned/train_1006_Titanic",
        "dataset": "train_1006_Titanic",
        "task": "binclass",
        "batch_size": 64,
        "early_stop": 16,
        "reduce_data": 0.8
    },
    "device": "NVIDIA GeForce RTX 3090",
    "best_eval_score": 0.6739130434782608,
    "final_test_score": 0.6890574214517876,
    "ev_metric": [
        0.6739130434782608,
        0.6684782608695652,
        0.6666666666666666,
        0.6322463768115941,
        0.6105072463768114,
        0.6068840579710144,
        0.6068840579710144,
        0.6068840579710144,
        0.6041666666666666,
        0.6041666666666666,
        0.6041666666666666,
        0.6041666666666666,
        0.615036231884058,
        0.6340579710144928,
        0.6340579710144928,
        0.6340579710144928,
        0.6340579710144928
    ],
    "test_metric": [
        0.6890574214517876,
        0.6794950303829668,
        0.6729473832964341,
        0.6730415940458806,
        0.6725234349239249,
        0.6717697489283527,
        0.6717697489283527,
        0.6717697489283527,
        0.6706392199349946,
        0.67042724574874,
        0.67042724574874,
        0.67042724574874,
        0.675938574591361,
        0.6627490696688493,
        0.6627490696688493,
        0.6627490696688493,
        0.6627490696688493
    ],
    "tr_loss": [
        0.8326890349388123,
        0.808350670337677,
        0.7968452572822571,
        0.7834713101387024,
        0.7640688061714173,
        0.7461710333824157,
        0.7343045473098755,
        0.7283453345298767,
        0.700076448917389,
        0.6928237676620483,
        0.6751499891281127,
        0.6577412486076355,
        0.6470333456993103,
        0.6245415210723877,
        0.6270215630531311,
        0.605296504497528,
        0.579364675283432
    ],
    "tr_times": 0.41732144355773926,
    "ev_times": 0.00016880035400390625,
    "test_times": 0.00018548965454101562,
    "param_total_size": 400492,
    "param_total_count": 100123,
    "model_size": 411157
}