{
    "args": {
        "output": "finetune_outputs/binclass-0.0/ftt-tuned/train_1011_cleve",
        "dataset": "train_1011_cleve",
        "task": "binclass",
        "batch_size": 64,
        "early_stop": 16,
        "reduce_data": 0.0
    },
    "device": "NVIDIA GeForce RTX 3090",
    "best_eval_score": 0.9191919191919191,
    "final_test_score": 0.8344155844155845,
    "ev_metric": [
        0.8771043771043772,
        0.8703703703703705,
        0.8686868686868687,
        0.8804713804713805,
        0.8855218855218856,
        0.8737373737373737,
        0.8804713804713805,
        0.8720538720538721,
        0.8804713804713804,
        0.8434343434343434,
        0.904040404040404,
        0.8787878787878788,
        0.8703703703703705,
        0.9107744107744109,
        0.898989898989899,
        0.9006734006734006,
        0.9124579124579124,
        0.9191919191919191,
        0.9191919191919191,
        0.9090909090909091,
        0.9057239057239057,
        0.9141414141414141,
        0.904040404040404,
        0.9057239057239057,
        0.9057239057239057,
        0.898989898989899,
        0.898989898989899,
        0.9040404040404041,
        0.893939393939394,
        0.888888888888889,
        0.872053872053872,
        0.8973063973063974,
        0.9057239057239057,
        0.9090909090909092
    ],
    "test_metric": [
        0.8593073593073592,
        0.8614718614718615,
        0.8571428571428572,
        0.8582251082251082,
        0.8538961038961039,
        0.8571428571428572,
        0.8214285714285714,
        0.7922077922077921,
        0.7651515151515152,
        0.7554112554112554,
        0.8322510822510822,
        0.7943722943722944,
        0.791125541125541,
        0.8333333333333333,
        0.8041125541125541,
        0.7987012987012988,
        0.8257575757575758,
        0.8344155844155845,
        0.8354978354978355,
        0.8387445887445888,
        0.8376623376623378,
        0.8463203463203464,
        0.8463203463203464,
        0.8474025974025975,
        0.8474025974025974,
        0.8441558441558441,
        0.8452380952380952,
        0.8430735930735931,
        0.8430735930735931,
        0.8365800865800865,
        0.8290043290043291,
        0.8398268398268398,
        0.827922077922078,
        0.8387445887445888
    ],
    "tr_loss": [
        0.6452653557062149,
        0.5089568570256233,
        0.7982790395617485,
        0.35164032131433487,
        0.3089296091347933,
        0.2861410491168499,
        0.28400054946541786,
        0.24196233786642551,
        0.23328787833452225,
        0.22947682440280914,
        0.22350898198783398,
        0.461917981505394,
        0.4013710878789425,
        0.44249436259269714,
        0.2644774429500103,
        0.2908437345176935,
        0.257382957264781,
        0.2975102849304676,
        0.5686276629567146,
        0.23313447646796703,
        0.29815446585416794,
        0.2326704692095518,
        0.21815532445907593,
        0.2094362061470747,
        0.21097023971378803,
        0.24539205059409142,
        0.20744320005178452,
        0.2218335121870041,
        0.1838612137362361,
        0.1805746196769178,
        0.4827679842710495,
        0.9302225485444069,
        0.306847158819437,
        0.5688635036349297
    ]
}