{
    "args": {
        "output": "finetune_outputs/binclass-0.0/ftt-tuned/train_0124_analcatdata_impeach",
        "dataset": "train_0124_analcatdata_impeach",
        "task": "binclass",
        "batch_size": 64,
        "early_stop": 16,
        "reduce_data": 0.0
    },
    "device": "NVIDIA GeForce RTX 3090",
    "best_eval_score": 1.0,
    "final_test_score": 0.8645833333333333,
    "ev_metric": [
        1.0,
        0.9833333333333334,
        0.9166666666666667,
        0.95,
        0.9666666666666668,
        0.9833333333333334,
        1.0,
        1.0,
        1.0,
        1.0,
        1.0,
        1.0,
        1.0,
        1.0,
        1.0,
        1.0,
        1.0
    ],
    "test_metric": [
        0.8645833333333333,
        0.875,
        0.8541666666666666,
        0.8645833333333333,
        0.8645833333333334,
        0.8854166666666667,
        0.9375,
        0.9583333333333334,
        0.96875,
        0.96875,
        0.96875,
        0.9583333333333334,
        0.96875,
        0.96875,
        0.9583333333333334,
        0.9583333333333334,
        0.9583333333333334
    ],
    "tr_loss": [
        0.7771146297454834,
        0.5843135714530945,
        0.5381330847740173,
        0.5143420100212097,
        0.4413442015647888,
        0.42130032181739807,
        0.3480280041694641,
        0.29329362511634827,
        0.2583157420158386,
        0.2247777134180069,
        0.19699884951114655,
        0.15468062460422516,
        0.1570877730846405,
        0.13065817952156067,
        0.11952227354049683,
        0.1034727469086647,
        0.10308542847633362
    ]
}