{
    "args": {
        "model": "tv7.3",
        "output": "finetune_outputs/binclass-0.8/tv7.3-tuned/train_1333_ricci_vs_destefano",
        "dataset": "train_1333_ricci_vs_destefano",
        "task": "binclass",
        "batch_size": 64,
        "early_stop": 16,
        "reduce_data": 0.8
    },
    "device": "NVIDIA GeForce RTX 3090",
    "best_eval_score": 1.0,
    "final_test_score": 0.9020979020979021,
    "ev_metric": [
        1.0,
        1.0,
        1.0,
        1.0,
        1.0,
        1.0,
        1.0,
        1.0,
        1.0,
        1.0,
        1.0,
        1.0,
        1.0,
        1.0,
        1.0,
        1.0,
        1.0
    ],
    "test_metric": [
        0.9020979020979021,
        0.9020979020979021,
        0.9020979020979021,
        0.9020979020979021,
        0.9020979020979021,
        0.9090909090909091,
        0.9090909090909091,
        0.9090909090909091,
        0.9090909090909091,
        0.9090909090909091,
        0.9090909090909091,
        0.9090909090909091,
        0.9090909090909091,
        0.9090909090909091,
        0.9090909090909091,
        0.9090909090909091,
        0.9090909090909091
    ],
    "tr_loss": [
        0.6611363291740417,
        0.6608064770698547,
        0.6604754328727722,
        0.6601433157920837,
        0.6598100066184998,
        0.6594756245613098,
        0.6591400504112244,
        0.6588034629821777,
        0.6584658622741699,
        0.6581271886825562,
        0.6577874422073364,
        0.6574467420578003,
        0.6571049690246582,
        0.6567622423171997,
        0.65641850233078,
        0.6560737490653992,
        0.6557281017303467
    ],
    "tr_times": 1.6780946254730225,
    "ev_times": 0.0002110004425048828,
    "test_times": 0.00023293495178222656,
    "param_total_size": 56004,
    "param_total_count": 14001,
    "model_size": 82463
}