{
    "args": {
        "model": "tv7.3",
        "output": "finetune_outputs/binclass-0.8/tv7.3-tuned/train_0424_autoPrice",
        "dataset": "train_0424_autoPrice",
        "task": "binclass",
        "batch_size": 64,
        "early_stop": 16,
        "reduce_data": 0.8
    },
    "device": "NVIDIA GeForce RTX 3090",
    "best_eval_score": 1.0,
    "final_test_score": 0.9826839826839826,
    "ev_metric": [
        1.0,
        1.0,
        1.0,
        1.0,
        1.0,
        1.0,
        1.0,
        1.0,
        1.0,
        1.0,
        1.0,
        1.0,
        1.0,
        1.0,
        1.0,
        1.0,
        1.0
    ],
    "test_metric": [
        0.9826839826839826,
        0.9826839826839826,
        0.9826839826839826,
        0.9826839826839826,
        0.9826839826839826,
        0.9826839826839826,
        0.9826839826839826,
        0.9826839826839826,
        0.9826839826839826,
        0.9826839826839826,
        0.9826839826839826,
        0.9826839826839826,
        0.9826839826839826,
        0.9826839826839826,
        0.9826839826839826,
        0.9826839826839826,
        0.9826839826839826
    ],
    "tr_loss": [
        0.6366338729858398,
        0.6362112760543823,
        0.6357882022857666,
        0.6353656053543091,
        0.6349436640739441,
        0.6345221996307373,
        0.634100615978241,
        0.6336788535118103,
        0.6332570910453796,
        0.6328354477882385,
        0.6324129104614258,
        0.6319905519485474,
        0.6315677762031555,
        0.631145179271698,
        0.6307228207588196,
        0.6303009390830994,
        0.6298789978027344
    ],
    "tr_times": 1.4298350811004639,
    "ev_times": 0.00023746490478515625,
    "test_times": 0.00026679039001464844,
    "param_total_size": 57648,
    "param_total_count": 14412,
    "model_size": 76511
}