{
    "args": {
        "model": "tv7.4",
        "output": "finetune_outputs/binclass-0.8/tv7.4-tuned/train_0424_autoPrice",
        "dataset": "train_0424_autoPrice",
        "task": "binclass",
        "batch_size": 64,
        "early_stop": 16,
        "reduce_data": 0.8
    },
    "device": "NVIDIA GeForce RTX 3090",
    "best_eval_score": 1.0,
    "final_test_score": 0.9783549783549783,
    "ev_metric": [
        1.0,
        1.0,
        1.0,
        1.0,
        1.0,
        1.0,
        1.0,
        1.0,
        1.0,
        1.0,
        1.0,
        1.0,
        1.0,
        1.0,
        1.0,
        1.0,
        1.0
    ],
    "test_metric": [
        0.9783549783549783,
        0.9783549783549783,
        0.9783549783549783,
        0.9783549783549783,
        0.9783549783549783,
        0.9783549783549783,
        0.9783549783549783,
        0.9783549783549783,
        0.9783549783549783,
        0.9783549783549783,
        0.9783549783549783,
        0.9783549783549783,
        0.9783549783549783,
        0.9783549783549783,
        0.9783549783549783,
        0.9783549783549783,
        0.9783549783549783
    ],
    "tr_loss": [
        0.6388576030731201,
        0.6388172507286072,
        0.6387767791748047,
        0.6387364268302917,
        0.6386958956718445,
        0.638655424118042,
        0.6386150121688843,
        0.6385745406150818,
        0.6385340690612793,
        0.6384935975074768,
        0.6384531855583191,
        0.6384126543998718,
        0.6383721828460693,
        0.6383317112922668,
        0.6382911801338196,
        0.6382507085800171,
        0.6382101774215698
    ],
    "tr_times": 1.0054843425750732,
    "ev_times": 0.000186920166015625,
    "test_times": 0.00022077560424804688,
    "param_total_size": 53264,
    "param_total_count": 13316,
    "model_size": 74143
}