{
    "args": {
        "model": "dcnv2",
        "output": "finetune_outputs/binclass-0.8/dcnv2-tuned/train_1333_ricci_vs_destefano",
        "dataset": "train_1333_ricci_vs_destefano",
        "task": "binclass",
        "batch_size": 64,
        "early_stop": 16,
        "reduce_data": 0.8
    },
    "device": "NVIDIA GeForce RTX 3090",
    "best_eval_score": 1.0,
    "final_test_score": 0.7832167832167832,
    "ev_metric": [
        0.5,
        0.5,
        0.5,
        0.5,
        0.5,
        0.5,
        0.75,
        0.75,
        1.0,
        1.0,
        1.0,
        1.0,
        1.0,
        1.0,
        1.0,
        1.0,
        1.0,
        1.0,
        1.0,
        1.0,
        1.0,
        1.0,
        1.0,
        1.0,
        1.0
    ],
    "test_metric": [
        0.4755244755244755,
        0.5594405594405595,
        0.6433566433566433,
        0.6713286713286712,
        0.7342657342657343,
        0.7342657342657343,
        0.7622377622377623,
        0.7622377622377622,
        0.7832167832167832,
        0.7902097902097902,
        0.7762237762237763,
        0.7832167832167832,
        0.7762237762237764,
        0.7832167832167833,
        0.7832167832167833,
        0.7832167832167833,
        0.7832167832167833,
        0.7832167832167833,
        0.7832167832167833,
        0.7832167832167833,
        0.7832167832167833,
        0.7832167832167833,
        0.7832167832167833,
        0.7832167832167833,
        0.7832167832167833
    ],
    "tr_loss": [
        0.6970574855804443,
        0.6949982047080994,
        0.6950446963310242,
        0.6929293274879456,
        0.6884512305259705,
        0.6843467354774475,
        0.6853164434432983,
        0.6838914752006531,
        0.6764493584632874,
        0.674429714679718,
        0.6752992868423462,
        0.6754599213600159,
        0.6712477803230286,
        0.6690122485160828,
        0.6656736731529236,
        0.6614343523979187,
        0.6617554426193237,
        0.66009521484375,
        0.6576032042503357,
        0.6531116962432861,
        0.6526811122894287,
        0.6488397717475891,
        0.6491934657096863,
        0.6463492512702942,
        0.6445865631103516
    ],
    "tr_times": 0.32722949981689453,
    "ev_times": 0.00021386146545410156,
    "test_times": 0.000217437744140625,
    "param_total_size": 373232,
    "param_total_count": 93306,
    "model_size": 386129
}