{
    "args": {
        "model": "tv7.1",
        "output": "finetune_outputs/binclass-0.8/tv7.1-tuned/train_0437_quake",
        "dataset": "train_0437_quake",
        "task": "binclass",
        "batch_size": 64,
        "early_stop": 16,
        "reduce_data": 0.8
    },
    "device": "NVIDIA GeForce RTX 3090",
    "best_eval_score": 0.6269644334160464,
    "final_test_score": 0.5227592229700946,
    "ev_metric": [
        0.6269644334160464,
        0.6236559139784945,
        0.6195202646815549,
        0.6211745244003308,
        0.618693134822167,
        0.6203473945409429,
        0.619520264681555,
        0.6191066997518611,
        0.619520264681555,
        0.6211745244003308,
        0.618693134822167,
        0.6211745244003308,
        0.619520264681555,
        0.619520264681555,
        0.6220016542597188,
        0.6220016542597188,
        0.618693134822167
    ],
    "test_metric": [
        0.5227592229700946,
        0.5219285166567266,
        0.5208422084007838,
        0.5202884041918718,
        0.5185204907557298,
        0.5166886768339439,
        0.5157195194683479,
        0.5147610121836925,
        0.513696004089631,
        0.5121091420294794,
        0.5108311323166056,
        0.5100110760841783,
        0.510043026327,
        0.5097022237369004,
        0.5099365255175938,
        0.5095105222799693,
        0.5093401209849195
    ],
    "tr_loss": [
        0.703539001941681,
        0.7032587766647339,
        0.7026160478591919,
        0.7025072574615479,
        0.7024075984954834,
        0.7023051261901856,
        0.7019516706466675,
        0.7013917326927185,
        0.7007132053375245,
        0.7012326002120972,
        0.7003489971160889,
        0.7018535256385803,
        0.7005696415901184,
        0.7008812904357911,
        0.7010895252227783,
        0.7012331008911132,
        0.702535605430603
    ],
    "tr_times": 0.12974762916564941,
    "ev_times": 0.00028204917907714844,
    "test_times": 0.0003304481506347656,
    "param_total_size": 572376,
    "param_total_count": 143094
}