{
    "args": {
        "model": "tv7.3",
        "output": "finetune_outputs/binclass-0.8/tv7.3-tuned/bt_dataset_t3",
        "dataset": "bt_dataset_t3",
        "task": "binclass",
        "batch_size": 64,
        "early_stop": 16,
        "reduce_data": 0.8
    },
    "device": "NVIDIA GeForce RTX 3090",
    "best_eval_score": 0.8829787234042553,
    "final_test_score": 0.9236074270557029,
    "ev_metric": [
        0.8829787234042553,
        0.8829787234042553,
        0.8829787234042553,
        0.8829787234042553,
        0.8829787234042553,
        0.8794326241134752,
        0.875886524822695,
        0.875886524822695,
        0.875886524822695,
        0.875886524822695,
        0.875886524822695,
        0.875886524822695,
        0.875886524822695,
        0.875886524822695,
        0.875886524822695,
        0.875886524822695,
        0.875886524822695
    ],
    "test_metric": [
        0.9236074270557029,
        0.923342175066313,
        0.9229885057471265,
        0.9224580017683466,
        0.92210433244916,
        0.9217506631299734,
        0.9213085764809903,
        0.9210433244916003,
        0.9205128205128206,
        0.9202475685234306,
        0.9197170645446507,
        0.9190981432360743,
        0.9185676392572943,
        0.9184792219274978,
        0.9183023872679046,
        0.9178603006189213,
        0.9173297966401415
    ],
    "tr_loss": [
        0.6830846220254898,
        0.6827041804790497,
        0.6829120516777039,
        0.6815815716981888,
        0.6815700083971024,
        0.6805155724287033,
        0.6799745857715607,
        0.67958202958107,
        0.6791547387838364,
        0.6782386004924774,
        0.6775110960006714,
        0.6777500212192535,
        0.6757824420928955,
        0.6766726672649384,
        0.6770096570253372,
        0.6757734566926956,
        0.6752080172300339
    ],
    "tr_times": 4.934403657913208,
    "ev_times": 0.00017952919006347656,
    "test_times": 0.00022721290588378906,
    "param_total_size": 134052,
    "param_total_count": 33513,
    "model_size": 190559
}