{
    "args": {
        "output": "finetune_outputs/binclass-0.0/ftt-tuned/Employee Satisfaction Index",
        "dataset": "Employee Satisfaction Index",
        "task": "binclass",
        "batch_size": 64,
        "early_stop": 16,
        "reduce_data": 0.0
    },
    "device": "NVIDIA GeForce RTX 3090",
    "best_eval_score": 0.5808270676691729,
    "final_test_score": 0.4287434765154557,
    "ev_metric": [
        0.5758145363408522,
        0.5808270676691729,
        0.5802005012531329,
        0.5783208020050125,
        0.5720551378446116,
        0.5789473684210525,
        0.568922305764411,
        0.5614035087719298,
        0.555764411027569,
        0.543859649122807,
        0.5482456140350876,
        0.5545112781954887,
        0.5576441102756892,
        0.5601503759398496,
        0.5520050125313284,
        0.5494987468671679,
        0.5513784461152882,
        0.5432330827067668
    ],
    "test_metric": [
        0.46286631874749096,
        0.4287434765154557,
        0.4199116820553994,
        0.42071457246085914,
        0.41910879164993975,
        0.4203131272581293,
        0.4118827780008029,
        0.4227217984745082,
        0.423123243677238,
        0.423123243677238,
        0.4295463669209153,
        0.4423926134082698,
        0.4508229626655961,
        0.45965475712565235,
        0.4600562023283822,
        0.4492171818546768,
        0.44399839421918913,
        0.4423926134082698
    ],
    "tr_loss": [
        0.7002407073974609,
        0.7104963779449462,
        0.6987596273422241,
        0.6913653135299682,
        0.694496238231659,
        0.6877548694610596,
        0.6925394654273986,
        0.6901190757751465,
        0.6922641277313233,
        0.6809593439102173,
        0.6927489519119263,
        0.6853374004364013,
        0.6821207165718078,
        0.6876411437988281,
        0.6905977964401245,
        0.6869172334671021,
        0.6816937446594238,
        0.6637269616127014
    ]
}