{
    "args": {
        "model": "tv7.3",
        "output": "finetune_outputs/openml-0.8/tv7.3-tuned/1063",
        "dataset": "1063",
        "task": "openml",
        "batch_size": 64,
        "early_stop": 16,
        "reduce_data": 0.8
    },
    "device": "NVIDIA GeForce RTX 3090",
    "best_eval_score": 1.0,
    "final_test_score": 0.7596153846153846,
    "ev_metric": [
        1.0,
        1.0,
        1.0,
        1.0,
        1.0,
        1.0,
        1.0,
        1.0,
        1.0,
        1.0,
        1.0,
        1.0,
        1.0,
        1.0,
        1.0,
        1.0,
        1.0
    ],
    "test_metric": [
        0.7596153846153846,
        0.7596153846153846,
        0.7596153846153846,
        0.7596153846153846,
        0.7596153846153846,
        0.7596153846153846,
        0.7596153846153846,
        0.7596153846153846,
        0.7596153846153846,
        0.7596153846153846,
        0.7596153846153846,
        0.7596153846153846,
        0.7596153846153846,
        0.7596153846153846,
        0.7596153846153846,
        0.7596153846153846,
        0.7596153846153846
    ],
    "tr_loss": [
        0.5877481698989868,
        0.5877219438552856,
        0.5876957178115845,
        0.5876694917678833,
        0.5876432061195374,
        0.5876169800758362,
        0.5875906944274902,
        0.5875644087791443,
        0.5875381231307983,
        0.5875118970870972,
        0.5874855518341064,
        0.5874593257904053,
        0.5874329805374146,
        0.5874066352844238,
        0.5873803496360779,
        0.5873540043830872,
        0.5873276591300964
    ],
    "tr_times": 2.3053925037384033,
    "ev_times": 0.00018024444580078125,
    "test_times": 0.00019478797912597656,
    "param_total_size": 139948,
    "param_total_count": 34987,
    "model_size": 183647
}