{
    "args": {
        "model": "mlp",
        "output": "finetune_outputs/binclass-0.8/mlp-tuned/train_1413_shill-bidding",
        "dataset": "train_1413_shill-bidding",
        "task": "binclass",
        "batch_size": 64,
        "early_stop": 16,
        "reduce_data": 0.8
    },
    "device": "NVIDIA GeForce RTX 3090",
    "best_eval_score": 1.0,
    "final_test_score": 0.995850540806293,
    "ev_metric": [
        0.8706680060271221,
        0.997739829231542,
        0.9994977398292315,
        1.0,
        0.9989954796584631,
        0.9994977398292315,
        0.9992466097438474,
        1.0,
        1.0,
        1.0,
        1.0,
        1.0,
        1.0,
        1.0,
        1.0,
        1.0,
        1.0,
        1.0,
        1.0,
        1.0
    ],
    "test_metric": [
        0.8669485414618158,
        0.9919698459521469,
        0.9946771550311374,
        0.995850540806293,
        0.9953425106522451,
        0.9961029170763683,
        0.9960111438872501,
        0.9960930842346771,
        0.9959226483120288,
        0.9957915437561455,
        0.9958308751229106,
        0.9964470665355621,
        0.9961225827597509,
        0.9964405113077679,
        0.996401179941003,
        0.9962700753851197,
        0.9961324156014422,
        0.9961422484431334,
        0.9964339560799738,
        0.996401179941003
    ],
    "tr_loss": [
        0.6525868681760935,
        0.3467842237307475,
        0.20076694454138094,
        0.12062411984572044,
        0.09497077304583329,
        0.10076752899644467,
        0.0950619988143444,
        0.08641776406707671,
        0.08401265138616928,
        0.08452922965471561,
        0.079692770082217,
        0.04207537942392474,
        0.07214885935917874,
        0.021248773563824076,
        0.017694905959965233,
        0.008319511472319182,
        0.030278108696130894,
        0.01875046532278737,
        0.009751834695075208,
        0.004577909473272694
    ],
    "tr_times": 0.8145358562469482,
    "ev_times": 0.0003037452697753906,
    "test_times": 0.0004563331604003906,
    "param_total_size": 1781372,
    "param_total_count": 445341,
    "model_size": 1792205
}