{
    "args": {
        "model": "mlp",
        "output": "finetune_outputs/binclass-0.8/mlp-tuned/train_0509_pollen",
        "dataset": "train_0509_pollen",
        "task": "binclass",
        "batch_size": 64,
        "early_stop": 16,
        "reduce_data": 0.8
    },
    "device": "NVIDIA GeForce RTX 3090",
    "best_eval_score": 0.6117133791644632,
    "final_test_score": 0.49940293472761,
    "ev_metric": [
        0.5716552088841882,
        0.6117133791644632,
        0.44843997884717074,
        0.47263352723426766,
        0.4623215230037017,
        0.5419090428344792,
        0.5274986779481755,
        0.4898202009518773,
        0.4875727128503437,
        0.4805658381808568,
        0.5204918032786885,
        0.5281597038603913,
        0.4906134320465363,
        0.4001850872554204,
        0.5982284505552616,
        0.47911158117398195,
        0.5001322051824431,
        0.4654944473823375
    ],
    "test_metric": [
        0.5137696070163602,
        0.49940293472761,
        0.46107944004047896,
        0.5055355034575815,
        0.5114521841794569,
        0.5046314724236801,
        0.5107707876539045,
        0.4889020070838253,
        0.5087400910777534,
        0.5097250801146905,
        0.512973519986507,
        0.5024725923427222,
        0.49756114015854275,
        0.4948524203069658,
        0.5151020408163265,
        0.4963366503626244,
        0.4958677685950413,
        0.4926058357227189
    ],
    "tr_loss": [
        0.6951617151498795,
        0.696180447936058,
        0.6931512355804443,
        0.6941162720322609,
        0.6940188407897949,
        0.6935168728232384,
        0.6934904754161835,
        0.6930216699838638,
        0.6934061795473099,
        0.6934221386909485,
        0.693691611289978,
        0.6936044245958328,
        0.6934025660157204,
        0.6931203231215477,
        0.6933063939213753,
        0.6933524310588837,
        0.6933731585741043,
        0.6931720152497292
    ],
    "tr_times": 0.561229944229126,
    "ev_times": 0.0002353191375732422,
    "test_times": 0.00023818016052246094,
    "param_total_size": 1757484,
    "param_total_count": 439371,
    "model_size": 1767949
}