{
    "args": {
        "output": "finetune_outputs/openml-0.8/ftt-tuned/31",
        "dataset": "31",
        "task": "openml",
        "batch_size": 64,
        "early_stop": 16,
        "reduce_data": 0.8
    },
    "device": "NVIDIA GeForce RTX 3090",
    "best_eval_score": 0.5978835978835979,
    "final_test_score": 0.5411809523809524,
    "ev_metric": [
        0.5608465608465608,
        0.566137566137566,
        0.5608465608465608,
        0.5714285714285714,
        0.582010582010582,
        0.582010582010582,
        0.5767195767195767,
        0.5820105820105821,
        0.5714285714285714,
        0.5767195767195767,
        0.5714285714285714,
        0.582010582010582,
        0.5873015873015872,
        0.582010582010582,
        0.5873015873015873,
        0.5820105820105821,
        0.5820105820105821,
        0.5978835978835979,
        0.5925925925925926,
        0.5820105820105821,
        0.5714285714285714,
        0.5714285714285714,
        0.582010582010582,
        0.5767195767195767,
        0.5767195767195767,
        0.5661375661375662,
        0.5714285714285714,
        0.5714285714285714,
        0.5661375661375662,
        0.5555555555555556,
        0.5502645502645502,
        0.5502645502645502,
        0.5555555555555556,
        0.5502645502645502
    ],
    "test_metric": [
        0.5348571428571429,
        0.5416380952380953,
        0.545904761904762,
        0.5529142857142858,
        0.5585523809523809,
        0.5649523809523809,
        0.5673142857142857,
        0.5705523809523809,
        0.5724190476190476,
        0.5739428571428572,
        0.5732571428571429,
        0.5742476190476191,
        0.5728761904761904,
        0.5674666666666666,
        0.5594666666666667,
        0.5530666666666666,
        0.5458285714285714,
        0.5411809523809524,
        0.5382857142857143,
        0.5376761904761905,
        0.536304761904762,
        0.5352380952380952,
        0.534552380952381,
        0.5341714285714286,
        0.535847619047619,
        0.5369904761904761,
        0.5362285714285714,
        0.5353142857142857,
        0.5321904761904762,
        0.5311238095238094,
        0.5314285714285715,
        0.5315809523809524,
        0.5311238095238096,
        0.5300571428571429
    ],
    "tr_loss": [
        0.7225732505321503,
        0.7141766846179962,
        0.7230974435806274,
        0.7159284949302673,
        0.6992031633853912,
        0.7138567566871643,
        0.6962786614894867,
        0.6951772272586823,
        0.6756898164749146,
        0.6957090497016907,
        0.6845197379589081,
        0.6784859597682953,
        0.6748985648155212,
        0.6820045709609985,
        0.6587178409099579,
        0.6547388136386871,
        0.6626416146755219,
        0.683555394411087,
        0.635659396648407,
        0.6426745653152466,
        0.6467345058917999,
        0.658475935459137,
        0.6665598154067993,
        0.6367691457271576,
        0.6226094961166382,
        0.6242283880710602,
        0.6368556320667267,
        0.638437956571579,
        0.6449669301509857,
        0.6547591090202332,
        0.6570132970809937,
        0.6506387293338776,
        0.6277274489402771,
        0.6324052810668945
    ],
    "tr_times": 0.555131196975708,
    "ev_times": 0.0005526542663574219,
    "test_times": 0.0006356239318847656,
    "param_total_size": 281996,
    "param_total_count": 70486,
    "model_size": 302273
}