{
    "args": {
        "model": "tv7.4",
        "output": "finetune_outputs/binclass-0.8/tv7.4-tuned/piracydataset",
        "dataset": "piracydataset",
        "task": "binclass",
        "batch_size": 64,
        "early_stop": 16,
        "reduce_data": 0.8
    },
    "device": "NVIDIA GeForce RTX 3090",
    "best_eval_score": 0.8348348348348348,
    "final_test_score": 0.6301642810670135,
    "ev_metric": [
        0.8348348348348348,
        0.8348348348348348,
        0.8348348348348348,
        0.8348348348348348,
        0.8348348348348348,
        0.8348348348348348,
        0.8348348348348348,
        0.8348348348348348,
        0.8348348348348348,
        0.8348348348348348,
        0.8348348348348348,
        0.8348348348348348,
        0.8318318318318318,
        0.8318318318318318,
        0.8318318318318318,
        0.8318318318318318,
        0.8318318318318318
    ],
    "test_metric": [
        0.6301642810670135,
        0.6296763175016264,
        0.629432335718933,
        0.6300829538061158,
        0.6303269355888094,
        0.6291883539362394,
        0.6291070266753416,
        0.6291070266753416,
        0.6291070266753416,
        0.6291070266753416,
        0.6291070266753416,
        0.6291070266753416,
        0.6278871177618737,
        0.6291070266753415,
        0.6281310995445673,
        0.6261792452830188,
        0.6173959011060507
    ],
    "tr_loss": [
        0.6840219696362814,
        0.6828563412030538,
        0.681506355603536,
        0.6806083917617798,
        0.6797626813252767,
        0.678616484006246,
        0.6774112582206726,
        0.6763352553049723,
        0.6759040554364523,
        0.6745366056760153,
        0.6740108132362366,
        0.6728970805803934,
        0.6714601914087931,
        0.6710469524065653,
        0.6699992418289185,
        0.6689779957135519,
        0.667943517367045
    ],
    "tr_times": 0.6269283294677734,
    "ev_times": 0.00018978118896484375,
    "test_times": 0.0002219676971435547,
    "param_total_size": 100180,
    "param_total_count": 25044,
    "model_size": 132957
}