{
    "args": {
        "output": "finetune_outputs/binclass-0.0/ftt-tuned/train_2619_sf-police-incidents_seed_0_nrows_2000_nclasses_10_ncols_100_stratify_True",
        "dataset": "train_2619_sf-police-incidents_seed_0_nrows_2000_nclasses_10_ncols_100_stratify_True",
        "task": "binclass",
        "batch_size": 64,
        "early_stop": 16,
        "reduce_data": 0.0
    },
    "device": "NVIDIA GeForce RTX 3090",
    "best_eval_score": 0.6318094716671229,
    "final_test_score": 0.5209023780452351,
    "ev_metric": [
        0.558445113605256,
        0.5639200656994251,
        0.6188520850442558,
        0.6047084588009854,
        0.591842321379688,
        0.6076284332512091,
        0.5759649603065973,
        0.577424947531709,
        0.5889223469294643,
        0.5779724427411261,
        0.5776074459348481,
        0.6318094716671229,
        0.6188520850442558,
        0.6085409252669038,
        0.5773336983301396,
        0.5831736472305867,
        0.5687562733826079,
        0.5603613468382151,
        0.6134683821516562,
        0.5905648325577151,
        0.5693950177935942,
        0.5332603339720778,
        0.538552787663108,
        0.5864586184870882,
        0.5576238707911306,
        0.5481339538279041,
        0.5359065608175928,
        0.5122730176110959
    ],
    "test_metric": [
        0.5395081109366824,
        0.5408453979882551,
        0.5314262457119601,
        0.5563695563695563,
        0.5564276992848421,
        0.5451479737194023,
        0.5242165242165242,
        0.5492761207046921,
        0.518111518111518,
        0.5127623699052271,
        0.4968893540322112,
        0.5209023780452351,
        0.5169486598058026,
        0.5456131170416885,
        0.514041514041514,
        0.5357288214431071,
        0.5217745217745218,
        0.5082272225129368,
        0.5389848246991105,
        0.5220652363509506,
        0.5299726728298157,
        0.5175882318739462,
        0.5359613931042503,
        0.5659049944764231,
        0.5465434036862608,
        0.5420082562939706,
        0.5182278039420897,
        0.5484621198906914
    ],
    "tr_loss": [
        0.4029971607029438,
        0.3684008285403252,
        0.36935720816254614,
        0.37460425198078157,
        0.36778116747736933,
        0.3594855315983295,
        0.3628883227705956,
        0.35447563976049423,
        0.3592060349881649,
        0.3496305584907532,
        0.35334999933838845,
        0.3403824344277382,
        0.340017469227314,
        0.3309977874159813,
        0.33204747289419173,
        0.32680619060993193,
        0.3164821296930313,
        0.3097836509346962,
        0.3114883966743946,
        0.3239223822951317,
        0.29252731129527093,
        0.29296363815665244,
        0.2867906212806702,
        0.2888173311948776,
        0.29127988740801813,
        0.2865907624363899,
        0.27606426924467087,
        0.27065534740686414
    ]
}