{
    "args": {
        "model": "xgboost",
        "output": "finetune_outputs/openml-0.8/xgboost-tuned/1485",
        "dataset": "1485",
        "task": "openml",
        "reduce_data": 0.8
    },
    "device": "NVIDIA GeForce RTX 3090",
    "configs": {
        "metric": "roc_auc",
        "eval_score": 0.7521367521367521,
        "n_trial": 12,
        "dataset": "1485",
        "model": {
            "booster": "gbtree",
            "n_estimators": 2000,
            "n_jobs": -1,
            "tree_method": "hist",
            "alpha": 0.18195476434032465,
            "colsample_bylevel": 0.8366227943722984,
            "colsample_bytree": 0.990647317643484,
            "gamma": 3.2395003834908893e-06,
            "lambda": 1.2008831719250626,
            "learning_rate": 0.00014331810603603176,
            "max_depth": 5,
            "min_child_weight": 2.1665321218412756e-05,
            "subsample": 0.8915983035741559
        },
        "training": {
            "early_stopping_rounds": 20,
            "verbose": false,
            "eval_metric": "error"
        }
    },
    "best_eval_score": 0.7521367521367521,
    "final_test_score": 0.6327384615384615,
    "tr_times": 0.17252016067504883,
    "ev_times": 0.0002579689025878906,
    "test_times": 0.00036907196044921875,
    "param_total_size": 0,
    "param_total_count": 0,
    "model_size": 114304
}