{
    "args": {
        "output": "finetune_outputs/binclass-0.0/ftt-tuned/BankNoteAuthentication",
        "dataset": "BankNoteAuthentication",
        "task": "binclass",
        "batch_size": 64,
        "early_stop": 16,
        "reduce_data": 0.0
    },
    "device": "NVIDIA GeForce RTX 3090",
    "best_eval_score": 1.0,
    "final_test_score": 0.9997321332904747,
    "ev_metric": [
        0.9661257945801272,
        0.9826865172298428,
        0.9924723987955838,
        0.9977417196386752,
        0.9996654399464704,
        1.0,
        1.0,
        1.0,
        1.0,
        1.0,
        1.0,
        1.0,
        1.0,
        1.0
    ],
    "test_metric": [
        0.9530161791492553,
        0.9754098360655737,
        0.9885888781742205,
        0.99608914604093,
        0.9990356798457087,
        0.9997321332904747,
        1.0,
        1.0,
        1.0,
        1.0,
        1.0,
        1.0,
        1.0,
        1.0
    ],
    "tr_loss": [
        0.6218809208699635,
        0.44200459122657776,
        0.30374485680035185,
        0.2152987058673586,
        0.156577395009143,
        0.12039557525089808,
        0.09488727578095027,
        0.07358821747558457,
        0.06301973254552909,
        0.04971931156303201,
        0.047930940985679626,
        0.04163268341549805,
        0.03675659666103976,
        0.035021930267768245
    ]
}