{
    "args": {
        "model": "tv7.3",
        "output": "finetune_outputs/binclass-0.8/tv7.3-tuned/train_2621_sf-police-incidents_seed_2_nrows_2000_nclasses_10_ncols_100_stratify_True",
        "dataset": "train_2621_sf-police-incidents_seed_2_nrows_2000_nclasses_10_ncols_100_stratify_True",
        "task": "binclass",
        "batch_size": 64,
        "early_stop": 16,
        "reduce_data": 0.8
    },
    "device": "NVIDIA GeForce RTX 3090",
    "best_eval_score": 0.4441964285714286,
    "final_test_score": 0.4742717599860457,
    "ev_metric": [
        0.4441964285714286,
        0.4441964285714286,
        0.43973214285714285,
        0.4308035714285714,
        0.4263392857142857,
        0.4263392857142857,
        0.4241071428571429,
        0.4263392857142857,
        0.4263392857142857,
        0.4263392857142857,
        0.421875,
        0.4174107142857143,
        0.41294642857142855,
        0.40848214285714285,
        0.40401785714285715,
        0.40401785714285715,
        0.39955357142857145
    ],
    "test_metric": [
        0.4742717599860457,
        0.473167044595616,
        0.4718297575440432,
        0.47148090005232857,
        0.47020175591604163,
        0.4692133263561835,
        0.46805046805046807,
        0.4677597534740392,
        0.4673527530670388,
        0.46636432350718066,
        0.4654340368626083,
        0.4645328216756788,
        0.4642130356416071,
        0.4639223210651782,
        0.4635734635734635,
        0.46310832025117743,
        0.46223617652189086
    ],
    "tr_loss": [
        0.6882413178682327,
        0.6869996786117554,
        0.6857073605060577,
        0.6844474077224731,
        0.6832406371831894,
        0.6819774359464645,
        0.6807338893413544,
        0.679541289806366,
        0.6782877743244171,
        0.6770607233047485,
        0.6758464574813843,
        0.674655020236969,
        0.6734451651573181,
        0.6722301989793777,
        0.6710258424282074,
        0.6698251813650131,
        0.6686389595270157
    ],
    "tr_times": 1.2443389892578125,
    "ev_times": 0.00023984909057617188,
    "test_times": 0.0006561279296875,
    "param_total_size": 17020,
    "param_total_count": 4255,
    "model_size": 28127
}