{
    "args": {
        "model": "tv7.1",
        "output": "finetune_outputs/binclass-0.8/tv7.1-tuned/Bank_Personal_Loan_Modelling",
        "dataset": "Bank_Personal_Loan_Modelling",
        "task": "binclass",
        "batch_size": 64,
        "early_stop": 16,
        "reduce_data": 0.8
    },
    "device": "NVIDIA GeForce RTX 3090",
    "best_eval_score": 0.502824326868763,
    "final_test_score": 0.5133043302306759,
    "ev_metric": [
        0.502824326868763,
        0.5012238749764639,
        0.5026360384108454,
        0.5012238749764639,
        0.5016945961212579,
        0.49887026925249484,
        0.498399548107701,
        0.4977405385049896,
        0.4976463942760309,
        0.4976463942760309,
        0.4970815289022783,
        0.4967049519864432,
        0.4925626059122576,
        0.48907926944078334,
        0.4868198079457729,
        0.48710224063264923,
        0.4880436829222368
    ],
    "test_metric": [
        0.5133043302306759,
        0.5135404019964926,
        0.5138535584205354,
        0.5142919774141951,
        0.5142582528762213,
        0.5143979688192557,
        0.5143570175945733,
        0.5143690620724211,
        0.5147400319901332,
        0.5151374997591104,
        0.5153229847179666,
        0.5156240966641614,
        0.5159613420438998,
        0.5162961785280684,
        0.5160239733287082,
        0.5163130407970553,
        0.5165250236071766
    ],
    "tr_loss": [
        0.7004020035266876,
        0.7003283560276031,
        0.7002552151679993,
        0.7001792252063751,
        0.7001068711280822,
        0.7000357151031494,
        0.699963653087616,
        0.6998896539211273,
        0.6998173117637634,
        0.699747234582901,
        0.6996738135814666,
        0.6996052622795105,
        0.6995313048362732,
        0.699460357427597,
        0.6993903398513794,
        0.6993193566799164,
        0.6992502093315125
    ],
    "tr_times": 0.3418102264404297,
    "ev_times": 0.0003960132598876953,
    "test_times": 0.000423431396484375,
    "param_total_size": 4033228,
    "param_total_count": 1008301
}