{
    "args": {
        "model": "tv7.2",
        "output": "finetune_outputs/binclass-0.8/tv7.2-tuned/train_1736_combined-wine-data",
        "dataset": "train_1736_combined-wine-data",
        "task": "binclass",
        "batch_size": 64,
        "early_stop": 16,
        "reduce_data": 0.8
    },
    "device": "NVIDIA GeForce RTX 3090",
    "best_eval_score": 0.9998751092793805,
    "final_test_score": 0.9937595663265306,
    "ev_metric": [
        0.9998751092793805,
        0.9996253278381415,
        0.9996253278381416,
        0.9996253278381416,
        0.9995004371175221,
        0.9995004371175221,
        0.9995004371175221,
        0.9995004371175221,
        0.9995004371175221,
        0.9995004371175222,
        0.9996253278381417,
        0.9996253278381417,
        0.9996253278381417,
        0.9997502185587611,
        0.999750218558761,
        0.999750218558761,
        0.999750218558761
    ],
    "test_metric": [
        0.9937595663265306,
        0.9938297193877551,
        0.993890306122449,
        0.9940497448979592,
        0.9942187499999999,
        0.9944196428571429,
        0.9946205357142857,
        0.9948788265306123,
        0.9951116071428571,
        0.9953316326530612,
        0.9954209183673469,
        0.9954815051020407,
        0.9954591836734693,
        0.9954878826530612,
        0.995484693877551,
        0.9953858418367347,
        0.9953093112244897
    ],
    "tr_loss": [
        0.6362795829772949,
        0.6229823231697083,
        0.6085173120865455,
        0.5935246577629676,
        0.5782750982504624,
        0.563173926793612,
        0.5486646340443537,
        0.5351765430890597,
        0.5227482502277081,
        0.5115766937916095,
        0.5014385053744683,
        0.4924876116789304,
        0.4843222430119148,
        0.4770455864759592,
        0.4704286524882683,
        0.46435959064043486,
        0.45887975967847383
    ],
    "tr_times": 16.15731644630432,
    "ev_times": 0.0002548694610595703,
    "test_times": 0.0007672309875488281,
    "param_total_size": 1890100,
    "param_total_count": 472524,
    "model_size": 2679453
}