{
    "metric": "roc_auc",
    "eval_score": 0.9459791476359971,
    "n_trial": 32,
    "dataset": "1461",
    "model": {
        "attention_dropout": 0.4402061310133861,
        "d_ffn_factor": 1.4720143437953912,
        "d_token": 104,
        "ffn_dropout": 0.12638283729105595,
        "n_blocks": 3,
        "residual_dropout": 0.061490764577261846
    },
    "training": {
        "batch_size": 64,
        "eval_batch_size": 64,
        "optimizer": "adamw",
        "lr": 0.00019211605481123776,
        "weight_decay": 2.748894931597357e-06
    }
}