{
    "args": {
        "model": "tv7.3",
        "output": "finetune_outputs/binclass-0.8/tv7.3-tuned/train_1752_Wisconsin-breast-cancer-cytology-features",
        "dataset": "train_1752_Wisconsin-breast-cancer-cytology-features",
        "task": "binclass",
        "batch_size": 64,
        "early_stop": 16,
        "reduce_data": 0.8
    },
    "device": "NVIDIA GeForce RTX 3090",
    "best_eval_score": 1.0,
    "final_test_score": 0.9889039855072463,
    "ev_metric": [
        1.0,
        1.0,
        1.0,
        1.0,
        1.0,
        1.0,
        1.0,
        1.0,
        1.0,
        1.0,
        1.0,
        1.0,
        1.0,
        1.0,
        1.0,
        1.0,
        1.0
    ],
    "test_metric": [
        0.9889039855072463,
        0.9889039855072463,
        0.9889039855072463,
        0.9889039855072463,
        0.9889039855072463,
        0.9889039855072463,
        0.9889039855072463,
        0.9889039855072463,
        0.988677536231884,
        0.9889039855072463,
        0.9889039855072463,
        0.9889039855072463,
        0.9889039855072463,
        0.9889039855072463,
        0.9889039855072463,
        0.9889039855072463,
        0.9889039855072463
    ],
    "tr_loss": [
        0.630278617143631,
        0.6342862248420715,
        0.6323333084583282,
        0.6295792460441589,
        0.6309826374053955,
        0.6307460963726044,
        0.6315305531024933,
        0.6275826096534729,
        0.6322736144065857,
        0.6294226944446564,
        0.6294877231121063,
        0.6283211410045624,
        0.6320822238922119,
        0.6272090077400208,
        0.6287503838539124,
        0.6304366588592529,
        0.630744606256485
    ],
    "tr_times": 4.193165063858032,
    "ev_times": 0.00018835067749023438,
    "test_times": 0.00022149085998535156,
    "param_total_size": 163964,
    "param_total_count": 40991,
    "model_size": 235999
}