{
    "args": {
        "model": "tv7.4",
        "output": "finetune_outputs/binclass-0.8/tv7.4-tuned/diabetes_data_upload",
        "dataset": "diabetes_data_upload",
        "task": "binclass",
        "batch_size": 64,
        "early_stop": 16,
        "reduce_data": 0.8
    },
    "device": "NVIDIA GeForce RTX 3090",
    "best_eval_score": 1.0,
    "final_test_score": 0.959765625,
    "ev_metric": [
        1.0,
        1.0,
        1.0,
        1.0,
        1.0,
        1.0,
        1.0,
        1.0,
        1.0,
        1.0,
        1.0,
        1.0,
        1.0,
        1.0,
        1.0,
        1.0,
        1.0
    ],
    "test_metric": [
        0.959765625,
        0.9597656250000001,
        0.9625,
        0.9628906250000001,
        0.9640625,
        0.964453125,
        0.964453125,
        0.966015625,
        0.96796875,
        0.9687499999999999,
        0.96875,
        0.96953125,
        0.9718749999999999,
        0.972265625,
        0.97265625,
        0.9722656249999999,
        0.9722656249999999
    ],
    "tr_loss": [
        0.6575645208358765,
        0.6693069338798523,
        0.6378651261329651,
        0.6303437948226929,
        0.6581400334835052,
        0.6423653662204742,
        0.6486330330371857,
        0.6343725621700287,
        0.6309249401092529,
        0.6318109631538391,
        0.6266307830810547,
        0.6648509502410889,
        0.6356883645057678,
        0.660499781370163,
        0.6561138331890106,
        0.622437983751297,
        0.6504970192909241
    ],
    "tr_times": 0.04180574417114258,
    "ev_times": 0.00019478797912597656,
    "test_times": 0.00021147727966308594,
    "param_total_size": 2419064,
    "param_total_count": 604751,
    "model_size": 2450205
}