{
    "metric": "roc_auc",
    "eval_score": 0.87451171875,
    "n_trial": 54,
    "dataset": "train_2308_electricity_seed_4_nrows_2000_nclasses_10_ncols_100_stratify_True",
    "model": {
        "n_layers": 14,
        "first_dim": 249,
        "mid_dim": 429,
        "last_dim": 125,
        "dropout": 0.3789983074505946,
        "d_embedding": 123
    },
    "training": {
        "batch_size": 64,
        "eval_batch_size": 64,
        "optimizer": "adamw",
        "lr": 0.00795241865440921,
        "weight_decay": 3.4095300928865456e-05
    }
}