{
    "args": {
        "output": "finetune_outputs/binclass-0.8/ftt-tuned/train_2620_sf-police-incidents_seed_1_nrows_2000_nclasses_10_ncols_100_stratify_True",
        "dataset": "train_2620_sf-police-incidents_seed_1_nrows_2000_nclasses_10_ncols_100_stratify_True",
        "task": "binclass",
        "batch_size": 64,
        "early_stop": 16,
        "reduce_data": 0.8
    },
    "device": "NVIDIA GeForce RTX 3090",
    "best_eval_score": 0.5044642857142858,
    "final_test_score": 0.5363683935112505,
    "ev_metric": [
        0.4642857142857143,
        0.4575892857142857,
        0.453125,
        0.4375,
        0.44419642857142855,
        0.4330357142857143,
        0.4419642857142857,
        0.4598214285714286,
        0.47767857142857145,
        0.4977678571428572,
        0.5044642857142858,
        0.49330357142857145,
        0.4821428571428571,
        0.47098214285714285,
        0.4665178571428571,
        0.4553571428571429,
        0.4508928571428571,
        0.4486607142857143,
        0.4441964285714286,
        0.43973214285714285,
        0.43973214285714285,
        0.43973214285714285,
        0.4419642857142857,
        0.44419642857142855,
        0.4486607142857143,
        0.4441964285714286,
        0.44419642857142855
    ],
    "test_metric": [
        0.4518867376010233,
        0.47165532879818595,
        0.48392348392348394,
        0.49595906738763884,
        0.5027036455607884,
        0.5117739403453689,
        0.5225303796732368,
        0.5262515262515262,
        0.5324728181871039,
        0.5381708238851096,
        0.5363683935112505,
        0.5370079655793941,
        0.5368335368335369,
        0.5356706785278214,
        0.5378219663933949,
        0.5380545380545381,
        0.5397406825978255,
        0.5414849700563986,
        0.5418338275481134,
        0.5404965404965405,
        0.54008954008954,
        0.5396243967672539,
        0.5401476830048259,
        0.5423571137856852,
        0.5445665445665445,
        0.5470666899238328,
        0.5473574045002616
    ],
    "tr_loss": [
        0.6116766631603241,
        0.5753893703222275,
        0.5449178144335747,
        0.5271637588739395,
        0.5014433413743973,
        0.4960378557443619,
        0.4727421775460243,
        0.46346598118543625,
        0.46291954815387726,
        0.44522327929735184,
        0.4396429806947708,
        0.4323134198784828,
        0.4240220636129379,
        0.41624435782432556,
        0.4112250655889511,
        0.40933068841695786,
        0.40789201110601425,
        0.40559831261634827,
        0.4008399099111557,
        0.3994598463177681,
        0.3910822495818138,
        0.39269043505191803,
        0.388774998486042,
        0.38567815721035004,
        0.38744012266397476,
        0.3807195648550987,
        0.38105469197034836
    ],
    "tr_times": 0.6399638652801514,
    "ev_times": 0.0005764961242675781,
    "test_times": 0.0006504058837890625,
    "param_total_size": 315628,
    "param_total_count": 78904,
    "model_size": 336641
}