{
    "args": {
        "model": "tv7.1",
        "output": "finetune_outputs/binclass-0.8/tv7.1-tuned/train_0445_arsenic-male-bladder",
        "dataset": "train_0445_arsenic-male-bladder",
        "task": "binclass",
        "batch_size": 64,
        "early_stop": 16,
        "reduce_data": 0.8
    },
    "device": "NVIDIA GeForce RTX 3090",
    "best_eval_score": 1.0,
    "final_test_score": 0.7551401869158878,
    "ev_metric": [
        1.0,
        1.0,
        1.0,
        1.0,
        1.0,
        1.0,
        1.0,
        1.0,
        1.0,
        1.0,
        1.0,
        1.0,
        1.0,
        1.0,
        1.0,
        1.0,
        1.0
    ],
    "test_metric": [
        0.7551401869158878,
        0.7551401869158878,
        0.7551401869158878,
        0.7551401869158878,
        0.7551401869158878,
        0.7551401869158878,
        0.7570093457943925,
        0.7570093457943925,
        0.7570093457943925,
        0.7570093457943925,
        0.7570093457943925,
        0.7570093457943925,
        0.7570093457943925,
        0.7570093457943925,
        0.7570093457943925,
        0.7588785046728971,
        0.7588785046728971
    ],
    "tr_loss": [
        0.6136883199214935,
        0.6024533212184906,
        0.6066458523273468,
        0.6094129681587219,
        0.61856609582901,
        0.6050937175750732,
        0.6118257939815521,
        0.6140272319316864,
        0.6137769818305969,
        0.6108803153038025,
        0.6069380342960358,
        0.6317136287689209,
        0.6072493493556976,
        0.6226972043514252,
        0.6053276658058167,
        0.607708752155304,
        0.6082668006420135
    ],
    "tr_times": 0.3518180847167969,
    "ev_times": 0.0002753734588623047,
    "test_times": 0.0002384185791015625,
    "param_total_size": 214884,
    "param_total_count": 53721
}