{
    "metric": "roc_auc",
    "eval_score": 0.7232084155161079,
    "n_trial": 50,
    "dataset": "1485",
    "model": {
        "attention_dropout": 0.05697422165693324,
        "d_ffn_factor": 1.7651159632985434,
        "d_token": 192,
        "ffn_dropout": 0.2411839007270206,
        "n_blocks": 1,
        "residual_dropout": 0.07861106797506218
    },
    "training": {
        "batch_size": 64,
        "eval_batch_size": 64,
        "optimizer": "adamw",
        "lr": 0.0006697744417470013,
        "weight_decay": 0.0001897446078356411
    }
}