{
    "args": {
        "output": "finetune_outputs/binclass-0.8/ftt-tuned/audit_data",
        "dataset": "audit_data",
        "task": "binclass",
        "batch_size": 64,
        "early_stop": 16,
        "reduce_data": 0.8
    },
    "device": "NVIDIA GeForce RTX 3090",
    "best_eval_score": 1.0,
    "final_test_score": 0.8795513373597929,
    "ev_metric": [
        0.7333333333333334,
        0.88,
        0.96,
        0.9933333333333334,
        1.0,
        1.0,
        1.0,
        1.0,
        1.0,
        1.0,
        1.0,
        1.0,
        1.0,
        1.0,
        1.0,
        1.0,
        1.0,
        1.0,
        1.0,
        1.0,
        1.0
    ],
    "test_metric": [
        0.49145815358067296,
        0.6543572044866263,
        0.7699741156169112,
        0.8352027610008629,
        0.8795513373597929,
        0.902502157031924,
        0.9188955996548749,
        0.9268334771354616,
        0.933390854184642,
        0.9378774805867126,
        0.9454702329594478,
        0.9515099223468507,
        0.9584124245038826,
        0.9630716134598791,
        0.9663503019844694,
        0.9704918032786886,
        0.9729076790336497,
        0.9737704918032787,
        0.9763589301121656,
        0.9779119930974979,
        0.9794650560828301
    ],
    "tr_loss": [
        0.7273655831813812,
        0.7021576762199402,
        0.7207241952419281,
        0.7176611125469208,
        0.7001129686832428,
        0.7172025442123413,
        0.7124713063240051,
        0.6675730347633362,
        0.6738819479942322,
        0.6903789639472961,
        0.6716685593128204,
        0.6885633766651154,
        0.6524505615234375,
        0.6745927631855011,
        0.6959603428840637,
        0.681792140007019,
        0.6721091866493225,
        0.6625604331493378,
        0.6513949930667877,
        0.6621884405612946,
        0.6032409071922302
    ],
    "tr_times": 0.43443942070007324,
    "ev_times": 0.0005309581756591797,
    "test_times": 0.0005762577056884766,
    "param_total_size": 1665612,
    "param_total_count": 416400,
    "model_size": 1686657
}