{
    "args": {
        "output": "finetune_outputs/binclass-0.0/ftt-tuned/train_0885_compas-two-years",
        "dataset": "train_0885_compas-two-years",
        "task": "binclass",
        "batch_size": 64,
        "early_stop": 16,
        "reduce_data": 0.0
    },
    "device": "NVIDIA GeForce RTX 3090",
    "best_eval_score": 0.7235628823317741,
    "final_test_score": 0.7440546679000659,
    "ev_metric": [
        0.7129278742353364,
        0.7128463476070529,
        0.7175748920474991,
        0.7210327455919396,
        0.7235628823317741,
        0.7225536388988845,
        0.7173387459517813,
        0.7195652662828356,
        0.7197732997481109,
        0.7211536299028428,
        0.7157841174883052,
        0.7151094143576826,
        0.7176423623605613,
        0.7154720672903923,
        0.7179853364519612,
        0.7166977779776897,
        0.7164166516732636,
        0.7166303076646275
    ],
    "test_metric": [
        0.7348761621608003,
        0.7430378334407158,
        0.7443390216072823,
        0.744304827174136,
        0.7440546679000659,
        0.7476666798645182,
        0.7412867185222246,
        0.7448285419133767,
        0.7453198619264784,
        0.745267670423255,
        0.7457625898503724,
        0.7474075220554094,
        0.7461927198252125,
        0.7481184063234505,
        0.7473373334821092,
        0.7483145743872899,
        0.7437091241545877,
        0.7444164090086134
    ],
    "tr_loss": [
        0.6546743107291887,
        0.6146868186176948,
        0.6123549555832485,
        0.6124497067253545,
        0.6092015122467617,
        0.605131430445977,
        0.6018311403832346,
        0.6072817276108939,
        0.604111243531389,
        0.600027508330795,
        0.6053135113896064,
        0.6113008356319284,
        0.5995339931182142,
        0.6075975557543197,
        0.6020367842800213,
        0.6038752574965639,
        0.6015219396015383,
        0.5994311368690347
    ]
}