{
    "args": {
        "model": "tv7.2",
        "output": "finetune_outputs/binclass-0.8/tv7.2-tuned/train_0472_analcatdata_marketing",
        "dataset": "train_0472_analcatdata_marketing",
        "task": "binclass",
        "batch_size": 64,
        "early_stop": 16,
        "reduce_data": 0.8
    },
    "device": "NVIDIA GeForce RTX 3090",
    "best_eval_score": 0.46875,
    "final_test_score": 0.4765217391304348,
    "ev_metric": [
        0.375,
        0.40625,
        0.4375,
        0.4375,
        0.4375,
        0.4375,
        0.4375,
        0.4375,
        0.46875,
        0.46875,
        0.46875,
        0.46875,
        0.46875,
        0.46875,
        0.46875,
        0.4375,
        0.4375,
        0.4375,
        0.4375,
        0.4375,
        0.4375,
        0.4375,
        0.46875,
        0.46875,
        0.46875
    ],
    "test_metric": [
        0.4765217391304348,
        0.4765217391304348,
        0.471304347826087,
        0.4765217391304347,
        0.4756521739130435,
        0.4791304347826087,
        0.4808695652173913,
        0.47739130434782606,
        0.4765217391304348,
        0.4747826086956522,
        0.47913043478260864,
        0.47739130434782606,
        0.47565217391304343,
        0.47391304347826085,
        0.4765217391304348,
        0.4739130434782608,
        0.47391304347826085,
        0.47478260869565214,
        0.4765217391304348,
        0.47739130434782606,
        0.48173913043478256,
        0.48086956521739127,
        0.48173913043478256,
        0.4817391304347826,
        0.4817391304347826
    ],
    "tr_loss": [
        0.6909961700439453,
        0.6905555725097656,
        0.6901053786277771,
        0.6896451115608215,
        0.6891741752624512,
        0.688692033290863,
        0.6881980895996094,
        0.6876915693283081,
        0.6871720552444458,
        0.6866388320922852,
        0.6860913038253784,
        0.6855288147926331,
        0.6849508881568909,
        0.6843569278717041,
        0.683746337890625,
        0.6831187605857849,
        0.6824734210968018,
        0.6818100214004517,
        0.6811280846595764,
        0.6804271936416626,
        0.6797069311141968,
        0.678966760635376,
        0.6782065033912659,
        0.6774258017539978,
        0.6766244769096375
    ],
    "tr_times": 0.035180091857910156,
    "ev_times": 0.0002486705780029297,
    "test_times": 0.0002589225769042969,
    "param_total_size": 359052,
    "param_total_count": 89754,
    "model_size": 370973
}