{
    "args": {
        "model": "mlp",
        "output": "finetune_outputs/openml-0.8/mlp-tuned/1464",
        "dataset": "1464",
        "task": "openml",
        "batch_size": 64,
        "early_stop": 16,
        "reduce_data": 0.8
    },
    "device": "NVIDIA GeForce RTX 3090",
    "best_eval_score": 0.3529411764705882,
    "final_test_score": 0.4427844882390336,
    "ev_metric": [
        0.3529411764705882,
        0.3431372549019608,
        0.3431372549019608,
        0.33333333333333337,
        0.33333333333333337,
        0.33333333333333337,
        0.33333333333333337,
        0.33333333333333337,
        0.33333333333333337,
        0.33333333333333337,
        0.33333333333333337,
        0.33333333333333337,
        0.33333333333333337,
        0.33333333333333337,
        0.33333333333333337,
        0.33333333333333337,
        0.33333333333333337
    ],
    "test_metric": [
        0.4427844882390336,
        0.4445327399872854,
        0.44421487603305787,
        0.4462809917355372,
        0.44723458359822,
        0.4477113795295614,
        0.44882390336935796,
        0.45136681500317866,
        0.4523204068658614,
        0.4551811824539097,
        0.4583598219961856,
        0.46106166560712014,
        0.46392244119516846,
        0.46614748887476154,
        0.46869040050858235,
        0.46932612841703747,
        0.47075651621106174
    ],
    "tr_loss": [
        0.6796891689300537,
        0.6786499917507172,
        0.6706020534038544,
        0.6755862534046173,
        0.6750757694244385,
        0.6662542521953583,
        0.6681956052780151,
        0.6735919117927551,
        0.6613127887248993,
        0.6592086255550385,
        0.6628734469413757,
        0.6612778902053833,
        0.6627248227596283,
        0.6575207412242889,
        0.660470724105835,
        0.6509251892566681,
        0.648330807685852
    ],
    "tr_times": 0.3229639530181885,
    "ev_times": 8.0108642578125e-05,
    "test_times": 8.0108642578125e-05,
    "param_total_size": 355988,
    "param_total_count": 88997,
    "model_size": 359079
}