{
    "args": {
        "output": "finetune_outputs/binclass-0.0/ftt-tuned/train_2389_airlines_seed_0_nrows_2000_nclasses_10_ncols_100_stratify_True",
        "dataset": "train_2389_airlines_seed_0_nrows_2000_nclasses_10_ncols_100_stratify_True",
        "task": "binclass",
        "batch_size": 64,
        "early_stop": 16,
        "reduce_data": 0.0
    },
    "device": "NVIDIA GeForce RTX 3090",
    "best_eval_score": 0.546086681679902,
    "final_test_score": 0.6012248203259439,
    "ev_metric": [
        0.504523724862708,
        0.5308363952431749,
        0.5347082296234837,
        0.5402789301094386,
        0.5430050175812888,
        0.5397653194263363,
        0.5403184386235234,
        0.5418987791869148,
        0.5400813875390147,
        0.5397653194263363,
        0.5410691003911342,
        0.5441112559756628,
        0.5434001027221366,
        0.5424123898700169,
        0.5426889494686105,
        0.546086681679902,
        0.5454940539686303,
        0.5458496305953933,
        0.5440322389474932,
        0.5437161708348149,
        0.5440322389474932,
        0.5433605942080519,
        0.5434001027221367,
        0.5441902730038324,
        0.5439532219193236,
        0.5443878155742562,
        0.5437161708348148,
        0.5436766623207301,
        0.5441902730038324,
        0.5441112559756628,
        0.5434791197503063,
        0.5428469835249495
    ],
    "test_metric": [
        0.5059216519890677,
        0.5572173296892399,
        0.5745773863751392,
        0.5822451665148294,
        0.586547221378682,
        0.5902672335256606,
        0.5935823463913351,
        0.593784796031987,
        0.5958599048486689,
        0.5979350136653507,
        0.5991750177143436,
        0.599352161149914,
        0.6002631845328474,
        0.6013260451462699,
        0.6017815568377366,
        0.6012248203259439,
        0.6015284947869217,
        0.6008199210446401,
        0.6013766575564329,
        0.6012248203259439,
        0.601072983095455,
        0.6011489017106995,
        0.6019840064783886,
        0.6021611499139589,
        0.6016297196072476,
        0.6027431926308331,
        0.6035529911934406,
        0.6032240105273813,
        0.6021611499139587,
        0.602641967810507,
        0.6015791071970849,
        0.6016550258123292
    ],
    "tr_loss": [
        0.701559653878212,
        0.6874773770570755,
        0.6956869810819626,
        0.6979775637388229,
        0.6956246852874756,
        0.6866286367177963,
        0.6814181238412857,
        0.6830252230167388,
        0.6855988800525665,
        0.6752517014741898,
        0.6842828333377838,
        0.6735424518585205,
        0.6773321777582169,
        0.6770332306623459,
        0.6765441536903382,
        0.6751778215169907,
        0.6798798024654389,
        0.6795401781797409,
        0.6759679853916168,
        0.6816147029399872,
        0.6687171459197998,
        0.6729787141084671,
        0.671514967083931,
        0.6802377760410309,
        0.6695767045021057,
        0.6756365180015564,
        0.6749013155698776,
        0.6677456468343734,
        0.6692004650831223,
        0.6784455478191376,
        0.6772177904844284,
        0.6708020508289337
    ]
}