{
    "args": {
        "model": "mlp",
        "output": "finetune_outputs/binclass-0.8/mlp-tuned/diabetes_data_upload",
        "dataset": "diabetes_data_upload",
        "task": "binclass",
        "batch_size": 64,
        "early_stop": 16,
        "reduce_data": 0.8
    },
    "device": "NVIDIA GeForce RTX 3090",
    "best_eval_score": 1.0,
    "final_test_score": 0.958203125,
    "ev_metric": [
        0.45714285714285713,
        0.5,
        0.05,
        0.8571428571428571,
        0.5285714285714286,
        0.0,
        1.0,
        0.4142857142857143,
        0.9714285714285713,
        0.8999999999999999,
        0.1857142857142857,
        0.4428571428571429,
        0.8285714285714286,
        0.8714285714285714,
        0.5428571428571429,
        0.9142857142857143,
        0.5571428571428572,
        1.0,
        1.0,
        1.0,
        1.0,
        1.0,
        1.0
    ],
    "test_metric": [
        0.33125000000000004,
        0.5,
        0.17578125,
        0.8960937499999999,
        0.6115234375,
        0.049609375000000004,
        0.958203125,
        0.298046875,
        0.891796875,
        0.852734375,
        0.27187500000000003,
        0.5570312499999999,
        0.7535156250000001,
        0.778515625,
        0.445703125,
        0.9183593750000001,
        0.600390625,
        0.96796875,
        0.9730468749999999,
        0.97265625,
        0.9398437500000001,
        0.9800781249999999,
        0.9828125
    ],
    "tr_loss": [
        194.65869030356407,
        0.4159131645155867,
        137.1212469041344,
        18.01052188873291,
        21.341764450073242,
        28.963263750076294,
        4.436264932155609,
        1.0857500433921814,
        0.6912769079208374,
        0.9024615585803986,
        1.3743928670883179,
        0.6739190220832825,
        0.842551976442337,
        0.7373530864715576,
        0.4808427095413208,
        3.9571033120155334,
        0.4046013280749321,
        1.8226568400859833,
        0.6348591148853302,
        0.5799131095409393,
        0.33295266330242157,
        1.0944677405059338,
        0.8826743960380554
    ],
    "tr_times": 0.370485782623291,
    "ev_times": 0.0002257823944091797,
    "test_times": 0.00018906593322753906,
    "param_total_size": 32301452,
    "param_total_count": 8075348,
    "model_size": 32309653
}