{
    "args": {
        "output": "finetune_outputs/binclass-0.0/ftt-tuned/train_1461_heart-failure",
        "dataset": "train_1461_heart-failure",
        "task": "binclass",
        "batch_size": 64,
        "early_stop": 16,
        "reduce_data": 0.0
    },
    "device": "NVIDIA GeForce RTX 3090",
    "best_eval_score": 0.9616161616161616,
    "final_test_score": 0.9011553273427471,
    "ev_metric": [
        0.8666666666666666,
        0.9131313131313131,
        0.9454545454545454,
        0.9555555555555555,
        0.9595959595959596,
        0.9575757575757576,
        0.9616161616161616,
        0.9575757575757575,
        0.9595959595959596,
        0.9595959595959596,
        0.9595959595959597,
        0.9555555555555556,
        0.9575757575757576,
        0.9535353535353535,
        0.9494949494949495,
        0.9494949494949495,
        0.9474747474747475,
        0.9474747474747475,
        0.9454545454545454,
        0.9454545454545454,
        0.9515151515151514,
        0.9515151515151514,
        0.9474747474747475
    ],
    "test_metric": [
        0.7920410783055198,
        0.858793324775353,
        0.8921694480102695,
        0.9011553273427471,
        0.9037227214377407,
        0.9037227214377407,
        0.9011553273427471,
        0.8973042362002567,
        0.8960205391527599,
        0.8985879332477535,
        0.8754813863928113,
        0.8934531450577664,
        0.8908857509627728,
        0.8921694480102695,
        0.8844672657252888,
        0.8793324775353017,
        0.8818998716302953,
        0.8806161745827985,
        0.8818998716302953,
        0.8818998716302953,
        0.8844672657252888,
        0.8908857509627728,
        0.8921694480102697
    ],
    "tr_loss": [
        0.7335341374079386,
        0.6459055344263712,
        0.6367181340853373,
        0.6148581107457479,
        0.6146446267763773,
        0.5780829389890035,
        0.5664061705271403,
        0.5191088120142618,
        0.4818934400876363,
        0.4363008936246236,
        0.4372216761112213,
        0.3997391362984975,
        0.412011057138443,
        0.4052499532699585,
        0.4052615861097972,
        0.3995244900385539,
        0.40102388461430866,
        0.41146618127822876,
        0.3931431174278259,
        0.3847133715947469,
        0.3610631823539734,
        0.39857614040374756,
        0.39501409729321796
    ]
}