{
    "args": {
        "model": "tv7.4",
        "output": "finetune_outputs/binclass-0.8/tv7.4-tuned/train_0546_analcatdata_seropositive",
        "dataset": "train_0546_analcatdata_seropositive",
        "task": "binclass",
        "batch_size": 64,
        "early_stop": 16,
        "reduce_data": 0.8
    },
    "device": "NVIDIA GeForce RTX 3090",
    "best_eval_score": 1.0,
    "final_test_score": 0.9135802469135803,
    "ev_metric": [
        1.0,
        1.0,
        1.0,
        1.0,
        1.0,
        1.0,
        1.0,
        1.0,
        1.0,
        1.0,
        1.0,
        1.0,
        1.0,
        1.0,
        1.0,
        1.0,
        1.0
    ],
    "test_metric": [
        0.9135802469135803,
        0.9135802469135803,
        0.9135802469135803,
        0.9135802469135803,
        0.9074074074074074,
        0.9074074074074074,
        0.9074074074074074,
        0.9074074074074074,
        0.9074074074074074,
        0.9074074074074074,
        0.9074074074074074,
        0.9074074074074074,
        0.9012345679012346,
        0.9012345679012346,
        0.9012345679012346,
        0.8950617283950618,
        0.8950617283950618
    ],
    "tr_loss": [
        0.6180260181427002,
        0.6155493855476379,
        0.613085925579071,
        0.6106503009796143,
        0.6082572937011719,
        0.6059162616729736,
        0.6036273837089539,
        0.6013838648796082,
        0.599178671836853,
        0.5970050692558289,
        0.5948564410209656,
        0.5927267670631409,
        0.590611457824707,
        0.5885076522827148,
        0.5864145159721375,
        0.5843325853347778,
        0.5822639465332031
    ],
    "tr_times": 1.8519737720489502,
    "ev_times": 0.00021910667419433594,
    "test_times": 0.0002429485321044922,
    "param_total_size": 305212,
    "param_total_count": 76302,
    "model_size": 325469
}