{
    "args": {
        "model": "tv7.1",
        "output": "finetune_outputs/openml-0.8/tv7.1-tuned/1049",
        "dataset": "1049",
        "task": "openml",
        "batch_size": 64,
        "early_stop": 16,
        "reduce_data": 0.8
    },
    "device": "NVIDIA GeForce RTX 3090",
    "best_eval_score": 0.8307692307692307,
    "final_test_score": 0.7884722222222222,
    "ev_metric": [
        0.8,
        0.8102564102564103,
        0.8153846153846154,
        0.8256410256410256,
        0.8256410256410256,
        0.8307692307692307,
        0.8256410256410256,
        0.8205128205128206,
        0.8205128205128206,
        0.8205128205128206,
        0.8205128205128206,
        0.8205128205128206,
        0.8205128205128206,
        0.8205128205128206,
        0.8205128205128206,
        0.8205128205128206,
        0.8205128205128206,
        0.8205128205128206,
        0.8205128205128206,
        0.8205128205128206,
        0.8205128205128206,
        0.8205128205128206
    ],
    "test_metric": [
        0.7900694444444444,
        0.7910416666666666,
        0.7903472222222222,
        0.7904861111111111,
        0.790625,
        0.7884722222222222,
        0.7883333333333333,
        0.7875694444444444,
        0.7875694444444444,
        0.7869444444444444,
        0.78625,
        0.7854166666666668,
        0.7854861111111111,
        0.7847916666666667,
        0.7849305555555556,
        0.7843055555555556,
        0.7840277777777778,
        0.78375,
        0.782986111111111,
        0.7836805555555555,
        0.7840972222222221,
        0.7839583333333333
    ],
    "tr_loss": [
        0.6895293990770975,
        0.6863380273183187,
        0.6837592124938965,
        0.6811268329620361,
        0.6782161792119344,
        0.6758718689282736,
        0.6735072533289591,
        0.6702516873677572,
        0.6681062976519266,
        0.6654612024625143,
        0.662611703077952,
        0.6608509222666422,
        0.657680888970693,
        0.655381957689921,
        0.6535756786664327,
        0.6504211823145548,
        0.6474322477976481,
        0.6453875700632731,
        0.6431138118108114,
        0.6419029235839844,
        0.6393450299898783,
        0.6378912727038065
    ],
    "tr_times": 0.06953883171081543,
    "ev_times": 0.00017547607421875,
    "test_times": 0.00021648406982421875,
    "param_total_size": 12028,
    "param_total_count": 3007,
    "model_size": 18015
}