{
    "args": {
        "model": "tv7.2",
        "output": "finetune_outputs/binclass-0.8/tv7.2-tuned/train_0555_socmob",
        "dataset": "train_0555_socmob",
        "task": "binclass",
        "batch_size": 64,
        "early_stop": 16,
        "reduce_data": 0.8
    },
    "device": "NVIDIA GeForce RTX 3090",
    "best_eval_score": 0.9612068965517242,
    "final_test_score": 0.9593218502870762,
    "ev_metric": [
        0.9568965517241379,
        0.9568965517241379,
        0.9568965517241379,
        0.9568965517241379,
        0.9568965517241379,
        0.9612068965517242,
        0.9612068965517242,
        0.9612068965517242,
        0.9612068965517242,
        0.9612068965517242,
        0.9612068965517242,
        0.9612068965517242,
        0.9612068965517242,
        0.9612068965517242,
        0.9612068965517242,
        0.9612068965517242,
        0.9612068965517242,
        0.9612068965517242,
        0.9612068965517242,
        0.9612068965517242,
        0.9612068965517242,
        0.9612068965517242
    ],
    "test_metric": [
        0.950547069656592,
        0.9543386415339616,
        0.9558552702849096,
        0.9558552702849096,
        0.9568302459105189,
        0.9593218502870762,
        0.9627884302892428,
        0.9635467446647167,
        0.9647383815404615,
        0.9692882677933052,
        0.9709132271693207,
        0.9716715415447947,
        0.9721048640450656,
        0.9662550102914095,
        0.9630050915393782,
        0.9604051565377533,
        0.9596468421622792,
        0.9596468421622792,
        0.959755172787347,
        0.959755172787347,
        0.9594301809121438,
        0.9592135196620085
    ],
    "tr_loss": [
        0.6500972509384155,
        0.6380676825841268,
        0.6266942421595255,
        0.6169568498929342,
        0.6045081814130148,
        0.5887433290481567,
        0.5702975591023763,
        0.569888710975647,
        0.5550857583681742,
        0.5483721097310384,
        0.5411151846249899,
        0.5322082837422689,
        0.5267263054847717,
        0.5143780509630839,
        0.5108679135640463,
        0.5186876257260641,
        0.5044478674729665,
        0.497250497341156,
        0.484137366215388,
        0.4913449188073476,
        0.4746861457824707,
        0.48532568415006
    ],
    "tr_times": 9.177958488464355,
    "ev_times": 0.00022721290588378906,
    "test_times": 0.0002739429473876953,
    "param_total_size": 598612,
    "param_total_count": 149651,
    "model_size": 618781
}