{
    "args": {
        "output": "finetune_outputs/openml-0.8/ftt-tuned/40994",
        "dataset": "40994",
        "task": "openml",
        "batch_size": 64,
        "early_stop": 16,
        "reduce_data": 0.8
    },
    "device": "NVIDIA GeForce RTX 3090",
    "best_eval_score": 0.4375,
    "final_test_score": 0.8231707317073171,
    "ev_metric": [
        0.0625,
        0.125,
        0.125,
        0.25,
        0.0,
        0.0625,
        0.25,
        0.25,
        0.25,
        0.25,
        0.3125,
        0.25,
        0.1875,
        0.1875,
        0.1875,
        0.1875,
        0.3125,
        0.375,
        0.375,
        0.375,
        0.4375,
        0.375,
        0.375,
        0.375,
        0.375,
        0.3125,
        0.3125,
        0.3125,
        0.3125,
        0.3125,
        0.3125,
        0.3125,
        0.375,
        0.375,
        0.375,
        0.375,
        0.375
    ],
    "test_metric": [
        0.323170731707317,
        0.43224932249322495,
        0.537940379403794,
        0.5223577235772359,
        0.5162601626016261,
        0.5365853658536586,
        0.6131436314363143,
        0.6561653116531165,
        0.676829268292683,
        0.7046070460704608,
        0.7046070460704607,
        0.7439024390243902,
        0.7388211382113821,
        0.7323848238482386,
        0.7371273712737128,
        0.7730352303523035,
        0.7906504065040649,
        0.8075880758807589,
        0.8123306233062332,
        0.8170731707317074,
        0.8231707317073171,
        0.8191056910569106,
        0.8184281842818428,
        0.8130081300813008,
        0.8123306233062331,
        0.8102981029810299,
        0.8096205962059619,
        0.8035230352303523,
        0.8048780487804879,
        0.8008130081300814,
        0.7974254742547425,
        0.7967479674796748,
        0.7987804878048781,
        0.8021680216802168,
        0.8021680216802167,
        0.7981029810298104,
        0.7960704607046071
    ],
    "tr_loss": [
        0.671769380569458,
        0.4599418044090271,
        0.3583284914493561,
        0.3293102979660034,
        0.3191986382007599,
        0.2932221293449402,
        0.3111572265625,
        0.3013495206832886,
        0.3138846457004547,
        0.3190578818321228,
        0.309675395488739,
        0.31869930028915405,
        0.30873990058898926,
        0.3065648674964905,
        0.30712780356407166,
        0.31864383816719055,
        0.2924037575721741,
        0.31816303730010986,
        0.3061111569404602,
        0.31370633840560913,
        0.3057089149951935,
        0.3191566467285156,
        0.3105953633785248,
        0.3022962808609009,
        0.325412392616272,
        0.3135843873023987,
        0.3072440028190613,
        0.30240508913993835,
        0.31274574995040894,
        0.2971348464488983,
        0.3042014241218567,
        0.30482178926467896,
        0.3172120749950409,
        0.3047317564487457,
        0.3070484399795532,
        0.2958182692527771,
        0.30160072445869446
    ],
    "tr_times": 0.5151846408843994,
    "ev_times": 0.0008077621459960938,
    "test_times": 0.0008156299591064453,
    "param_total_size": 5114444,
    "param_total_count": 1278611,
    "model_size": 5140532
}