{
    "args": {
        "output": "finetune_outputs/binclass-0.8/ftt-tuned/train_0345_delta_ailerons",
        "dataset": "train_0345_delta_ailerons",
        "task": "binclass",
        "batch_size": 64,
        "early_stop": 16,
        "reduce_data": 0.8
    },
    "device": "NVIDIA GeForce RTX 3090",
    "best_eval_score": 0.9839345022012822,
    "final_test_score": 0.9751990885270114,
    "ev_metric": [
        0.9586004479802271,
        0.9701089055379625,
        0.9664787209392138,
        0.9790685100795551,
        0.9782188924075075,
        0.9716536649416854,
        0.9761334672124817,
        0.9793002239901136,
        0.9779099405267629,
        0.9820807909168147,
        0.9839345022012822,
        0.9816946010658839,
        0.9834710743801652,
        0.9805360315130919,
        0.9806905074534641,
        0.9755928014211787,
        0.9778327025565767,
        0.9760948482273886,
        0.9770603228547153,
        0.971576426971499,
        0.9737004711516181,
        0.9766741330037847,
        0.9735846141963389,
        0.9742025179578281,
        0.9779871784969492,
        0.9796091758708582
    ],
    "test_metric": [
        0.9628183787391422,
        0.9713249334067882,
        0.970868801993551,
        0.9735266066784747,
        0.974263130562187,
        0.9727584892769625,
        0.9722371962332628,
        0.9763759470650609,
        0.9740696202656619,
        0.9746264560168867,
        0.9751990885270114,
        0.9738069991489497,
        0.9745514214121118,
        0.9757717210371362,
        0.9747291349497368,
        0.9739768143071246,
        0.9748081187442367,
        0.9747409825189118,
        0.9721700600079377,
        0.973868211589687,
        0.9763719978753359,
        0.9757717210371362,
        0.9748792041592866,
        0.976395693013686,
        0.9751911901475615,
        0.9719202737578317
    ],
    "tr_loss": [
        0.43418747882048286,
        0.23665590186913807,
        0.2109136422475179,
        0.20534087121486663,
        0.20056249797344208,
        0.20336084241668384,
        0.2469610884785652,
        0.207587431371212,
        0.19600286185741425,
        0.1977525159716606,
        0.19979172597328823,
        0.1929236541191737,
        0.19139677037795386,
        0.19838396608829498,
        0.1852042997876803,
        0.20008890728155773,
        0.19401698807875314,
        0.19069366951783498,
        0.1758907563984394,
        0.18120894382397335,
        0.21314554115136464,
        0.1844408283631007,
        0.19127333660920462,
        0.1885906825462977,
        0.16412282039721807,
        0.18225412319103876
    ],
    "tr_times": 0,
    "ev_times": 0,
    "test_times": 0,
    "param_total_size": 0,
    "param_total_count": 0,
    "model_size": 0
}