{
    "args": {
        "output": "finetune_outputs/openml-0.8/ftt-tuned/23517",
        "dataset": "23517",
        "task": "openml",
        "batch_size": 64,
        "early_stop": 16,
        "reduce_data": 0.8
    },
    "device": "NVIDIA GeForce RTX 3090",
    "best_eval_score": 0.5530275888495066,
    "final_test_score": 0.5138506229731103,
    "ev_metric": [
        0.5514783504167066,
        0.549716447935626,
        0.5465339112941853,
        0.5449810805632724,
        0.539116055177699,
        0.5496735798448127,
        0.5495028259411822,
        0.5495519206820576,
        0.5467135261998276,
        0.5530275888495066,
        0.5485776894338539,
        0.5508784366318613,
        0.5425215537886771,
        0.5468804483188046,
        0.5454061691732924,
        0.5443691924513843,
        0.5455314206341604,
        0.5459399846728614,
        0.5488509435769711,
        0.5471165820480889,
        0.545261998275697,
        0.5480826707539037,
        0.541934572277038,
        0.5479032953348022,
        0.5488756106906792,
        0.5457186991091101
    ],
    "test_metric": [
        0.5170240343756731,
        0.5109209398928529,
        0.5131229358551624,
        0.5141691480007096,
        0.5132136108630192,
        0.5123690942097257,
        0.5134408572106025,
        0.5139385107403694,
        0.5129174596504149,
        0.5138506229731103,
        0.5107662238928005,
        0.51185324772586,
        0.510424314330534,
        0.5124042037825007,
        0.5088943641608766,
        0.5113712689748993,
        0.5090609569794657,
        0.5114088208327524,
        0.5119328531110958,
        0.5114092761740382,
        0.5092746362264671,
        0.5120535013040423,
        0.5092040686758421,
        0.5136943719209961,
        0.5107262952914179,
        0.510796707612059
    ],
    "tr_loss": [
        0.7004175431491262,
        0.6967839060238054,
        0.6960229465316013,
        0.6947907425092729,
        0.6946269552022712,
        0.6945931513006516,
        0.6941017536497907,
        0.6942984096253115,
        0.6939408020090662,
        0.6937230403910685,
        0.6938433581294275,
        0.6938463523572321,
        0.6941065959508906,
        0.6936400498145193,
        0.6937284519000607,
        0.6938178359803574,
        0.6936242819161705,
        0.6935720267546112,
        0.6937275260522221,
        0.6935131813281149,
        0.6931083523436804,
        0.6935120964247877,
        0.6934519362383784,
        0.6933592821353048,
        0.6931265418042135,
        0.6935253602694411
    ],
    "tr_times": 28.14275622367859,
    "ev_times": 0.03470468521118164,
    "test_times": 0.5697908401489258,
    "param_total_size": 3381220,
    "param_total_count": 845305,
    "model_size": 3400004
}