{
    "metric": "roc_auc",
    "eval_score": 0.7377378074250345,
    "n_trial": 92,
    "dataset": "train_2703_compas-two-years",
    "model": {
        "attention_dropout": 0.07143041588640439,
        "d_ffn_factor": 0.8368469354600251,
        "d_token": 240,
        "ffn_dropout": 0.34326124905458405,
        "n_blocks": 1,
        "residual_dropout": 0.49978991319343724
    },
    "training": {
        "batch_size": 64,
        "eval_batch_size": 128,
        "optimizer": "adamw",
        "lr": 0.0007894013447914886,
        "weight_decay": 2.064854194334323e-06
    }
}