{
    "metric": "roc_auc",
    "eval_score": 0.8690476190476192,
    "n_trial": 61,
    "dataset": "train_1742_Loan-Predication",
    "model": {
        "booster": "gbtree",
        "n_estimators": 2000,
        "n_jobs": -1,
        "tree_method": "hist",
        "alpha": 2.64748036862374e-07,
        "colsample_bylevel": 0.876966189740294,
        "colsample_bytree": 0.7218483391662098,
        "gamma": 3.1933347132902265e-05,
        "lambda": 5.6710510014979865e-05,
        "learning_rate": 0.3473477031983166,
        "max_depth": 5,
        "min_child_weight": 0.6305574961883457,
        "subsample": 0.5788535543128731
    },
    "training": {
        "early_stopping_rounds": 20,
        "verbose": false
    }
}