{
    "args": {
        "output": "finetune_outputs/binclass-0.8/ftt-tuned/train_2305_electricity_seed_1_nrows_2000_nclasses_10_ncols_100_stratify_True",
        "dataset": "train_2305_electricity_seed_1_nrows_2000_nclasses_10_ncols_100_stratify_True",
        "task": "binclass",
        "batch_size": 64,
        "early_stop": 16,
        "reduce_data": 0.8
    },
    "device": "NVIDIA GeForce RTX 3090",
    "best_eval_score": 0.859375,
    "final_test_score": 0.872475,
    "ev_metric": [
        0.7373046875,
        0.7138671875,
        0.6953125,
        0.69921875,
        0.7177734375,
        0.75,
        0.7705078125,
        0.8017578125,
        0.814453125,
        0.8203125,
        0.8251953125,
        0.8056640625,
        0.8115234375,
        0.8388671875,
        0.8466796875,
        0.83984375,
        0.8310546875,
        0.8369140625,
        0.8544921875,
        0.859375,
        0.8525390625,
        0.8408203125,
        0.84765625,
        0.8564453125,
        0.853515625,
        0.830078125,
        0.830078125,
        0.8408203125,
        0.8427734375,
        0.841796875,
        0.84375,
        0.8408203125,
        0.8466796875,
        0.837890625,
        0.814453125,
        0.806640625
    ],
    "test_metric": [
        0.8293499999999999,
        0.8487500000000001,
        0.8623249999999999,
        0.8684,
        0.8774,
        0.882975,
        0.876775,
        0.87205,
        0.866575,
        0.8659000000000001,
        0.8734750000000001,
        0.87585,
        0.872,
        0.868825,
        0.86755,
        0.8750499999999999,
        0.8783000000000001,
        0.881725,
        0.873675,
        0.872475,
        0.87235,
        0.872575,
        0.8711749999999999,
        0.8631000000000001,
        0.8630249999999999,
        0.8665749999999999,
        0.87785,
        0.877475,
        0.86825,
        0.862725,
        0.85975,
        0.8603,
        0.8753500000000001,
        0.8754750000000001,
        0.87535,
        0.862425
    ],
    "tr_loss": [
        0.684484526515007,
        0.6536914110183716,
        0.618070974946022,
        0.5932099372148514,
        0.5620657503604889,
        0.541679248213768,
        0.5390641763806343,
        0.5344225764274597,
        0.5176694691181183,
        0.5139160305261612,
        0.4691661596298218,
        0.4787033870816231,
        0.5038202404975891,
        0.4884648025035858,
        0.49119648337364197,
        0.488521970808506,
        0.47903527319431305,
        0.4845692664384842,
        0.4491898790001869,
        0.4542021229863167,
        0.45549001544713974,
        0.4530484899878502,
        0.4383392930030823,
        0.431201308965683,
        0.43107225745916367,
        0.4451892599463463,
        0.46244537085294724,
        0.41840484738349915,
        0.4577580988407135,
        0.418196901679039,
        0.4276499003171921,
        0.4627097174525261,
        0.4249618351459503,
        0.3967188075184822,
        0.41506725549697876,
        0.4140700250864029
    ],
    "tr_times": 0.9345088005065918,
    "ev_times": 0.0008471012115478516,
    "test_times": 0.0007059574127197266,
    "param_total_size": 1314492,
    "param_total_count": 328622,
    "model_size": 1343217
}