{
    "metric": "roc_auc",
    "eval_score": 0.9900165471594043,
    "n_trial": 17,
    "dataset": "4534",
    "model": {
        "stacked": false,
        "cross_dropout": 0.36803460741846805,
        "d": 499,
        "hidden_dropout": 0.2496341755193877,
        "n_cross_layers": 5,
        "n_hidden_layers": 1,
        "d_embedding": 100
    },
    "training": {
        "batch_size": 64,
        "eval_batch_size": 64,
        "optimizer": "adamw",
        "lr": 0.008522297878848535,
        "weight_decay": 7.432467034028976e-05
    }
}