{
    "metric": "roc_auc",
    "eval_score": 0.6081438392384981,
    "n_trial": 29,
    "dataset": "train_0509_pollen",
    "model": {
        "booster": "gbtree",
        "n_estimators": 2000,
        "n_jobs": -1,
        "tree_method": "hist",
        "alpha": 1.613137177793294e-05,
        "colsample_bylevel": 0.8721482851660805,
        "colsample_bytree": 0.863861500030429,
        "gamma": 1.1200577374415227e-08,
        "lambda": 1.0838606937003693e-06,
        "learning_rate": 0.009363291628104654,
        "max_depth": 8,
        "min_child_weight": 0.000688847738149711,
        "subsample": 0.507555923345695
    },
    "training": {
        "early_stopping_rounds": 20,
        "verbose": false
    }
}