{
    "args": {
        "model": "tv7.1",
        "output": "finetune_outputs/binclass-0.8/tv7.1-tuned/train_0446_newton_hema",
        "dataset": "train_0446_newton_hema",
        "task": "binclass",
        "batch_size": 64,
        "early_stop": 16,
        "reduce_data": 0.8
    },
    "device": "NVIDIA GeForce RTX 3090",
    "best_eval_score": 1.0,
    "final_test_score": 0.4030612244897959,
    "ev_metric": [
        1.0,
        1.0,
        1.0,
        1.0,
        1.0,
        1.0,
        1.0,
        1.0,
        1.0,
        1.0,
        1.0,
        1.0,
        1.0,
        1.0,
        1.0,
        1.0,
        1.0
    ],
    "test_metric": [
        0.4030612244897959,
        0.4030612244897959,
        0.4030612244897959,
        0.4030612244897959,
        0.4030612244897959,
        0.4030612244897959,
        0.4030612244897959,
        0.4030612244897959,
        0.4030612244897959,
        0.4030612244897959,
        0.3979591836734694,
        0.3979591836734694,
        0.3979591836734694,
        0.3979591836734694,
        0.3979591836734694,
        0.3979591836734694,
        0.3979591836734694
    ],
    "tr_loss": [
        0.6604428887367249,
        0.6602752804756165,
        0.6601076722145081,
        0.6599403023719788,
        0.6597729921340942,
        0.6596060395240784,
        0.6594393253326416,
        0.6592739820480347,
        0.6591087579727173,
        0.6589446663856506,
        0.6587803363800049,
        0.6586156487464905,
        0.6584513187408447,
        0.6582863330841064,
        0.6581209897994995,
        0.6579557061195374,
        0.6577905416488647
    ],
    "tr_times": 0.3384556770324707,
    "ev_times": 0.0002472400665283203,
    "test_times": 0.0002739429473876953,
    "param_total_size": 229380,
    "param_total_count": 57344
}