{
    "metric": "roc_auc",
    "eval_score": 0.9523809523809523,
    "n_trial": 60,
    "dataset": "train_1635_Is-this-a-good-customer",
    "model": {
        "booster": "gbtree",
        "n_estimators": 2000,
        "n_jobs": -1,
        "tree_method": "hist",
        "alpha": 3.906169783660084e-07,
        "colsample_bylevel": 0.7635896293569878,
        "colsample_bytree": 0.7177127051491932,
        "gamma": 2.0946450223788337e-08,
        "lambda": 0.0003136177716772089,
        "learning_rate": 0.441780291930366,
        "max_depth": 9,
        "min_child_weight": 2.518796894688105e-05,
        "subsample": 0.6571072976128145
    },
    "training": {
        "early_stopping_rounds": 20,
        "verbose": false
    }
}