{
    "metric": "roc_auc",
    "eval_score": 0.8002232142857144,
    "n_trial": 51,
    "dataset": "train_2619_sf-police-incidents_seed_0_nrows_2000_nclasses_10_ncols_100_stratify_True",
    "model": {
        "stacked": false,
        "cross_dropout": 0.181393929841056,
        "d": 313,
        "hidden_dropout": 0.4965539677046068,
        "n_cross_layers": 7,
        "n_hidden_layers": 2,
        "d_embedding": 112
    },
    "training": {
        "batch_size": 64,
        "eval_batch_size": 64,
        "optimizer": "adamw",
        "lr": 0.009082976619433842,
        "weight_decay": 0.000748728348096969
    }
}