{
    "args": {
        "model": "xgboost",
        "output": "finetune_outputs/binclass-0.8/xgboost-tuned/TravelInsurancePrediction",
        "dataset": "TravelInsurancePrediction",
        "task": "binclass",
        "reduce_data": 0.8
    },
    "device": "NVIDIA GeForce RTX 3090",
    "configs": {
        "metric": "roc_auc",
        "eval_score": 0.866914103923648,
        "n_trial": 60,
        "dataset": "TravelInsurancePrediction",
        "model": {
            "booster": "gbtree",
            "n_estimators": 2000,
            "n_jobs": -1,
            "tree_method": "hist",
            "alpha": 3.3444983616108854e-07,
            "colsample_bylevel": 0.7912563206097821,
            "colsample_bytree": 0.5950836798779271,
            "gamma": 0.005323332157217681,
            "lambda": 9.73756022204246e-07,
            "learning_rate": 0.004767655450642352,
            "max_depth": 4,
            "min_child_weight": 4.575698138969197e-08,
            "subsample": 0.7089301439445101
        },
        "training": {
            "early_stopping_rounds": 20,
            "verbose": false,
            "eval_metric": "error"
        }
    },
    "best_eval_score": 0.866914103923648,
    "final_test_score": 0.7266450264084507,
    "tr_times": 0.017502784729003906,
    "ev_times": 0.00018334388732910156,
    "test_times": 0.0001499652862548828,
    "param_total_size": 0,
    "param_total_count": 0,
    "model_size": 36754
}