{
    "args": {
        "model": "tv7.3",
        "output": "finetune_outputs/binclass-0.8/tv7.3-tuned/train_2306_electricity_seed_2_nrows_2000_nclasses_10_ncols_100_stratify_True",
        "dataset": "train_2306_electricity_seed_2_nrows_2000_nclasses_10_ncols_100_stratify_True",
        "task": "binclass",
        "batch_size": 64,
        "early_stop": 16,
        "reduce_data": 0.8
    },
    "device": "NVIDIA GeForce RTX 3090",
    "best_eval_score": 0.775390625,
    "final_test_score": 0.7595125,
    "ev_metric": [
        0.775390625,
        0.7744140625,
        0.7744140625,
        0.7744140625,
        0.7744140625,
        0.7744140625,
        0.7744140625,
        0.7744140625,
        0.7744140625,
        0.7744140625,
        0.7744140625,
        0.7734375,
        0.7734375,
        0.7734375,
        0.7734375,
        0.7724609375,
        0.7724609375
    ],
    "test_metric": [
        0.7595125,
        0.759475,
        0.7596,
        0.7596,
        0.759675,
        0.7598,
        0.7599000000000001,
        0.759925,
        0.7599,
        0.7599,
        0.75995,
        0.760075,
        0.760275,
        0.7604250000000001,
        0.7604249999999999,
        0.7605000000000001,
        0.760575
    ],
    "tr_loss": [
        0.683154359459877,
        0.6831022351980209,
        0.6830507814884186,
        0.6829998642206192,
        0.6829470545053482,
        0.6828951090574265,
        0.6828438937664032,
        0.6827927976846695,
        0.6827397793531418,
        0.6826866120100021,
        0.6826356798410416,
        0.682584136724472,
        0.6825323104858398,
        0.6824778765439987,
        0.6824273318052292,
        0.6823737472295761,
        0.6823219209909439
    ],
    "tr_times": 3.3855140209198,
    "ev_times": 0.0001926422119140625,
    "test_times": 0.00027632713317871094,
    "param_total_size": 328204,
    "param_total_count": 82051,
    "model_size": 489759
}