{
    "args": {
        "model": "tv7.1",
        "output": "finetune_outputs/binclass-0.8/tv7.1-tuned/train_2304_electricity_seed_0_nrows_2000_nclasses_10_ncols_100_stratify_True",
        "dataset": "train_2304_electricity_seed_0_nrows_2000_nclasses_10_ncols_100_stratify_True",
        "task": "binclass",
        "batch_size": 64,
        "early_stop": 16,
        "reduce_data": 0.8
    },
    "device": "NVIDIA GeForce RTX 3090",
    "best_eval_score": 0.775390625,
    "final_test_score": 0.7424875,
    "ev_metric": [
        0.775390625,
        0.7685546875,
        0.765625,
        0.7666015625,
        0.767578125,
        0.7685546875,
        0.7685546875,
        0.767578125,
        0.763671875,
        0.76171875,
        0.759765625,
        0.7578125,
        0.7548828125,
        0.75390625,
        0.7548828125,
        0.7509765625,
        0.7509765625
    ],
    "test_metric": [
        0.7424875,
        0.742475,
        0.7417250000000001,
        0.7416499999999999,
        0.7408250000000001,
        0.7408,
        0.7398749999999998,
        0.73955,
        0.7388999999999999,
        0.738625,
        0.7385750000000001,
        0.738175,
        0.7379499999999999,
        0.73745,
        0.7377,
        0.738525,
        0.7391
    ],
    "tr_loss": [
        0.6900834292173386,
        0.6894761025905609,
        0.6889085471630096,
        0.6882415562868118,
        0.6874650418758392,
        0.6866140514612198,
        0.6857408583164215,
        0.6847276538610458,
        0.6836077272891998,
        0.6824364960193634,
        0.6811930537223816,
        0.6799283027648926,
        0.6785734444856644,
        0.6770035624504089,
        0.6755124777555466,
        0.6738860607147217,
        0.6723599284887314
    ],
    "tr_times": 0.420382022857666,
    "ev_times": 0.00033783912658691406,
    "test_times": 0.0003337860107421875,
    "param_total_size": 886312,
    "param_total_count": 221577
}