{
    "args": {
        "output": "finetune_outputs/binclass-0.0/ftt-tuned/train_0555_socmob",
        "dataset": "train_0555_socmob",
        "task": "binclass",
        "batch_size": 64,
        "early_stop": 16,
        "reduce_data": 0.0
    },
    "device": "NVIDIA GeForce RTX 3090",
    "best_eval_score": 0.9930555555555556,
    "final_test_score": 0.957155237785722,
    "ev_metric": [
        0.9903455284552845,
        0.9898373983739838,
        0.9903455284552846,
        0.9898373983739838,
        0.9903455284552846,
        0.9913617886178862,
        0.9901761517615176,
        0.9917005420054201,
        0.9911924119241192,
        0.9922086720867209,
        0.9917005420054201,
        0.9906842818428185,
        0.9922086720867209,
        0.9925474254742548,
        0.992039295392954,
        0.9918699186991871,
        0.9906842818428184,
        0.992039295392954,
        0.9911924119241193,
        0.9930555555555556,
        0.9908536585365855,
        0.9908536585365855,
        0.9925474254742548,
        0.9889905149051491,
        0.9908536585365854,
        0.9898373983739837,
        0.9910230352303523,
        0.9889905149051491,
        0.9845867208672088,
        0.9922086720867209,
        0.9879742547425474,
        0.9923780487804879,
        0.9886517615176151
    ],
    "test_metric": [
        0.9774130646733832,
        0.9671758206044849,
        0.9730798396706749,
        0.9711298884194562,
        0.9686382840428989,
        0.9691799371682375,
        0.9721048640450656,
        0.9682591268551619,
        0.9687466146679666,
        0.9637634059148522,
        0.9608384790380241,
        0.9688007799805005,
        0.9619217852887012,
        0.9623551077889719,
        0.961271801538295,
        0.9592135196620085,
        0.9610009749756256,
        0.966363340916477,
        0.9651717040407324,
        0.957155237785722,
        0.9651175387281985,
        0.966038349041274,
        0.9629509262268443,
        0.9625717690391073,
        0.9650633734156646,
        0.9679883002924927,
        0.9574802296609252,
        0.9565594193478497,
        0.9649550427905969,
        0.9600259993500162,
        0.9692341024807712,
        0.9595926768497454,
        0.9612176362257611
    ],
    "tr_loss": [
        0.3798869550228119,
        0.23476138710975647,
        0.217721376568079,
        0.21932989234725633,
        0.2204126293460528,
        0.20598052938779196,
        0.20242949078480402,
        0.19618443151315054,
        0.18497691241403422,
        0.18992415753503641,
        0.19213313174744448,
        0.195309828966856,
        0.18529146537184715,
        0.2006911151111126,
        0.183918667336305,
        0.1818178240209818,
        0.1903095661352078,
        0.19443058843413988,
        0.18546202220022678,
        0.17467794381082058,
        0.18156089323262373,
        0.2014886811375618,
        0.20124629884958267,
        0.2091157597800096,
        0.19404247403144836,
        0.17908690497279167,
        0.17733959605296454,
        0.180560739710927,
        0.202187309662501,
        0.1839367188513279,
        0.1746076742808024,
        0.19263924968739352,
        0.18672838248312473
    ]
}