{
    "args": {
        "model": "tv7.2",
        "output": "finetune_outputs/openml-0.8/tv7.2-tuned/1480",
        "dataset": "1480",
        "task": "openml",
        "batch_size": 64,
        "early_stop": 16,
        "reduce_data": 0.8
    },
    "device": "NVIDIA GeForce RTX 3090",
    "best_eval_score": 0.5692307692307692,
    "final_test_score": 0.5331959706959707,
    "ev_metric": [
        0.5692307692307692,
        0.5692307692307692,
        0.5692307692307692,
        0.5692307692307692,
        0.5692307692307692,
        0.5692307692307692,
        0.5538461538461539,
        0.5538461538461539,
        0.5538461538461539,
        0.5538461538461539,
        0.5538461538461539,
        0.5538461538461539,
        0.5538461538461539,
        0.5692307692307692,
        0.5692307692307692,
        0.5692307692307692,
        0.5692307692307692
    ],
    "test_metric": [
        0.5331959706959707,
        0.532967032967033,
        0.5317078754578755,
        0.5315934065934066,
        0.532051282051282,
        0.5334249084249084,
        0.5330815018315018,
        0.5341117216117217,
        0.5343406593406593,
        0.5345695970695971,
        0.5343406593406593,
        0.5336538461538461,
        0.5327380952380952,
        0.532967032967033,
        0.532967032967033,
        0.5322802197802198,
        0.5315934065934066
    ],
    "tr_loss": [
        0.6939045488834381,
        0.6930864751338959,
        0.6914117634296417,
        0.6926588416099548,
        0.6928895711898804,
        0.6936343908309937,
        0.6929915845394135,
        0.692220002412796,
        0.6929237246513367,
        0.6928450167179108,
        0.6926935017108917,
        0.6928299367427826,
        0.6922702491283417,
        0.6929664015769958,
        0.6923624873161316,
        0.6940531432628632,
        0.6912894248962402
    ],
    "tr_times": 2.710526943206787,
    "ev_times": 0.00019812583923339844,
    "test_times": 0.00022220611572265625,
    "param_total_size": 256160,
    "param_total_count": 64039,
    "model_size": 270429
}