{
    "args": {
        "output": "finetune_outputs/binclass-0.0/ftt-tuned/audit_data",
        "dataset": "audit_data",
        "task": "binclass",
        "batch_size": 64,
        "early_stop": 16,
        "reduce_data": 0.0
    },
    "device": "NVIDIA GeForce RTX 3090",
    "best_eval_score": 1.0,
    "final_test_score": 1.0,
    "ev_metric": [
        0.9904761904761904,
        0.9956462585034014,
        0.9929251700680272,
        0.993469387755102,
        0.9983673469387756,
        0.9983673469387755,
        0.9994557823129251,
        0.9989115646258503,
        1.0,
        1.0,
        0.9953741496598639,
        1.0,
        1.0,
        0.9978231292517007,
        1.0,
        1.0,
        0.9994557823129252,
        0.9994557823129251,
        0.9994557823129251,
        1.0,
        0.9994557823129251,
        1.0,
        1.0,
        0.9994557823129251,
        1.0
    ],
    "test_metric": [
        0.9908541846419326,
        0.9993097497842968,
        0.9984469370146678,
        0.9956859361518551,
        1.0,
        1.0,
        1.0,
        1.0,
        1.0,
        1.0,
        0.9993097497842968,
        1.0,
        1.0,
        0.9981018119068162,
        1.0,
        1.0,
        1.0,
        1.0,
        1.0,
        1.0,
        1.0,
        1.0,
        1.0,
        1.0,
        1.0
    ],
    "tr_loss": [
        0.5272584967315197,
        0.26921228505671024,
        0.15902139525860548,
        0.10381549689918756,
        0.07132152887061238,
        0.05618627602234483,
        0.04755860357545316,
        0.049264562549069524,
        0.06481723673641682,
        0.08054132806137204,
        0.05239869887009263,
        0.042699031182564795,
        0.04200821730773896,
        0.03449140896555036,
        0.032523166155442595,
        0.03309455455746502,
        0.020170321688055992,
        0.022157266619615257,
        0.034561035223305225,
        0.02525007672375068,
        0.03225410112645477,
        0.03114210837520659,
        0.034424260491505265,
        0.021828984026797116,
        0.029473390546627343
    ]
}