{
    "args": {
        "model": "tv7.2",
        "output": "finetune_outputs/binclass-0.8/tv7.2-tuned/train_0284_bank8FM",
        "dataset": "train_0284_bank8FM",
        "task": "binclass",
        "batch_size": 64,
        "early_stop": 16,
        "reduce_data": 0.8
    },
    "device": "NVIDIA GeForce RTX 3090",
    "best_eval_score": 0.9607522980164489,
    "final_test_score": 0.967169366733975,
    "ev_metric": [
        0.9607522980164489,
        0.9605708756652153,
        0.9605104015481374,
        0.9603894533139816,
        0.9599661344944364,
        0.9596032897919691,
        0.959663763909047,
        0.9593613933236574,
        0.9591194968553459,
        0.9591194968553458,
        0.959119496855346,
        0.9589380745041122,
        0.9583333333333334,
        0.9576681180454765,
        0.9569424286405419,
        0.9570029027576197,
        0.9565191098209966
    ],
    "test_metric": [
        0.967169366733975,
        0.9672474465578393,
        0.9673038804899392,
        0.967283780733301,
        0.9673301647870818,
        0.9673610874896023,
        0.9674693169484241,
        0.9674770476240542,
        0.9674762745564911,
        0.9674291174351474,
        0.9675589927857335,
        0.9675079703265747,
        0.9673579952193502,
        0.9673270725168297,
        0.9672482196254024,
        0.967218843058008,
        0.9672806884630489
    ],
    "tr_loss": [
        0.6768040376551011,
        0.6760799779611475,
        0.6757764956530403,
        0.6751013713724473,
        0.674489834729363,
        0.6738715276998632,
        0.673478431561414,
        0.6725968648405636,
        0.6719696311389699,
        0.6714571819585913,
        0.6709198671228745,
        0.6701205477995031,
        0.6693077543202568,
        0.6683739914613611,
        0.6679463211227866,
        0.6667347375084373,
        0.6662285888896269
    ],
    "tr_times": 35.992695331573486,
    "ev_times": 0.0003261566162109375,
    "test_times": 0.0008819103240966797,
    "param_total_size": 4813832,
    "param_total_count": 1203457,
    "model_size": 6855773
}