{
    "args": {
        "model": "dcnv2",
        "output": "finetune_outputs/binclass-0.8/dcnv2-tuned/train_0472_analcatdata_marketing",
        "dataset": "train_0472_analcatdata_marketing",
        "task": "binclass",
        "batch_size": 64,
        "early_stop": 16,
        "reduce_data": 0.8
    },
    "device": "NVIDIA GeForce RTX 3090",
    "best_eval_score": 0.78125,
    "final_test_score": 0.562608695652174,
    "ev_metric": [
        0.5625,
        0.65625,
        0.65625,
        0.78125,
        0.78125,
        0.78125,
        0.78125,
        0.78125,
        0.78125,
        0.78125,
        0.78125,
        0.78125,
        0.75,
        0.75,
        0.75,
        0.75,
        0.75,
        0.71875,
        0.71875,
        0.71875
    ],
    "test_metric": [
        0.5939130434782609,
        0.5834782608695651,
        0.5756521739130436,
        0.562608695652174,
        0.5591304347826087,
        0.5539130434782609,
        0.5408695652173914,
        0.5313043478260869,
        0.5217391304347827,
        0.5208695652173914,
        0.5191304347826087,
        0.5165217391304348,
        0.5147826086956522,
        0.5095652173913043,
        0.5060869565217391,
        0.4973913043478261,
        0.4956521739130435,
        0.49391304347826087,
        0.48608695652173917,
        0.4869565217391304
    ],
    "tr_loss": [
        0.6995984315872192,
        0.681317150592804,
        0.660219132900238,
        0.6419070959091187,
        0.6236563920974731,
        0.6051174998283386,
        0.5885389447212219,
        0.5715474486351013,
        0.5526257753372192,
        0.5389534831047058,
        0.5212618708610535,
        0.5038101673126221,
        0.4890049397945404,
        0.47516459226608276,
        0.45734670758247375,
        0.4449895918369293,
        0.4270147383213043,
        0.4136623740196228,
        0.3988025188446045,
        0.3839452564716339
    ],
    "tr_times": 0.32032084465026855,
    "ev_times": 0.0002567768096923828,
    "test_times": 0.000255584716796875,
    "param_total_size": 3387104,
    "param_total_count": 846767,
    "model_size": 3399569
}