{
    "metric": "roc_auc",
    "eval_score": 0.9894736842105264,
    "n_trial": 52,
    "dataset": "50",
    "model": {
        "stacked": false,
        "cross_dropout": 0.32346451306432644,
        "d": 385,
        "hidden_dropout": 0.2483979257695997,
        "n_cross_layers": 5,
        "n_hidden_layers": 1,
        "d_embedding": 71
    },
    "training": {
        "batch_size": 64,
        "eval_batch_size": 64,
        "optimizer": "adamw",
        "lr": 0.005611233465571923,
        "weight_decay": 0.00040362117737628695
    }
}