{
    "metric": "roc_auc",
    "eval_score": 0.6578798719638486,
    "n_trial": 81,
    "dataset": "Bank_Personal_Loan_Modelling",
    "model": {
        "booster": "gbtree",
        "n_estimators": 2000,
        "n_jobs": -1,
        "tree_method": "hist",
        "alpha": 0.3504118028163025,
        "colsample_bylevel": 0.7150383711639712,
        "colsample_bytree": 0.7083433389815211,
        "gamma": 0.007187509970182116,
        "lambda": 0.0027113106864962754,
        "learning_rate": 0.06622099946329581,
        "max_depth": 7,
        "min_child_weight": 1.9974315412233762e-07,
        "subsample": 0.7727520649303338
    },
    "training": {
        "early_stopping_rounds": 20,
        "verbose": false
    }
}