{
    "metric": "roc_auc",
    "eval_score": 0.7894736842105263,
    "n_trial": 88,
    "dataset": "b_depressed",
    "model": {
        "booster": "gbtree",
        "n_estimators": 2000,
        "n_jobs": -1,
        "tree_method": "hist",
        "alpha": 0.11050648629803213,
        "colsample_bylevel": 0.5966117691094368,
        "colsample_bytree": 0.7789224469796123,
        "gamma": 4.3707860413523876e-05,
        "lambda": 1.9243191697803842e-05,
        "learning_rate": 0.5064562513991264,
        "max_depth": 4,
        "min_child_weight": 7.859782411285616e-06,
        "subsample": 0.6926107809639629
    },
    "training": {
        "early_stopping_rounds": 20,
        "verbose": false
    }
}