{
    "args": {
        "model": "tv7.3",
        "output": "finetune_outputs/binclass-0.8/tv7.3-tuned/Customer_Behaviour",
        "dataset": "Customer_Behaviour",
        "task": "binclass",
        "batch_size": 64,
        "early_stop": 16,
        "reduce_data": 0.8
    },
    "device": "NVIDIA GeForce RTX 3090",
    "best_eval_score": 0.75,
    "final_test_score": 0.7728194726166329,
    "ev_metric": [
        0.75,
        0.75,
        0.75,
        0.75,
        0.75,
        0.75,
        0.75,
        0.75,
        0.75,
        0.75,
        0.75,
        0.75,
        0.75,
        0.75,
        0.75,
        0.75,
        0.75
    ],
    "test_metric": [
        0.7728194726166329,
        0.7741717376605816,
        0.7762001352265043,
        0.7762001352265043,
        0.7775524002704529,
        0.777552400270453,
        0.7762001352265044,
        0.7762001352265044,
        0.7762001352265043,
        0.7768762677484787,
        0.7768762677484787,
        0.7762001352265044,
        0.7762001352265044,
        0.777552400270453,
        0.777552400270453,
        0.777552400270453,
        0.777552400270453
    ],
    "tr_loss": [
        0.6628013253211975,
        0.6625300049781799,
        0.662259042263031,
        0.6619886159896851,
        0.6617185473442078,
        0.6614490151405334,
        0.6611799597740173,
        0.6609113812446594,
        0.6606432795524597,
        0.6603757739067078,
        0.6601086854934692,
        0.6598420739173889,
        0.6595759391784668,
        0.6593104600906372,
        0.659045398235321,
        0.6587809324264526,
        0.6585168838500977
    ],
    "tr_times": 1.679293155670166,
    "ev_times": 0.00021195411682128906,
    "test_times": 0.0002269744873046875,
    "param_total_size": 84864,
    "param_total_count": 21216,
    "model_size": 127903
}