{
    "args": {
        "model": "xgboost",
        "output": "finetune_outputs/binclass-0.8/xgboost-tuned/bt_dataset_t3",
        "dataset": "bt_dataset_t3",
        "task": "binclass",
        "reduce_data": 0.8
    },
    "device": "NVIDIA GeForce RTX 3090",
    "configs": {
        "metric": "roc_auc",
        "eval_score": 1.0,
        "n_trial": 4,
        "dataset": "bt_dataset_t3",
        "model": {
            "booster": "gbtree",
            "n_estimators": 2000,
            "n_jobs": -1,
            "tree_method": "hist",
            "alpha": 1.2178254980519705e-06,
            "colsample_bylevel": 0.5603361961933824,
            "colsample_bytree": 0.5658075254609748,
            "gamma": 0.0009248812421882989,
            "lambda": 1.4869882315715432e-06,
            "learning_rate": 0.11928456764017108,
            "max_depth": 9,
            "min_child_weight": 0.11391317423941014,
            "subsample": 0.6229906318816303
        },
        "training": {
            "early_stopping_rounds": 20,
            "verbose": false,
            "eval_metric": "error"
        }
    },
    "best_eval_score": 1.0,
    "final_test_score": 0.9976127320954907,
    "tr_times": 0.03176450729370117,
    "ev_times": 0.0001773834228515625,
    "test_times": 0.0001990795135498047,
    "param_total_size": 0,
    "param_total_count": 0,
    "model_size": 63475
}