{
    "args": {
        "output": "finetune_outputs/binclass-0.8/ftt-tuned/trial",
        "dataset": "trial",
        "task": "binclass",
        "batch_size": 64,
        "early_stop": 16,
        "reduce_data": 0.8
    },
    "device": "NVIDIA GeForce RTX 3090",
    "best_eval_score": 1.0,
    "final_test_score": 0.992786769880366,
    "ev_metric": [
        0.3402777777777778,
        0.4513888888888889,
        0.5486111111111112,
        0.6944444444444445,
        0.8888888888888888,
        0.9236111111111112,
        0.9652777777777777,
        0.9791666666666666,
        0.986111111111111,
        0.986111111111111,
        0.986111111111111,
        0.986111111111111,
        0.9930555555555555,
        0.9930555555555555,
        0.9930555555555555,
        1.0,
        1.0,
        1.0,
        1.0,
        1.0,
        1.0,
        1.0,
        1.0,
        1.0,
        1.0,
        1.0,
        1.0,
        1.0,
        1.0,
        1.0,
        1.0,
        1.0
    ],
    "test_metric": [
        0.34957776213933844,
        0.47607318789584796,
        0.6259676284306827,
        0.7929275158339198,
        0.8578465869106264,
        0.9074595355383532,
        0.9472202674173118,
        0.9651653764954258,
        0.9732582688247714,
        0.980295566502463,
        0.983814215341309,
        0.9873328641801548,
        0.9892681210415201,
        0.990499648135116,
        0.9919071076706545,
        0.992786769880366,
        0.9941942294159043,
        0.9947220267417312,
        0.9947220267417312,
        0.995249824067558,
        0.995777621393385,
        0.9966572836030965,
        0.997009148486981,
        0.9977128782547502,
        0.998240675580577,
        0.9991203377902885,
        0.9991203377902885,
        0.9994722026741731,
        0.9996481351161154,
        0.9996481351161154,
        0.9998240675580576,
        0.9999999999999999
    ],
    "tr_loss": [
        0.7231683731079102,
        0.6986130475997925,
        0.6973234117031097,
        0.6880078613758087,
        0.6894684731960297,
        0.6616630554199219,
        0.6365460753440857,
        0.632584422826767,
        0.6380155682563782,
        0.6401796936988831,
        0.6170248091220856,
        0.6276854872703552,
        0.6014061868190765,
        0.5914521813392639,
        0.589208573102951,
        0.5784862339496613,
        0.5694784224033356,
        0.5536138415336609,
        0.534198671579361,
        0.5403335392475128,
        0.5594805479049683,
        0.5249572694301605,
        0.5170508921146393,
        0.4988393634557724,
        0.5035254210233688,
        0.46888020634651184,
        0.4572650194168091,
        0.463184654712677,
        0.4594181478023529,
        0.4146743416786194,
        0.42401669919490814,
        0.4021567106246948
    ],
    "tr_times": 0.5731384754180908,
    "ev_times": 0.0007243156433105469,
    "test_times": 0.000701904296875,
    "param_total_size": 2044132,
    "param_total_count": 511023,
    "model_size": 2072817
}