{
    "metric": "roc_auc",
    "eval_score": 0.9799498746867168,
    "n_trial": 67,
    "dataset": "train_1142_Sick_numeric",
    "model": {
        "booster": "gbtree",
        "n_estimators": 2000,
        "n_jobs": -1,
        "tree_method": "hist",
        "alpha": 0.16821898638198157,
        "colsample_bylevel": 0.9873924134848711,
        "colsample_bytree": 0.7889182011869644,
        "gamma": 18.1179098087721,
        "lambda": 0.005896194361513099,
        "learning_rate": 0.2425012561703638,
        "max_depth": 10,
        "min_child_weight": 1.907345252007468e-05,
        "subsample": 0.8960061834302249
    },
    "training": {
        "early_stopping_rounds": 20,
        "verbose": false
    }
}