{
    "args": {
        "model": "tv7.1",
        "output": "finetune_outputs/binclass-0.8/tv7.1-tuned/train_0400_analcatdata_supreme",
        "dataset": "train_0400_analcatdata_supreme",
        "task": "binclass",
        "batch_size": 64,
        "early_stop": 16,
        "reduce_data": 0.8
    },
    "device": "NVIDIA GeForce RTX 3090",
    "best_eval_score": 0.9983708048224177,
    "final_test_score": 0.9904175508362713,
    "ev_metric": [
        0.9983708048224177,
        0.9980449657869013,
        0.9977191267513849,
        0.9970674486803518,
        0.9970674486803519,
        0.9967416096448354,
        0.9960899315738025,
        0.9954382535027697,
        0.9944607363962202,
        0.9944607363962201,
        0.9934832192896709,
        0.9934832192896709,
        0.9934832192896709,
        0.993483219289671,
        0.992831541218638,
        0.9918540241120886,
        0.9918540241120887
    ],
    "test_metric": [
        0.9904175508362713,
        0.990835268759712,
        0.9910691907968386,
        0.9912362779662149,
        0.991236277966215,
        0.9910858995137762,
        0.9910858995137763,
        0.9910357733629636,
        0.9907767882504304,
        0.9904426139116778,
        0.9905512205717723,
        0.99007502213905,
        0.9898160370265168,
        0.9894651539708266,
        0.9891727514244181,
        0.9890140186135106,
        0.9886464268408829
    ],
    "tr_loss": [
        0.6240036818716261,
        0.6188709802097745,
        0.6183197034729851,
        0.6163188020388285,
        0.6119147804048326,
        0.6138228972752889,
        0.6106050676769681,
        0.6106925871637132,
        0.6050325433413187,
        0.6054438286357455,
        0.6074112190140618,
        0.6016733911302354,
        0.6033403740988837,
        0.5999131931198968,
        0.5964410503705343,
        0.5994164811240302,
        0.593328959412045
    ],
    "tr_times": 0.5793478488922119,
    "ev_times": 0.00032806396484375,
    "test_times": 0.0004894733428955078,
    "param_total_size": 1330700,
    "param_total_count": 332669
}