{
    "metric": "roc_auc",
    "eval_score": 0.984375,
    "n_trial": 0,
    "dataset": "1068",
    "model": {
        "attention_dropout": 0.26516395452941643,
        "d_ffn_factor": 2.434568443956976,
        "d_token": 224,
        "ffn_dropout": 0.42011479678500874,
        "n_blocks": 1,
        "residual_dropout": 0.32952958424476086
    },
    "training": {
        "batch_size": 64,
        "eval_batch_size": 64,
        "optimizer": "adamw",
        "lr": 0.00012399683088190345,
        "weight_decay": 2.5026241618393706e-05
    }
}