{
    "args": {
        "model": "mlp",
        "output": "finetune_outputs/binclass-0.8/mlp-tuned/train_0447_arsenic-female-lung",
        "dataset": "train_0447_arsenic-female-lung",
        "task": "binclass",
        "batch_size": 64,
        "early_stop": 16,
        "reduce_data": 0.8
    },
    "device": "NVIDIA GeForce RTX 3090",
    "best_eval_score": 1.0,
    "final_test_score": 0.9722222222222222,
    "ev_metric": [
        0.058823529411764705,
        0.058823529411764705,
        0.14705882352941177,
        0.20588235294117646,
        0.5294117647058824,
        0.8823529411764706,
        1.0,
        1.0,
        1.0,
        1.0,
        1.0,
        1.0,
        1.0,
        1.0,
        1.0,
        1.0,
        1.0,
        1.0,
        1.0,
        1.0,
        1.0,
        1.0,
        1.0
    ],
    "test_metric": [
        0.011574074074074073,
        0.009259259259259259,
        0.09722222222222222,
        0.1574074074074074,
        0.5208333333333333,
        0.8726851851851851,
        0.9722222222222222,
        0.9930555555555556,
        0.9930555555555556,
        0.9930555555555556,
        0.9976851851851851,
        0.9976851851851851,
        0.9976851851851851,
        1.0,
        1.0,
        1.0,
        1.0,
        1.0,
        1.0,
        1.0,
        1.0,
        1.0,
        1.0
    ],
    "tr_loss": [
        0.6662559509277344,
        0.5272777676582336,
        0.13366206269711256,
        0.41745835968299616,
        0.3690176270174561,
        0.1657185358926654,
        0.08424489758908749,
        0.1286904364824295,
        0.07093208562582731,
        0.2753954343497753,
        0.034821285284124315,
        0.029976610385347158,
        0.020103799761272967,
        0.017157724956632592,
        0.016390025994041935,
        0.015027377754449844,
        0.015671059613850957,
        0.014416881703596118,
        0.014329398341942579,
        0.013996958200417353,
        0.013904914259910583,
        0.013754763640463352,
        0.013379211005352332
    ],
    "tr_times": 0.3545956611633301,
    "ev_times": 0.0002276897430419922,
    "test_times": 0.00021338462829589844,
    "param_total_size": 13682228,
    "param_total_count": 3420557,
    "model_size": 13689495
}