{
    "args": {
        "model": "dcnv2",
        "output": "finetune_outputs/binclass-0.8/dcnv2-tuned/train_1898_Personal-Loan-Modeling",
        "dataset": "train_1898_Personal-Loan-Modeling",
        "task": "binclass",
        "batch_size": 64,
        "early_stop": 16,
        "reduce_data": 0.8
    },
    "device": "NVIDIA GeForce RTX 3090",
    "best_eval_score": 0.6640933910751271,
    "final_test_score": 0.6083039448073847,
    "ev_metric": [
        0.6008284692148371,
        0.6023347768781773,
        0.6164564112219921,
        0.6283185840707964,
        0.6548672566371682,
        0.6526077951421577,
        0.6640933910751271,
        0.663716814159292,
        0.6294483148183017,
        0.6398041800037657,
        0.6326492186028997,
        0.6315194878553945,
        0.6315194878553945,
        0.6125023536057239,
        0.614950103558652,
        0.6209753342120128,
        0.6132555074373941,
        0.5885897194501978,
        0.6236113726228583,
        0.6094897382790435,
        0.6049708152890227,
        0.6017699115044248,
        0.6102428921107137
    ],
    "test_metric": [
        0.5791129482954656,
        0.5876934343142357,
        0.6074078356555086,
        0.6166772658071727,
        0.6158630591046617,
        0.6248530573702569,
        0.6083039448073847,
        0.6147983272629164,
        0.6156992542059316,
        0.6251734404810083,
        0.6176769574685398,
        0.6115222292883159,
        0.625994873870228,
        0.6166844924938815,
        0.6107826983484612,
        0.6127074059085391,
        0.6358665279142819,
        0.5980372318899231,
        0.6086700969339577,
        0.6131072825730859,
        0.6231957372184002,
        0.6189849877628104,
        0.6197293364938044
    ],
    "tr_loss": [
        0.6117508798837662,
        0.5714605063199997,
        0.5367702931165695,
        0.5271628022193908,
        0.5090831458568573,
        0.49640213549137113,
        0.4804233282804489,
        0.48413802981376647,
        0.4699845939874649,
        0.461333292722702,
        0.4581224888563156,
        0.46249552071094513,
        0.4507189691066742,
        0.4323164910078049,
        0.41531047224998474,
        0.4063998579978943,
        0.41648336946964265,
        0.3927141338586807,
        0.3740977555513382,
        0.3518523782491684,
        0.3370512068271637,
        0.3176804006099701,
        0.3037327632308006
    ],
    "tr_times": 0.8129734992980957,
    "ev_times": 0.00031065940856933594,
    "test_times": 0.0002932548522949219,
    "param_total_size": 2679856,
    "param_total_count": 669958,
    "model_size": 2697863
}