{
    "args": {
        "model": "tv7.3",
        "output": "finetune_outputs/openml-0.8/tv7.3-tuned/1510",
        "dataset": "1510",
        "task": "openml",
        "batch_size": 64,
        "early_stop": 16,
        "reduce_data": 0.8
    },
    "device": "NVIDIA GeForce RTX 3090",
    "best_eval_score": 0.9090909090909092,
    "final_test_score": 0.9740041928721175,
    "ev_metric": [
        0.8939393939393939,
        0.8939393939393939,
        0.9090909090909092,
        0.9090909090909092,
        0.9090909090909092,
        0.9090909090909092,
        0.9090909090909092,
        0.9090909090909092,
        0.9090909090909092,
        0.9090909090909092,
        0.9090909090909092,
        0.9090909090909092,
        0.9090909090909092,
        0.9090909090909092,
        0.9090909090909092,
        0.9090909090909092,
        0.9090909090909092,
        0.9090909090909092,
        0.9090909090909092
    ],
    "test_metric": [
        0.9735849056603774,
        0.9735849056603774,
        0.9740041928721175,
        0.9744234800838575,
        0.9744234800838575,
        0.9748427672955975,
        0.9750524109014675,
        0.9752620545073376,
        0.9754716981132076,
        0.9754716981132076,
        0.9752620545073376,
        0.9754716981132076,
        0.9756813417190776,
        0.9758909853249476,
        0.9767295597484276,
        0.9769392033542976,
        0.9769392033542976,
        0.9769392033542976,
        0.9769392033542976
    ],
    "tr_loss": [
        0.6251518428325653,
        0.6118167638778687,
        0.5983363091945648,
        0.6092094779014587,
        0.613614559173584,
        0.5943418741226196,
        0.6011329293251038,
        0.6033257842063904,
        0.6259204745292664,
        0.5955504775047302,
        0.5996584594249725,
        0.5911071598529816,
        0.6247501075267792,
        0.6193049550056458,
        0.5877237319946289,
        0.6129504144191742,
        0.5953849256038666,
        0.5926547944545746,
        0.6183007955551147
    ],
    "tr_times": 3.9894323348999023,
    "ev_times": 0.00018286705017089844,
    "test_times": 0.0002048015594482422,
    "param_total_size": 90364,
    "param_total_count": 22591,
    "model_size": 105695
}