{
    "args": {
        "output": "finetune_outputs/binclass-0.8/ftt-tuned/train_1592_Diabetes-Data-Set",
        "dataset": "train_1592_Diabetes-Data-Set",
        "task": "binclass",
        "batch_size": 64,
        "early_stop": 16,
        "reduce_data": 0.8
    },
    "device": "NVIDIA GeForce RTX 3090",
    "best_eval_score": 0.7569444444444444,
    "final_test_score": 0.7596296296296295,
    "ev_metric": [
        0.7083333333333334,
        0.7152777777777778,
        0.7291666666666666,
        0.736111111111111,
        0.7361111111111112,
        0.7569444444444444,
        0.75,
        0.75,
        0.7291666666666666,
        0.7083333333333333,
        0.6944444444444444,
        0.6944444444444444,
        0.6805555555555556,
        0.7152777777777777,
        0.7152777777777777,
        0.7291666666666666,
        0.7291666666666666,
        0.7291666666666666,
        0.7430555555555556,
        0.75,
        0.7361111111111112,
        0.7430555555555556
    ],
    "test_metric": [
        0.7679629629629628,
        0.7642592592592593,
        0.7616666666666667,
        0.7642592592592593,
        0.7611111111111111,
        0.7596296296296295,
        0.7442592592592593,
        0.7351851851851852,
        0.7190740740740741,
        0.7131481481481481,
        0.7092592592592593,
        0.7192592592592592,
        0.7296296296296296,
        0.7338888888888888,
        0.7364814814814814,
        0.7411111111111112,
        0.7431481481481481,
        0.7411111111111112,
        0.7307407407407408,
        0.7174074074074074,
        0.7116666666666667,
        0.7062962962962963
    ],
    "tr_loss": [
        0.778994083404541,
        0.6104317009449005,
        0.5862889289855957,
        0.5419020354747772,
        0.5189657211303711,
        0.4482807368040085,
        0.4603537321090698,
        0.42770904302597046,
        0.37382255494594574,
        0.4102482795715332,
        0.44441306591033936,
        0.34696540236473083,
        0.38448716700077057,
        0.40348803997039795,
        0.3542165607213974,
        0.34949183464050293,
        0.34151820838451385,
        0.31036102026700974,
        0.36570148169994354,
        0.3031458109617233,
        0.33172914385795593,
        0.3163938969373703
    ],
    "tr_times": 0.44899940490722656,
    "ev_times": 0.000652313232421875,
    "test_times": 0.0005145072937011719,
    "param_total_size": 5417540,
    "param_total_count": 1354385,
    "model_size": 5436356
}