{
    "args": {
        "model": "tv7.4",
        "output": "finetune_outputs/binclass-0.8/tv7.4-tuned/train_0526_colleges_aaup",
        "dataset": "train_0526_colleges_aaup",
        "task": "binclass",
        "batch_size": 64,
        "early_stop": 16,
        "reduce_data": 0.8
    },
    "device": "NVIDIA GeForce RTX 3090",
    "best_eval_score": 1.0,
    "final_test_score": 0.964943032427695,
    "ev_metric": [
        0.993006993006993,
        0.993006993006993,
        0.9965034965034965,
        0.9965034965034965,
        1.0,
        0.9965034965034965,
        0.9965034965034965,
        0.9965034965034965,
        0.9965034965034965,
        0.9965034965034965,
        1.0,
        1.0,
        1.0,
        1.0,
        1.0,
        1.0,
        0.9965034965034965,
        0.9965034965034965,
        0.993006993006993,
        0.9895104895104895,
        0.9895104895104895
    ],
    "test_metric": [
        0.9537248028045573,
        0.9566170026292724,
        0.9595092024539876,
        0.9620508326029797,
        0.964943032427695,
        0.9680105170902717,
        0.9715162138475022,
        0.9748466257668711,
        0.9768624014022786,
        0.978615249780894,
        0.9805433829973706,
        0.9814198071866783,
        0.9832602979842242,
        0.9847502191060473,
        0.985977212971078,
        0.9868536371603855,
        0.9886064855390009,
        0.9895705521472392,
        0.9901840490797547,
        0.99079754601227,
        0.9912357581069238
    ],
    "tr_loss": [
        0.6224108934402466,
        0.6155181129773458,
        0.6087891260782877,
        0.6026939153671265,
        0.5972505410512289,
        0.5928145051002502,
        0.5854501128196716,
        0.5812606811523438,
        0.567909816900889,
        0.5691059430440267,
        0.5594874421755472,
        0.5700680216153463,
        0.5566322604815165,
        0.5487565795580546,
        0.5460295081138611,
        0.5416666269302368,
        0.5437991619110107,
        0.5350458224614462,
        0.5312352975209554,
        0.5307806134223938,
        0.5233844916025797
    ],
    "tr_times": 2.218132257461548,
    "ev_times": 0.00022649765014648438,
    "test_times": 0.0002357959747314453,
    "param_total_size": 240572,
    "param_total_count": 60142,
    "model_size": 317725
}