{
    "args": {
        "model": "tv7.4",
        "output": "finetune_outputs/binclass-0.8/tv7.4-tuned/TravelInsurancePrediction",
        "dataset": "TravelInsurancePrediction",
        "task": "binclass",
        "batch_size": 64,
        "early_stop": 16,
        "reduce_data": 0.8
    },
    "device": "NVIDIA GeForce RTX 3090",
    "best_eval_score": 0.7910922587486744,
    "final_test_score": 0.7331783670774648,
    "ev_metric": [
        0.7910922587486744,
        0.7879109225874867,
        0.7900318133616119,
        0.7889713679745493,
        0.7879109225874867,
        0.7868504772004242,
        0.7857900318133616,
        0.7868504772004242,
        0.7868504772004241,
        0.7900318133616119,
        0.7900318133616119,
        0.7889713679745493,
        0.790031813361612,
        0.7889713679745494,
        0.7889713679745494,
        0.7900318133616118,
        0.7879109225874867
    ],
    "test_metric": [
        0.7331783670774648,
        0.733123349471831,
        0.7328757702464789,
        0.7344437720070423,
        0.7348564040492958,
        0.7348564040492958,
        0.7351590008802816,
        0.7355716329225351,
        0.7367820202464788,
        0.7368645466549295,
        0.7373046875,
        0.7373321963028169,
        0.7368645466549295,
        0.7368645466549296,
        0.7369470730633805,
        0.7371121258802817,
        0.7368920554577465
    ],
    "tr_loss": [
        0.6765804588794708,
        0.6727316230535507,
        0.6689484715461731,
        0.6646540760993958,
        0.6600567251443863,
        0.6563443690538406,
        0.6517901122570038,
        0.6478234082460403,
        0.6437944322824478,
        0.640000119805336,
        0.636286124587059,
        0.6327487230300903,
        0.6290552169084549,
        0.6261422038078308,
        0.6231035888195038,
        0.620355412364006,
        0.6177829056978226
    ],
    "tr_times": 0.09246563911437988,
    "ev_times": 0.0002548694610595703,
    "test_times": 0.0002486705780029297,
    "param_total_size": 1589520,
    "param_total_count": 397373,
    "model_size": 1623581
}