{
    "metric": "roc_auc",
    "eval_score": 1.0,
    "n_trial": 0,
    "dataset": "train_0424_autoPrice",
    "model": {
        "booster": "gbtree",
        "n_estimators": 2000,
        "n_jobs": -1,
        "tree_method": "hist",
        "alpha": 1.3478318284237723e-07,
        "colsample_bylevel": 0.9155352449251701,
        "colsample_bytree": 0.9958209374175506,
        "gamma": 0.00024087590774245142,
        "lambda": 0.0010864487399702952,
        "learning_rate": 0.001127012509582082,
        "max_depth": 8,
        "min_child_weight": 0.0063065551357874994,
        "subsample": 0.6480290447265895
    },
    "training": {
        "early_stopping_rounds": 20,
        "verbose": false
    }
}