{
    "args": {
        "model": "dcnv2",
        "output": "finetune_outputs/binclass-0.8/dcnv2-tuned/train_1458_kdd_ipums_la_97-small",
        "dataset": "train_1458_kdd_ipums_la_97-small",
        "task": "binclass",
        "batch_size": 64,
        "early_stop": 16,
        "reduce_data": 0.8
    },
    "device": "NVIDIA GeForce RTX 3090",
    "best_eval_score": 0.9262592538830019,
    "final_test_score": 0.9340810288052093,
    "ev_metric": [
        0.923501233851067,
        0.9094208157932936,
        0.9262592538830019,
        0.864421541588039,
        0.9056466831180142,
        0.8978806793438816,
        0.9011467556974887,
        0.8706633763971549,
        0.718173900420961,
        0.5966032805922485,
        0.6093046886340543,
        0.80091450137901,
        0.8231238205835391,
        0.7768906953113659,
        0.808245028305995,
        0.845115401364494,
        0.8424299608070837,
        0.8356800696762956,
        0.8238496153287849
    ],
    "test_metric": [
        0.9262365375833919,
        0.9246290294437577,
        0.9340810288052093,
        0.9024023522336195,
        0.9206789401583748,
        0.9233964827870403,
        0.8919294181414532,
        0.8489573472031957,
        0.6717305029310109,
        0.5531405808561745,
        0.6348264967831276,
        0.79354843499987,
        0.799618356035209,
        0.8251584305077573,
        0.8578469043402719,
        0.8441366790292582,
        0.85905346356748,
        0.8539098087696437,
        0.8495550580819049
    ],
    "tr_loss": [
        0.7153595902703025,
        0.3796656809069894,
        0.32240812886844983,
        0.32735792750662024,
        0.3562401384115219,
        0.3536871305920861,
        14.032284886999564,
        1.0532852682200344,
        53.67310567335649,
        3122.8524162986064,
        2776.517786199396,
        3167.6041426225142,
        991.8288265575062,
        133.43294941295278,
        60.13527922196822,
        38.336119651794434,
        31.27700539068742,
        15.025827581232244,
        11.623181607912887
    ],
    "tr_times": 0.6608555316925049,
    "ev_times": 0.0002410411834716797,
    "test_times": 0.0004956722259521484,
    "param_total_size": 7022308,
    "param_total_count": 1755574,
    "model_size": 7034897
}