{
    "args": {
        "model": "tv7.3",
        "output": "finetune_outputs/openml-0.8/tv7.3-tuned/1487",
        "dataset": "1487",
        "task": "openml",
        "batch_size": 64,
        "early_stop": 16,
        "reduce_data": 0.8
    },
    "device": "NVIDIA GeForce RTX 3090",
    "best_eval_score": 0.8056338028169014,
    "final_test_score": 0.7707070707070707,
    "ev_metric": [
        0.8056338028169014,
        0.8056338028169014,
        0.8056338028169014,
        0.8056338028169014,
        0.8056338028169014,
        0.8056338028169014,
        0.8028169014084507,
        0.8028169014084507,
        0.8028169014084507,
        0.8028169014084507,
        0.8028169014084507,
        0.8028169014084507,
        0.8028169014084507,
        0.8028169014084507,
        0.8028169014084507,
        0.8028169014084507,
        0.8028169014084507
    ],
    "test_metric": [
        0.7707070707070707,
        0.7712962962962963,
        0.7716750841750842,
        0.771969696969697,
        0.7726010101010101,
        0.772979797979798,
        0.7733164983164983,
        0.7736111111111111,
        0.7738215488215487,
        0.773989898989899,
        0.7743265993265993,
        0.7746212121212122,
        0.7748316498316499,
        0.775462962962963,
        0.7759259259259259,
        0.7762205387205388,
        0.7765572390572391
    ],
    "tr_loss": [
        0.7054835557937622,
        0.7048856377601623,
        0.7057564735412598,
        0.7051050186157226,
        0.705435860157013,
        0.7043747067451477,
        0.7045984864234924,
        0.7038503408432006,
        0.7036582112312317,
        0.7032313346862793,
        0.7038331151008606,
        0.7040542125701904,
        0.7018914341926574,
        0.7023061037063598,
        0.7012876987457275,
        0.7015756726264953,
        0.7022424221038819
    ],
    "tr_times": 0.08509302139282227,
    "ev_times": 0.00017905235290527344,
    "test_times": 0.0003972053527832031,
    "param_total_size": 22724,
    "param_total_count": 5681,
    "model_size": 29087
}