{
    "args": {
        "model": "tv7.1",
        "output": "finetune_outputs/binclass-0.8/tv7.1-tuned/UniversalBank",
        "dataset": "UniversalBank",
        "task": "binclass",
        "batch_size": 64,
        "early_stop": 16,
        "reduce_data": 0.8
    },
    "device": "NVIDIA GeForce RTX 3090",
    "best_eval_score": 0.6399924684616833,
    "final_test_score": 0.5112712223699678,
    "ev_metric": [
        0.6108077574844663,
        0.6277537186970439,
        0.6369798531350028,
        0.6399924684616833,
        0.6273771417812087,
        0.6181510073432498,
        0.6177744304274148,
        0.6070419883261157,
        0.6100546036527961,
        0.6064771229523631,
        0.6098663151948785,
        0.6109960459423838,
        0.606100546036528,
        0.6172095650536622,
        0.6038410845415175,
        0.6115609113161363,
        0.6213519111278479,
        0.6164564112219921,
        0.6200338919224253,
        0.631331199397477
    ],
    "test_metric": [
        0.5086238461390222,
        0.5064871557688231,
        0.5077686882118286,
        0.5112712223699678,
        0.5231181707810603,
        0.531072343951745,
        0.5316239810371741,
        0.5333198435181439,
        0.5327657975371451,
        0.5331054518124531,
        0.5326019926384151,
        0.5321924803915901,
        0.5338714806035728,
        0.5340617833535681,
        0.5377281224104372,
        0.5353529513788519,
        0.5327248463124626,
        0.5352879111984737,
        0.5341774103409069,
        0.5343050818060935
    ],
    "tr_loss": [
        0.6912028372287751,
        0.6865157842636108,
        0.680386483669281,
        0.6737654387950898,
        0.6673361897468567,
        0.6616623520851135,
        0.6569970548152924,
        0.6527748227119445,
        0.6493409872055054,
        0.6462409436702728,
        0.6434219419956207,
        0.6409859418869018,
        0.6389199674129487,
        0.6370214879512787,
        0.635362309217453,
        0.6339262902736664,
        0.6327362060546875,
        0.6316626071929932,
        0.6307065486907959,
        0.6299238204956055
    ],
    "tr_times": 0.6383633613586426,
    "ev_times": 0.0003361701965332031,
    "test_times": 0.0004277229309082031,
    "param_total_size": 2124116,
    "param_total_count": 531023
}