{
    "args": {
        "model": "dcnv2",
        "output": "finetune_outputs/binclass-0.8/dcnv2-tuned/new_model",
        "dataset": "new_model",
        "task": "binclass",
        "batch_size": 64,
        "early_stop": 16,
        "reduce_data": 0.8
    },
    "device": "NVIDIA GeForce RTX 3090",
    "best_eval_score": 1.0,
    "final_test_score": 0.9753333333333333,
    "ev_metric": [
        0.9750000000000001,
        1.0,
        1.0,
        1.0,
        1.0,
        1.0,
        1.0,
        1.0,
        1.0,
        1.0,
        1.0,
        1.0,
        1.0,
        1.0,
        1.0,
        1.0,
        1.0,
        1.0
    ],
    "test_metric": [
        0.9726666666666666,
        0.9753333333333333,
        0.9766666666666667,
        0.9846666666666667,
        0.992,
        0.9926666666666667,
        0.992,
        0.9906666666666667,
        0.988,
        0.988,
        0.9866666666666666,
        0.971,
        0.9720000000000001,
        0.9720000000000001,
        0.9713333333333334,
        0.9720000000000001,
        0.9726666666666668,
        0.9886666666666668
    ],
    "tr_loss": [
        1.1340789794921875,
        0.3190695643424988,
        2.1274619102478027,
        0.09394215047359467,
        0.07673090696334839,
        0.039275988936424255,
        0.020588228479027748,
        0.013185517862439156,
        0.004926647990942001,
        0.004495483357459307,
        0.0007324017351493239,
        0.00038638399564661086,
        0.00018561683828011155,
        1.900872666737996e-05,
        0.0036558767315000296,
        0.008447234518826008,
        1.5663921658415347e-05,
        5.866916694685642e-07
    ],
    "tr_times": 0.325911283493042,
    "ev_times": 0.00022721290588378906,
    "test_times": 0.0002675056457519531,
    "param_total_size": 5153196,
    "param_total_count": 1288299,
    "model_size": 5167183
}