{
    "args": {
        "model": "dcnv2",
        "output": "finetune_outputs/openml-0.8/dcnv2-tuned/1485",
        "dataset": "1485",
        "task": "openml",
        "batch_size": 64,
        "early_stop": 16,
        "reduce_data": 0.8
    },
    "device": "NVIDIA GeForce RTX 3090",
    "best_eval_score": 0.5456936226166995,
    "final_test_score": 0.5722792899408283,
    "ev_metric": [
        0.3747534516765286,
        0.5404339250493098,
        0.4582511505588429,
        0.5456936226166995,
        0.4983563445101907,
        0.4339250493096647,
        0.47534516765285995,
        0.43326758711374097,
        0.5437212360289283,
        0.522682445759369,
        0.5101906640368179,
        0.48717948717948717,
        0.48652202498356345,
        0.45364891518737666,
        0.4589086127547666,
        0.43852728468113084,
        0.42932281393819854,
        0.41946088099934253,
        0.3793556870479947,
        0.43721236028928334
    ],
    "test_metric": [
        0.481098224852071,
        0.5498792899408285,
        0.5469065088757397,
        0.5722792899408283,
        0.5704994082840236,
        0.5595739644970414,
        0.5694059171597633,
        0.530385798816568,
        0.5843124260355029,
        0.590873372781065,
        0.5927810650887574,
        0.596515976331361,
        0.5959479289940828,
        0.5906556213017752,
        0.5849278106508875,
        0.5853917159763313,
        0.5894343195266273,
        0.5912899408284024,
        0.5815100591715976,
        0.560530177514793
    ],
    "tr_loss": [
        2.042116904258728,
        0.9437454104423523,
        0.9827452898025513,
        0.7175932049751281,
        0.7032580375671387,
        0.6826943278312683,
        0.7492195129394531,
        0.691954505443573,
        0.6765340447425843,
        0.6855146050453186,
        0.6761955738067627,
        0.6659376502037049,
        0.638986599445343,
        0.692000663280487,
        0.6695498466491699,
        0.6633351087570191,
        0.6517488121986389,
        0.589481782913208,
        0.5594188153743744,
        0.931236982345581
    ],
    "tr_times": 0.436023473739624,
    "ev_times": 0.00016188621520996094,
    "test_times": 0.0002932548522949219,
    "param_total_size": 2032388,
    "param_total_count": 508097,
    "model_size": 2040411
}