{
    "args": {
        "output": "finetune_outputs/binclass-0.8/ftt-tuned/train_1408_national-longitudinal-survey-binary",
        "dataset": "train_1408_national-longitudinal-survey-binary",
        "task": "binclass",
        "batch_size": 64,
        "early_stop": 16,
        "reduce_data": 0.8
    },
    "device": "NVIDIA GeForce RTX 3090",
    "best_eval_score": 1.0,
    "final_test_score": 0.9999250047423472,
    "ev_metric": [
        0.9756139744033206,
        0.9993081978554134,
        0.9923901764095469,
        0.9930819785541335,
        1.0,
        1.0,
        1.0,
        1.0,
        1.0,
        1.0,
        1.0,
        1.0,
        1.0,
        1.0,
        0.9998270494638534,
        0.9998270494638534,
        0.9998270494638534,
        0.9998270494638534,
        0.9998270494638534,
        0.9998270494638534,
        0.9998270494638534
    ],
    "test_metric": [
        0.9697945571088886,
        0.9991265258226318,
        0.9644632765869217,
        0.9902197361049228,
        0.9999250047423472,
        0.9977942571278581,
        0.99993823919958,
        0.9999823540570228,
        0.99996911959979,
        0.9999955885142556,
        0.9999867655427671,
        0.9999779425712786,
        0.9999823540570228,
        0.9999029473136258,
        0.9998676554276714,
        0.9998985358278815,
        0.9998853013706486,
        0.999889712856393,
        0.9998676554276715,
        0.9998676554276715,
        0.9998676554276715
    ],
    "tr_loss": [
        0.6602510333061218,
        0.5187421798706054,
        0.21545635238289834,
        0.1329856500029564,
        0.08626390546560288,
        0.06509166471660137,
        0.062831574305892,
        0.06587004903703927,
        0.051058029755949974,
        0.06054676752537489,
        0.039371997490525244,
        0.04670829363167286,
        0.041995453741401435,
        0.04494254048913717,
        0.047154183685779574,
        0.029123106505721807,
        0.023924690298736097,
        0.0354846615344286,
        0.03127779820933938,
        0.031229599379003048,
        0.036001522978767755
    ],
    "tr_times": 0.992523193359375,
    "ev_times": 0.00060272216796875,
    "test_times": 0.0006148815155029297,
    "param_total_size": 1246452,
    "param_total_count": 311605,
    "model_size": 1266817
}