{
    "args": {
        "model": "dcnv2",
        "output": "finetune_outputs/binclass-0.8/dcnv2-tuned/train_0446_arsenic-female-bladder",
        "dataset": "train_0446_arsenic-female-bladder",
        "task": "binclass",
        "batch_size": 64,
        "early_stop": 16,
        "reduce_data": 0.8
    },
    "device": "NVIDIA GeForce RTX 3090",
    "best_eval_score": 0.5777777777777778,
    "final_test_score": 0.6901041666666667,
    "ev_metric": [
        0.5333333333333334,
        0.3111111111111111,
        0.22222222222222224,
        0.17777777777777778,
        0.5111111111111111,
        0.5333333333333333,
        0.5777777777777778,
        0.5111111111111111,
        0.2,
        0.1777777777777778,
        0.1777777777777778,
        0.15555555555555559,
        0.13333333333333333,
        0.15555555555555559,
        0.1777777777777778,
        0.4555555555555556,
        0.4666666666666667,
        0.15555555555555559,
        0.15555555555555559,
        0.15555555555555559,
        0.15555555555555559,
        0.15555555555555559,
        0.15555555555555559
    ],
    "test_metric": [
        0.671875,
        0.39583333333333337,
        0.5784505208333334,
        0.646484375,
        0.7662760416666666,
        0.802734375,
        0.6901041666666667,
        0.7942708333333333,
        0.7392578125,
        0.6790364583333334,
        0.7122395833333333,
        0.720703125,
        0.7701822916666667,
        0.8059895833333334,
        0.802734375,
        0.814453125,
        0.859375,
        0.8352864583333333,
        0.8118489583333334,
        0.7542317708333333,
        0.7265625,
        0.7233072916666666,
        0.728515625
    ],
    "tr_loss": [
        1.7697890996932983,
        0.31519582122564316,
        2.141266882419586,
        0.7971946820616722,
        1.3053680956363678,
        4.635881066322327,
        0.2897855560295284,
        4.15855872631073,
        0.32847969327121973,
        0.41184552013874054,
        1.1958655714988708,
        0.7719896137714386,
        1.0116841793060303,
        0.37401307746768,
        0.40969888865947723,
        1.5997141152620316,
        0.22231325693428516,
        0.42631034553050995,
        0.9754879027605057,
        0.26858004927635193,
        0.35184526443481445,
        0.4344462454319,
        0.3458478972315788
    ],
    "tr_times": 0.3765385150909424,
    "ev_times": 0.0002810955047607422,
    "test_times": 0.00024700164794921875,
    "param_total_size": 747476,
    "param_total_count": 186869,
    "model_size": 762509
}