{
    "args": {
        "model": "mlp",
        "output": "finetune_outputs/binclass-0.8/mlp-tuned/train_1752_Wisconsin-breast-cancer-cytology-features",
        "dataset": "train_1752_Wisconsin-breast-cancer-cytology-features",
        "task": "binclass",
        "batch_size": 64,
        "early_stop": 16,
        "reduce_data": 0.8
    },
    "device": "NVIDIA GeForce RTX 3090",
    "best_eval_score": 1.0,
    "final_test_score": 0.9947916666666666,
    "ev_metric": [
        0.9916666666666667,
        0.9916666666666667,
        0.9916666666666667,
        1.0,
        1.0,
        1.0,
        1.0,
        1.0,
        1.0,
        1.0,
        1.0,
        1.0,
        1.0,
        1.0,
        1.0,
        1.0,
        1.0,
        1.0,
        1.0,
        1.0
    ],
    "test_metric": [
        0.9889039855072463,
        0.993659420289855,
        0.9945652173913042,
        0.9947916666666666,
        0.995018115942029,
        0.9934329710144928,
        0.9923007246376812,
        0.9923007246376812,
        0.9927536231884058,
        0.9932065217391305,
        0.9925271739130435,
        0.9920742753623188,
        0.9929800724637681,
        0.9934329710144927,
        0.9934329710144927,
        0.9934329710144927,
        0.9938858695652174,
        0.994338768115942,
        0.994338768115942,
        0.9934329710144927
    ],
    "tr_loss": [
        0.6866461336612701,
        0.6820875406265259,
        0.6781079769134521,
        0.666942685842514,
        0.6584914922714233,
        0.654710203409195,
        0.606933057308197,
        0.4765964448451996,
        0.4742216467857361,
        0.3931387960910797,
        0.3379981964826584,
        0.30747266113758087,
        0.3680983632802963,
        0.318194255232811,
        0.2922125309705734,
        0.30884218215942383,
        0.29527415335178375,
        0.25897617638111115,
        0.3243004381656647,
        0.25346240401268005
    ],
    "tr_times": 0.36256980895996094,
    "ev_times": 0.0002372264862060547,
    "test_times": 0.00022745132446289062,
    "param_total_size": 16928936,
    "param_total_count": 4232226,
    "model_size": 16939151
}