{
    "args": {
        "model": "tv7.2",
        "output": "finetune_outputs/binclass-0.8/tv7.2-tuned/diabetes_data_upload",
        "dataset": "diabetes_data_upload",
        "task": "binclass",
        "batch_size": 64,
        "early_stop": 16,
        "reduce_data": 0.8
    },
    "device": "NVIDIA GeForce RTX 3090",
    "best_eval_score": 1.0,
    "final_test_score": 0.95625,
    "ev_metric": [
        1.0,
        1.0,
        1.0,
        0.9714285714285713,
        0.9714285714285713,
        0.9714285714285713,
        0.9714285714285713,
        0.9714285714285713,
        0.9714285714285713,
        0.9714285714285713,
        0.9714285714285713,
        0.9714285714285713,
        0.9714285714285714,
        0.9714285714285714,
        0.9714285714285714,
        0.9714285714285714,
        0.9714285714285714
    ],
    "test_metric": [
        0.95625,
        0.9503906249999999,
        0.950390625,
        0.9593749999999999,
        0.9656250000000001,
        0.975390625,
        0.9789062500000001,
        0.9828125,
        0.9808593750000001,
        0.9808593750000001,
        0.982421875,
        0.9828125000000001,
        0.98203125,
        0.983984375,
        0.9839843749999999,
        0.98515625,
        0.9843750000000001
    ],
    "tr_loss": [
        0.5982037782669067,
        0.6508089303970337,
        0.5612166523933411,
        0.6436185836791992,
        0.5458181500434875,
        0.5596643686294556,
        0.5477741956710815,
        0.5715678334236145,
        0.5297512114048004,
        0.5961884558200836,
        0.5231427252292633,
        0.5300682783126831,
        0.5246060788631439,
        0.5762558877468109,
        0.613482266664505,
        0.5531646609306335,
        0.537363737821579
    ],
    "tr_times": 0.05437970161437988,
    "ev_times": 0.0002951622009277344,
    "test_times": 0.0003819465637207031,
    "param_total_size": 6179052,
    "param_total_count": 1544748,
    "model_size": 6240157
}