{
    "args": {
        "output": "finetune_outputs/binclass-0.0/ftt-tuned/train_1564_Mammographic-Mass-Data-Set",
        "dataset": "train_1564_Mammographic-Mass-Data-Set",
        "task": "binclass",
        "batch_size": 64,
        "early_stop": 16,
        "reduce_data": 0.0
    },
    "device": "NVIDIA GeForce RTX 3090",
    "best_eval_score": 0.9329710144927537,
    "final_test_score": 0.8843863471314451,
    "ev_metric": [
        0.9168931159420289,
        0.9122509057971013,
        0.9286684782608695,
        0.9317255434782609,
        0.9322916666666666,
        0.9298007246376813,
        0.9292346014492754,
        0.9295742753623188,
        0.9327445652173914,
        0.9313858695652173,
        0.9329710144927537,
        0.9312726449275363,
        0.9265172101449275,
        0.9296875,
        0.9245923913043478,
        0.925384963768116,
        0.9254981884057971,
        0.9252717391304348,
        0.9245923913043479,
        0.9206295289855072,
        0.9279891304347826,
        0.9227807971014493,
        0.9164402173913043,
        0.9137228260869565,
        0.9144021739130435,
        0.9134963768115941,
        0.9037590579710145
    ],
    "test_metric": [
        0.8949891067538126,
        0.8939724037763254,
        0.8822803195352216,
        0.8864197530864197,
        0.8868554829339143,
        0.8875816993464053,
        0.8879448075526507,
        0.8889615105301379,
        0.8891793754538853,
        0.886637618010167,
        0.8843863471314451,
        0.8869281045751634,
        0.8835148874364561,
        0.8841684822076978,
        0.881190994916485,
        0.8823529411764706,
        0.8799564270152506,
        0.8818445896877268,
        0.8833696441539578,
        0.8803921568627452,
        0.8749455337690631,
        0.8785039941902687,
        0.8753086419753086,
        0.8737835875090777,
        0.8748729121278142,
        0.8734931009440812,
        0.8657952069716774
    ],
    "tr_loss": [
        0.5746126837200589,
        0.4071650604406993,
        0.38857107361157733,
        0.3705768982569377,
        0.37777627176708645,
        0.3792911138799455,
        0.3755708535512288,
        0.40124527944458854,
        0.3601309359073639,
        0.361413836479187,
        0.38122187389267814,
        0.3513830502827962,
        0.3730904526180691,
        0.3664642009470198,
        0.3989296389950646,
        0.3634445269902547,
        0.3745278881655799,
        0.370919148127238,
        0.38537593682607013,
        0.34300855961110854,
        0.3767413530084822,
        0.3799178765879737,
        0.35382965703805286,
        0.35827497641245526,
        0.34898347159226734,
        0.35284677975707585,
        0.3525537881586287
    ]
}