{
    "args": {
        "model": "dcnv2",
        "output": "finetune_outputs/binclass-0.8/dcnv2-tuned/Bank_Personal_Loan_Modelling",
        "dataset": "Bank_Personal_Loan_Modelling",
        "task": "binclass",
        "batch_size": 64,
        "early_stop": 16,
        "reduce_data": 0.8
    },
    "device": "NVIDIA GeForce RTX 3090",
    "best_eval_score": 0.6983618904161176,
    "final_test_score": 0.5786697115106666,
    "ev_metric": [
        0.5192995669365468,
        0.6123140651478064,
        0.6561852758425909,
        0.6462059875729618,
        0.6488420259838072,
        0.6484654490679721,
        0.6983618904161176,
        0.5955563923931464,
        0.6091131613632084,
        0.6721897947655809,
        0.6505366221050649,
        0.6575032950480136,
        0.632084353229147,
        0.6249293918282809,
        0.6279420071549614,
        0.6484654490679722,
        0.6565618527584259,
        0.6214460553568066,
        0.6074185652419506,
        0.6786857465637356,
        0.6219167765016005,
        0.6874411598569007,
        0.6456411221992091
    ],
    "test_metric": [
        0.5577797691314487,
        0.5631323350870093,
        0.5976951687190456,
        0.5885172765990249,
        0.5898518047445607,
        0.561291938871866,
        0.5786697115106666,
        0.5916247518837563,
        0.5715297450424929,
        0.5811797806941474,
        0.5633105933591567,
        0.6057456977125127,
        0.5837139388333237,
        0.6021998034341215,
        0.5850629203522769,
        0.5876548919851227,
        0.585335125551637,
        0.5814230791466728,
        0.5900396985989864,
        0.5839066504788885,
        0.5706336358906168,
        0.5801680445549324,
        0.5974012834595595
    ],
    "tr_loss": [
        0.6212734878063202,
        0.6324190616607666,
        0.5805922448635101,
        0.5512458860874176,
        0.5446314245462418,
        0.5404915630817413,
        0.5145457834005356,
        0.5420875281095505,
        0.5185250669717789,
        0.5345759689807892,
        0.4855285108089447,
        0.5089663892984391,
        0.4932748317718506,
        0.4951730310916901,
        0.47658740878105166,
        0.4571019411087036,
        0.47093393206596373,
        0.462262886762619,
        0.46106875240802764,
        0.49913668930530547,
        0.5231858968734742,
        0.4998050183057785,
        0.4855061799287796
    ],
    "tr_times": 0.7176804542541504,
    "ev_times": 0.0002396106719970703,
    "test_times": 0.0003018379211425781,
    "param_total_size": 11756632,
    "param_total_count": 2939152,
    "model_size": 11770575
}