{
    "args": {
        "model": "xgboost",
        "output": "finetune_outputs/binclass-0.8/xgboost-tuned/train_0445_arsenic-male-bladder",
        "dataset": "train_0445_arsenic-male-bladder",
        "task": "binclass",
        "reduce_data": 0.8
    },
    "device": "NVIDIA GeForce RTX 3090",
    "configs": {
        "metric": "roc_auc",
        "eval_score": 1.0,
        "n_trial": 1,
        "dataset": "train_0445_arsenic-male-bladder",
        "model": {
            "booster": "gbtree",
            "n_estimators": 2000,
            "n_jobs": -1,
            "tree_method": "hist",
            "alpha": 2.0842292039499627e-06,
            "colsample_bylevel": 0.9956132215180221,
            "colsample_bytree": 0.7543372118096061,
            "gamma": 2.23384469684037e-07,
            "lambda": 0.14343627524756836,
            "learning_rate": 0.00994971194524048,
            "max_depth": 10,
            "min_child_weight": 0.00509177256888597,
            "subsample": 0.5963769932105982
        },
        "training": {
            "early_stopping_rounds": 20,
            "verbose": false,
            "eval_metric": "error"
        }
    },
    "best_eval_score": 1.0,
    "final_test_score": 0.4485981308411215,
    "tr_times": 0.013043642044067383,
    "ev_times": 0.0001609325408935547,
    "test_times": 0.00012254714965820312,
    "param_total_size": 0,
    "param_total_count": 0,
    "model_size": 15969
}