{
    "args": {
        "output": "finetune_outputs/binclass-0.8/ftt-tuned/BankNoteAuthentication",
        "dataset": "BankNoteAuthentication",
        "task": "binclass",
        "batch_size": 64,
        "early_stop": 16,
        "reduce_data": 0.8
    },
    "device": "NVIDIA GeForce RTX 3090",
    "best_eval_score": 1.0,
    "final_test_score": 0.997589199614272,
    "ev_metric": [
        0.8821052631578947,
        0.9494736842105262,
        0.9578947368421052,
        0.9621052631578947,
        0.9894736842105264,
        1.0,
        1.0,
        1.0,
        1.0,
        1.0,
        1.0,
        1.0,
        1.0,
        1.0,
        1.0,
        1.0,
        1.0,
        1.0,
        1.0,
        1.0,
        1.0,
        1.0
    ],
    "test_metric": [
        0.9584270866816672,
        0.9762134361941497,
        0.978731383263688,
        0.9848923175827708,
        0.9917497053466195,
        0.997589199614272,
        0.9994106932390443,
        0.9998928533161899,
        0.9998928533161898,
        0.9998928533161899,
        0.9998392799742847,
        0.9888567448837458,
        1.0,
        1.0,
        1.0,
        1.0,
        1.0,
        0.9998928533161899,
        0.999946426658095,
        0.9998392799742848,
        0.9998392799742848,
        1.0
    ],
    "tr_loss": [
        0.6582713524500529,
        0.5512081384658813,
        0.3955717285474141,
        0.30657103657722473,
        0.211866224805514,
        0.16019183893998465,
        0.160983736316363,
        0.07152215763926506,
        0.09382795790831248,
        0.09903165449698766,
        0.09222860261797905,
        0.06875259925921758,
        0.09463247284293175,
        0.059506175418694816,
        0.09293519333004951,
        0.07257516061266263,
        0.0919652208685875,
        0.02534202424188455,
        0.04288385373850664,
        0.047981364031632744,
        0.02675384407242139,
        0.047159536431233086
    ],
    "tr_times": 0.49952149391174316,
    "ev_times": 0.0005984306335449219,
    "test_times": 0.000732421875,
    "param_total_size": 3190596,
    "param_total_count": 797649,
    "model_size": 3210052
}