{
    "args": {
        "output": "finetune_outputs/binclass-0.0/ftt-tuned/train_0446_arsenic-female-bladder",
        "dataset": "train_0446_arsenic-female-bladder",
        "task": "binclass",
        "batch_size": 64,
        "early_stop": 16,
        "reduce_data": 0.0
    },
    "device": "NVIDIA GeForce RTX 3090",
    "best_eval_score": 0.7922077922077921,
    "final_test_score": 0.732421875,
    "ev_metric": [
        0.7922077922077921,
        0.7682317682317683,
        0.7752247752247752,
        0.7832167832167832,
        0.7712287712287712,
        0.7622377622377623,
        0.7542457542457542,
        0.7372627372627373,
        0.7352647352647353,
        0.7552447552447552,
        0.7612387612387613,
        0.7522477522477523,
        0.7602397602397603,
        0.7642357642357642,
        0.7662337662337662,
        0.7562437562437563,
        0.7662337662337662
    ],
    "test_metric": [
        0.732421875,
        0.7792968749999999,
        0.7532552083333334,
        0.7740885416666667,
        0.7858072916666667,
        0.8561197916666666,
        0.8873697916666666,
        0.8671875,
        0.8671875,
        0.8593750000000001,
        0.859375,
        0.8313802083333334,
        0.8600260416666667,
        0.849609375,
        0.8522135416666666,
        0.8444010416666666,
        0.8548177083333333
    ],
    "tr_loss": [
        0.5064531763394674,
        0.4080362220605214,
        0.39554846783479053,
        0.37446322043736774,
        0.366276482741038,
        0.3353530863920848,
        0.3585793028275172,
        0.33434951305389404,
        0.3175601412852605,
        0.3279322534799576,
        0.33494459340969723,
        0.32820387184619904,
        0.31752031793196994,
        0.30610831330219906,
        0.3040276492635409,
        0.3177809516588847,
        0.30696865419546765
    ]
}