{
    "args": {
        "model": "tv7.3",
        "output": "finetune_outputs/binclass-0.8/tv7.3-tuned/train_0406_visualizing_environmental",
        "dataset": "train_0406_visualizing_environmental",
        "task": "binclass",
        "batch_size": 64,
        "early_stop": 16,
        "reduce_data": 0.8
    },
    "device": "NVIDIA GeForce RTX 3090",
    "best_eval_score": 0.5,
    "final_test_score": 0.7651515151515151,
    "ev_metric": [
        0.5,
        0.5,
        0.5,
        0.5,
        0.5,
        0.5,
        0.5,
        0.5,
        0.5,
        0.5,
        0.5,
        0.5,
        0.5,
        0.5,
        0.5,
        0.5,
        0.5
    ],
    "test_metric": [
        0.7651515151515151,
        0.7651515151515151,
        0.7651515151515151,
        0.7651515151515151,
        0.7651515151515151,
        0.7651515151515151,
        0.7651515151515151,
        0.7575757575757575,
        0.7575757575757575,
        0.7575757575757575,
        0.7575757575757575,
        0.7575757575757575,
        0.7575757575757575,
        0.7575757575757575,
        0.7575757575757575,
        0.7575757575757575,
        0.7575757575757575
    ],
    "tr_loss": [
        0.6517395973205566,
        0.6516996026039124,
        0.6516596674919128,
        0.6516199707984924,
        0.6515800952911377,
        0.651540219783783,
        0.651500403881073,
        0.651460587978363,
        0.6514207720756531,
        0.6513810157775879,
        0.6513410806655884,
        0.6513013243675232,
        0.6512615084648132,
        0.651221752166748,
        0.6511821150779724,
        0.6511422991752625,
        0.6511023640632629
    ],
    "tr_times": 1.1068401336669922,
    "ev_times": 0.00018334388732910156,
    "test_times": 0.0002028942108154297,
    "param_total_size": 22516,
    "param_total_count": 5629,
    "model_size": 35679
}