{
    "args": {
        "model": "tv7.4",
        "output": "finetune_outputs/binclass-0.8/tv7.4-tuned/train_1692_Gender-Classification-Dataset",
        "dataset": "train_1692_Gender-Classification-Dataset",
        "task": "binclass",
        "batch_size": 64,
        "early_stop": 16,
        "reduce_data": 0.8
    },
    "device": "NVIDIA GeForce RTX 3090",
    "best_eval_score": 0.9946875,
    "final_test_score": 0.9979101796407186,
    "ev_metric": [
        0.9889062499999999,
        0.99109375,
        0.9921875,
        0.99328125,
        0.99375,
        0.99390625,
        0.99421875,
        0.9946875,
        0.9946875,
        0.994375,
        0.994375,
        0.994375,
        0.994375,
        0.994375,
        0.9940625,
        0.9940625,
        0.9937499999999999,
        0.99390625,
        0.9942187499999999,
        0.99390625,
        0.99390625,
        0.99390625,
        0.99390625,
        0.99375
    ],
    "test_metric": [
        0.996560878243513,
        0.9970838323353294,
        0.997375249500998,
        0.9975988023952095,
        0.9976946107784431,
        0.9977984031936128,
        0.9978742514970059,
        0.9979101796407186,
        0.9978982035928142,
        0.9978582834331337,
        0.9978742514970059,
        0.9978622754491018,
        0.9978542914171656,
        0.9978263473053892,
        0.9978223552894212,
        0.9977624750499001,
        0.9977385229540918,
        0.9976986027944111,
        0.9976706586826347,
        0.997678642714571,
        0.9976427145708584,
        0.9975748502994012,
        0.9975349301397206,
        0.9975149700598802
    ],
    "tr_loss": [
        0.6382672131061554,
        0.6254596769809723,
        0.6116308450698853,
        0.5979697167873382,
        0.5843137323856353,
        0.571472293138504,
        0.5590603172779083,
        0.5477798461914063,
        0.5371606826782227,
        0.5274964570999146,
        0.5186090111732483,
        0.5106557488441468,
        0.5033290773630142,
        0.49682633876800536,
        0.4908758938312531,
        0.48554952442646027,
        0.4807659715414047,
        0.47641654014587403,
        0.4724698781967163,
        0.46892193555831907,
        0.46567720770835874,
        0.46273275911808015,
        0.4600378662347794,
        0.4575759947299957
    ],
    "tr_times": 0.2980377674102783,
    "ev_times": 0.00022411346435546875,
    "test_times": 0.0003075599670410156,
    "param_total_size": 1710876,
    "param_total_count": 427714,
    "model_size": 2014941
}