{
    "args": {
        "output": "finetune_outputs/binclass-0.8/ftt-tuned/train_1692_Gender-Classification-Dataset",
        "dataset": "train_1692_Gender-Classification-Dataset",
        "task": "binclass",
        "batch_size": 64,
        "early_stop": 16,
        "reduce_data": 0.8
    },
    "device": "NVIDIA GeForce RTX 3090",
    "best_eval_score": 0.99484375,
    "final_test_score": 0.9974910179640718,
    "ev_metric": [
        0.9709375,
        0.98984375,
        0.9928125000000001,
        0.99328125,
        0.9935937499999999,
        0.9940625,
        0.99375,
        0.99390625,
        0.994375,
        0.9946875000000001,
        0.99484375,
        0.9948437499999999,
        0.99453125,
        0.9946875,
        0.9946875,
        0.9946875,
        0.994375,
        0.9940625,
        0.99375,
        0.99390625,
        0.9934375,
        0.9932812500000001,
        0.9932812500000001,
        0.9934375,
        0.993125,
        0.9928125,
        0.99296875
    ],
    "test_metric": [
        0.959063872255489,
        0.9878223552894212,
        0.9923532934131736,
        0.9942175648702595,
        0.9953632734530938,
        0.9959620758483034,
        0.9963852295409181,
        0.9967085828343314,
        0.9970958083832336,
        0.9973473053892216,
        0.9974910179640718,
        0.9976067864271457,
        0.997562874251497,
        0.9975309381237525,
        0.9974950099800399,
        0.9975189620758483,
        0.9974710578842315,
        0.9974071856287425,
        0.9973592814371259,
        0.9973552894211577,
        0.9971157684630737,
        0.9970918163672655,
        0.9970399201596806,
        0.9971556886227545,
        0.997007984031936,
        0.9968722554890219,
        0.996944111776447
    ],
    "tr_loss": [
        0.690405136346817,
        0.6707498967647553,
        0.6382108509540558,
        0.6090337932109833,
        0.5721802413463593,
        0.51226407289505,
        0.44361746609210967,
        0.3635605663061142,
        0.2943609356880188,
        0.23658690005540847,
        0.19437490552663803,
        0.16604779809713363,
        0.14600473567843436,
        0.1373578578233719,
        0.12357100024819374,
        0.12103695794939995,
        0.11538483798503876,
        0.10765148550271988,
        0.10576690956950188,
        0.1087373062968254,
        0.10052540451288224,
        0.10144691616296768,
        0.10514613725244999,
        0.10312864296138287,
        0.0964895322918892,
        0.09811052456498146,
        0.09121760949492455
    ],
    "tr_times": 0.8699798583984375,
    "ev_times": 0.0003504753112792969,
    "test_times": 0.0005040168762207031,
    "param_total_size": 2405996,
    "param_total_count": 601494,
    "model_size": 2419345
}