{
    "args": {
        "model": "mlp",
        "output": "finetune_outputs/binclass-0.8/mlp-tuned/train_1333_ricci_vs_destefano",
        "dataset": "train_1333_ricci_vs_destefano",
        "task": "binclass",
        "batch_size": 64,
        "early_stop": 16,
        "reduce_data": 0.8
    },
    "device": "NVIDIA GeForce RTX 3090",
    "best_eval_score": 1.0,
    "final_test_score": 0.93006993006993,
    "ev_metric": [
        1.0,
        1.0,
        1.0,
        1.0,
        1.0,
        1.0,
        1.0,
        1.0,
        1.0,
        1.0,
        1.0,
        1.0,
        1.0,
        1.0,
        1.0,
        1.0,
        1.0
    ],
    "test_metric": [
        0.93006993006993,
        0.9370629370629371,
        0.9300699300699301,
        0.9090909090909092,
        0.8881118881118881,
        0.8671328671328672,
        0.8531468531468532,
        0.8461538461538461,
        0.8391608391608392,
        0.8321678321678322,
        0.8251748251748252,
        0.8251748251748252,
        0.8251748251748252,
        0.8181818181818181,
        0.8181818181818182,
        0.8251748251748251,
        0.8321678321678321
    ],
    "tr_loss": [
        0.6908560395240784,
        0.6855259537696838,
        0.639500617980957,
        0.6153189539909363,
        0.5992023348808289,
        0.5345444679260254,
        0.483731210231781,
        0.47489985823631287,
        0.4644063115119934,
        0.4284907877445221,
        0.3349166810512543,
        0.3028053045272827,
        0.2649800181388855,
        0.30080556869506836,
        0.27204155921936035,
        0.21271392703056335,
        0.4918428361415863
    ],
    "tr_times": 0.30625247955322266,
    "ev_times": 0.00014543533325195312,
    "test_times": 0.00012564659118652344,
    "param_total_size": 77884,
    "param_total_count": 19469,
    "model_size": 81827
}