{
    "args": {
        "output": "finetune_outputs/binclass-0.0/ftt-tuned/Breast_Cancer",
        "dataset": "Breast_Cancer",
        "task": "binclass",
        "batch_size": 64,
        "early_stop": 16,
        "reduce_data": 0.0
    },
    "device": "NVIDIA GeForce RTX 3090",
    "best_eval_score": 0.8955981836715782,
    "final_test_score": 0.8528121498223782,
    "ev_metric": [
        0.8793624316560097,
        0.8851079603373182,
        0.8876471133351868,
        0.8779909183578908,
        0.8955981836715782,
        0.8874803076637939,
        0.8945788156797331,
        0.8913724399962932,
        0.8899267908442221,
        0.8924844778055787,
        0.886905754795663,
        0.8946529515336855,
        0.888110462422389,
        0.8893337040126031,
        0.8886294134000556,
        0.8848484848484849,
        0.8844036697247706,
        0.8822351959966638,
        0.8904457418218885
    ],
    "test_metric": [
        0.8485802160074387,
        0.8537777459886037,
        0.8497007843978733,
        0.8445270962973559,
        0.8528121498223782,
        0.8510240087738121,
        0.8544810814677061,
        0.8574017118470305,
        0.8536585365853658,
        0.8509405621915458,
        0.8539923229144314,
        0.8509644040721932,
        0.8547433421548292,
        0.8531816989724149,
        0.8488424766945616,
        0.8501060963688815,
        0.8521445771642467,
        0.8541592160789643,
        0.8504160408172996
    ],
    "tr_loss": [
        0.37501009862597395,
        0.29817147298557,
        0.2859123022091098,
        0.28872018470996763,
        0.28741718537923766,
        0.2842849798318816,
        0.2829341052508936,
        0.2699886226072544,
        0.26839861055699793,
        0.26814954909609584,
        0.27383569482623077,
        0.26596159578823464,
        0.2818849083127045,
        0.28055921233281855,
        0.2696343398675686,
        0.2713835511992617,
        0.26572484286820014,
        0.26282559480608964,
        0.26736614725938657
    ]
}