{
    "args": {
        "model": "dcnv2",
        "output": "finetune_outputs/binclass-0.8/dcnv2-tuned/bt_dataset_t3",
        "dataset": "bt_dataset_t3",
        "task": "binclass",
        "batch_size": 64,
        "early_stop": 16,
        "reduce_data": 0.8
    },
    "device": "NVIDIA GeForce RTX 3090",
    "best_eval_score": 1.0,
    "final_test_score": 0.989920424403183,
    "ev_metric": [
        0.9078014184397164,
        0.8758865248226951,
        0.9893617021276596,
        1.0,
        1.0,
        1.0,
        1.0,
        1.0,
        1.0,
        1.0,
        1.0,
        0.9645390070921986,
        1.0,
        1.0,
        1.0,
        1.0,
        1.0,
        1.0,
        1.0,
        1.0
    ],
    "test_metric": [
        0.8582670203359859,
        0.927763041556145,
        0.9779840848806366,
        0.989920424403183,
        0.978337754199823,
        0.9849690539345712,
        0.9826702033598584,
        0.9866489832007073,
        0.9850574712643678,
        0.9816091954022987,
        0.982758620689655,
        0.9494252873563218,
        0.985499557913351,
        0.9818744473916886,
        0.9860300618921308,
        0.9820512820512819,
        0.9864721485411139,
        0.9876215738284703,
        0.9874447391688771,
        0.9891246684350132
    ],
    "tr_loss": [
        0.6766230016946793,
        0.322974793612957,
        0.22468487918376923,
        0.126946609467268,
        0.10193633381277323,
        0.10991233494132757,
        0.0776708903722465,
        0.1003452343866229,
        0.08109438978135586,
        0.08017716882750392,
        0.07897674012929201,
        0.10320604220032692,
        0.11971013806760311,
        0.07932976074516773,
        0.07776377908885479,
        0.07422897638753057,
        0.09994301525875926,
        0.06958483438938856,
        0.087532595731318,
        0.07548455242067575
    ],
    "tr_times": 0.3833596706390381,
    "ev_times": 0.00015687942504882812,
    "test_times": 0.0001537799835205078,
    "param_total_size": 836284,
    "param_total_count": 209071,
    "model_size": 843931
}