{
    "metric": "roc_auc",
    "eval_score": 1.0,
    "n_trial": 2,
    "dataset": "Customer_Behaviour",
    "model": {
        "booster": "gbtree",
        "n_estimators": 2000,
        "n_jobs": -1,
        "tree_method": "hist",
        "alpha": 2.7465940307905844e-06,
        "colsample_bylevel": 0.8685859906189904,
        "colsample_bytree": 0.7813102385791741,
        "gamma": 3.296549910145925e-07,
        "lambda": 3.690998595380604,
        "learning_rate": 0.000638284336609793,
        "max_depth": 5,
        "min_child_weight": 0.0002526599426767142,
        "subsample": 0.8889687976147536
    },
    "training": {
        "early_stopping_rounds": 20,
        "verbose": false
    }
}