{
    "metric": "roc_auc",
    "eval_score": 0.7883597883597884,
    "n_trial": 93,
    "dataset": "31",
    "model": {
        "attention_dropout": 0.3125166834718656,
        "d_ffn_factor": 0.7018308498254542,
        "d_token": 72,
        "ffn_dropout": 0.17990306006728646,
        "n_blocks": 2,
        "residual_dropout": 0.42701033492683466
    },
    "training": {
        "batch_size": 64,
        "eval_batch_size": 64,
        "optimizer": "adamw",
        "lr": 3.252853725799982e-05,
        "weight_decay": 1.2689523821477874e-05
    }
}