{
    "args": {
        "model": "dcnv2",
        "output": "finetune_outputs/binclass-0.8/dcnv2-tuned/train_0509_pollen",
        "dataset": "train_0509_pollen",
        "task": "binclass",
        "batch_size": 64,
        "early_stop": 16,
        "reduce_data": 0.8
    },
    "device": "NVIDIA GeForce RTX 3090",
    "best_eval_score": 0.591485986250661,
    "final_test_score": 0.5132838589981448,
    "ev_metric": [
        0.5297461660497091,
        0.4762030671602327,
        0.5218138551031201,
        0.4056054997355896,
        0.4920676890534109,
        0.591485986250661,
        0.5412480169222633,
        0.5657059756742464,
        0.5742993125330513,
        0.5561872025383395,
        0.3828662083553675,
        0.5068746694870438,
        0.49881015335801165,
        0.5708619777895294,
        0.3956901110523533,
        0.5240613432046536,
        0.4165785298783713,
        0.5002644103648863,
        0.5256478053939715,
        0.50965097831835,
        0.496562665256478,
        0.5034373347435219
    ],
    "test_metric": [
        0.48706021251475795,
        0.5297385731151965,
        0.49262607522347784,
        0.5241288581548321,
        0.49573283858998146,
        0.5132838589981448,
        0.5015247090571766,
        0.5358509023444089,
        0.4888615280823074,
        0.48509023444088384,
        0.5247596559284872,
        0.5087502108281329,
        0.5158509023444089,
        0.5099814471243043,
        0.491310507674144,
        0.529178613594198,
        0.4670703322651375,
        0.5072693540226008,
        0.4777129364142351,
        0.4770113003879238,
        0.5047461629279811,
        0.4593017372238151
    ],
    "tr_loss": [
        3.653201676905155,
        35.86271618306637,
        9.107354581356049,
        32.79948973655701,
        36.19873034954071,
        232.77928757667542,
        48.466283679008484,
        739.8766632080078,
        4804.584025144577,
        248.40208864212036,
        83.30995464324951,
        172.72224831581116,
        291.21719312667847,
        800.9520266056061,
        625.2025375366211,
        29226.135398864746,
        8771.610536575317,
        36280.314657211304,
        200632.18950080872,
        111832.3145866394,
        21775.425003051758,
        9201.626556396484
    ],
    "tr_times": 0.6177582740783691,
    "ev_times": 0.0002579689025878906,
    "test_times": 0.0002460479736328125,
    "param_total_size": 7740452,
    "param_total_count": 1935113,
    "model_size": 7753553
}