{
    "args": {
        "model": "xgboost",
        "output": "finetune_outputs/binclass-0.8/xgboost-tuned/new_model",
        "dataset": "new_model",
        "task": "binclass",
        "reduce_data": 0.8
    },
    "device": "NVIDIA GeForce RTX 3090",
    "configs": {
        "metric": "roc_auc",
        "eval_score": 1.0,
        "n_trial": 2,
        "dataset": "new_model",
        "model": {
            "booster": "gbtree",
            "n_estimators": 2000,
            "n_jobs": -1,
            "tree_method": "hist",
            "alpha": 6.441987157927092e-05,
            "colsample_bylevel": 0.612212200707213,
            "colsample_bytree": 0.9080437386467716,
            "gamma": 0.30672476826495754,
            "lambda": 0.10815749052236705,
            "learning_rate": 0.0001868180553620588,
            "max_depth": 4,
            "min_child_weight": 1.4109004368743204e-05,
            "subsample": 0.6169248834277133
        },
        "training": {
            "early_stopping_rounds": 20,
            "verbose": false,
            "eval_metric": "error"
        }
    },
    "best_eval_score": 1.0,
    "final_test_score": 0.9986666666666667,
    "tr_times": 0.01844644546508789,
    "ev_times": 0.000202178955078125,
    "test_times": 0.00013971328735351562,
    "param_total_size": 0,
    "param_total_count": 0,
    "model_size": 18785
}