{
    "args": {
        "model": "dcnv2",
        "output": "finetune_outputs/binclass-0.8/dcnv2-tuned/train_0948_Ishwar",
        "dataset": "train_0948_Ishwar",
        "task": "binclass",
        "batch_size": 64,
        "early_stop": 16,
        "reduce_data": 0.8
    },
    "device": "NVIDIA GeForce RTX 3090",
    "best_eval_score": 0.9840425531914894,
    "final_test_score": 0.9793103448275862,
    "ev_metric": [
        0.8838652482269503,
        0.9840425531914894,
        0.9636524822695035,
        0.9618794326241135,
        0.9609929078014184,
        0.976063829787234,
        0.9654255319148936,
        0.9663120567375886,
        0.9645390070921985,
        0.9663120567375886,
        0.9671985815602836,
        0.9680851063829786,
        0.9680851063829786,
        0.9680851063829786,
        0.9680851063829786,
        0.9645390070921985,
        0.9680851063829786,
        0.9627659574468085
    ],
    "test_metric": [
        0.8780657684402831,
        0.9793103448275862,
        0.9664763644667733,
        0.9618862754053437,
        0.9701073304407398,
        0.9679378853619548,
        0.9575473852477735,
        0.9563370632564513,
        0.9541562000456726,
        0.9554692852249372,
        0.955788992920758,
        0.9565654258963233,
        0.9574788764558118,
        0.9559031742406943,
        0.9538022379538709,
        0.9566225165562914,
        0.9536309659739667,
        0.9536195478419731
    ],
    "tr_loss": [
        0.6854777693748474,
        0.4336479425430298,
        0.21634570956230165,
        0.44899832308292387,
        0.12742200046777724,
        0.17668280750513077,
        0.12060104534029961,
        0.09748350530862808,
        0.10635045468807221,
        0.10174022689461708,
        0.09977954626083374,
        0.10818374007940293,
        0.07517638579010963,
        0.0811195857822895,
        0.07770898044109345,
        0.06892684511840344,
        0.08195300549268722,
        0.11915729194879532
    ],
    "tr_times": 0.5083270072937012,
    "ev_times": 0.0003688335418701172,
    "test_times": 0.0003094673156738281,
    "param_total_size": 8193364,
    "param_total_count": 2048337,
    "model_size": 8213317
}