{
    "args": {
        "output": "finetune_outputs/binclass-0.8/ftt-tuned/new_model",
        "dataset": "new_model",
        "task": "binclass",
        "batch_size": 64,
        "early_stop": 16,
        "reduce_data": 0.8
    },
    "device": "NVIDIA GeForce RTX 3090",
    "best_eval_score": 1.0,
    "final_test_score": 0.9813333333333334,
    "ev_metric": [
        0.875,
        0.95,
        0.9750000000000001,
        1.0,
        1.0,
        1.0,
        1.0,
        1.0,
        1.0,
        1.0,
        1.0,
        1.0,
        1.0,
        1.0,
        1.0,
        1.0,
        1.0,
        1.0,
        1.0,
        1.0
    ],
    "test_metric": [
        0.9193333333333333,
        0.98,
        0.9846666666666666,
        0.9813333333333334,
        0.9813333333333333,
        0.9800000000000001,
        0.98,
        0.9786666666666667,
        0.9793333333333333,
        0.9793333333333334,
        0.98,
        0.98,
        0.98,
        0.98,
        0.9806666666666667,
        0.98,
        0.9813333333333333,
        0.982,
        0.9833333333333334,
        0.9853333333333334
    ],
    "tr_loss": [
        0.7290999889373779,
        0.6343317627906799,
        0.6668676137924194,
        0.6424461007118225,
        0.636421799659729,
        0.6347237825393677,
        0.5978082418441772,
        0.6125483512878418,
        0.6504199504852295,
        0.583564043045044,
        0.6046983003616333,
        0.5580432415008545,
        0.536346971988678,
        0.4656525254249573,
        0.5383647084236145,
        0.4325210750102997,
        0.42682650685310364,
        0.4189780056476593,
        0.38864392042160034,
        0.32170265913009644
    ],
    "tr_times": 0.3504204750061035,
    "ev_times": 0.0003237724304199219,
    "test_times": 0.0003180503845214844,
    "param_total_size": 673876,
    "param_total_count": 168469,
    "model_size": 685268
}