{
    "args": {
        "model": "tv7.2",
        "output": "finetune_outputs/binclass-0.8/tv7.2-tuned/train_1752_Wisconsin-breast-cancer-cytology-features",
        "dataset": "train_1752_Wisconsin-breast-cancer-cytology-features",
        "task": "binclass",
        "batch_size": 64,
        "early_stop": 16,
        "reduce_data": 0.8
    },
    "device": "NVIDIA GeForce RTX 3090",
    "best_eval_score": 1.0,
    "final_test_score": 0.9954710144927537,
    "ev_metric": [
        0.9916666666666667,
        0.9916666666666667,
        0.9916666666666667,
        1.0,
        1.0,
        1.0,
        1.0,
        1.0,
        1.0,
        1.0,
        1.0,
        0.9916666666666667,
        0.9916666666666667,
        0.9916666666666667,
        0.9916666666666667,
        0.9916666666666667,
        0.9916666666666667,
        0.9916666666666667,
        0.9916666666666667,
        0.9916666666666667
    ],
    "test_metric": [
        0.9934329710144927,
        0.994338768115942,
        0.9954710144927537,
        0.9954710144927537,
        0.995018115942029,
        0.995018115942029,
        0.995018115942029,
        0.995018115942029,
        0.9945652173913043,
        0.9945652173913043,
        0.994338768115942,
        0.9941123188405797,
        0.993659420289855,
        0.9934329710144927,
        0.9927536231884058,
        0.9925271739130435,
        0.9925271739130435,
        0.9925271739130435,
        0.9923007246376812,
        0.9918478260869565
    ],
    "tr_loss": [
        0.6361837089061737,
        0.6245260536670685,
        0.6131772100925446,
        0.6014858782291412,
        0.5953068435192108,
        0.5877590179443359,
        0.5684807002544403,
        0.560623437166214,
        0.5526877343654633,
        0.5392405688762665,
        0.5316030979156494,
        0.5306834578514099,
        0.5210787653923035,
        0.5065410137176514,
        0.5200690031051636,
        0.5057567656040192,
        0.5034696459770203,
        0.4983246773481369,
        0.4946306347846985,
        0.4826337844133377
    ],
    "tr_times": 0.05646061897277832,
    "ev_times": 0.00021195411682128906,
    "test_times": 0.0002181529998779297,
    "param_total_size": 2329304,
    "param_total_count": 582318,
    "model_size": 2452061
}