{
    "metric": "roc_auc",
    "eval_score": 1.0,
    "n_trial": 2,
    "dataset": "train_1408_national-longitudinal-survey-binary",
    "model": {
        "booster": "gbtree",
        "n_estimators": 2000,
        "n_jobs": -1,
        "tree_method": "hist",
        "alpha": 4.885573764925684e-05,
        "colsample_bylevel": 0.5284942609008396,
        "colsample_bytree": 0.505360030712229,
        "gamma": 0.08249794468860867,
        "lambda": 4.353733193456135e-07,
        "learning_rate": 5.305318828699165e-05,
        "max_depth": 7,
        "min_child_weight": 6.315313014087793,
        "subsample": 0.7553090242201503
    },
    "training": {
        "early_stopping_rounds": 20,
        "verbose": false
    }
}