{
    "args": {
        "model": "tv7.3",
        "output": "finetune_outputs/binclass-0.8/tv7.3-tuned/piracydataset",
        "dataset": "piracydataset",
        "task": "binclass",
        "batch_size": 64,
        "early_stop": 16,
        "reduce_data": 0.8
    },
    "device": "NVIDIA GeForce RTX 3090",
    "best_eval_score": 0.8378378378378378,
    "final_test_score": 0.634393298633702,
    "ev_metric": [
        0.8378378378378378,
        0.8378378378378378,
        0.8378378378378378,
        0.8378378378378378,
        0.8378378378378378,
        0.8378378378378378,
        0.8378378378378378,
        0.8378378378378378,
        0.8378378378378378,
        0.8378378378378378,
        0.8378378378378378,
        0.8378378378378378,
        0.8378378378378378,
        0.8378378378378378,
        0.8378378378378378,
        0.8378378378378378,
        0.8378378378378378
    ],
    "test_metric": [
        0.634393298633702,
        0.6334173715029278,
        0.6331733897202342,
        0.6331733897202342,
        0.6331733897202342,
        0.6331733897202342,
        0.6331733897202342,
        0.6331733897202342,
        0.6331733897202342,
        0.6331733897202342,
        0.6330107351984384,
        0.6330107351984384,
        0.6330107351984384,
        0.6330107351984384,
        0.6328480806766428,
        0.6328480806766428,
        0.6328480806766428
    ],
    "tr_loss": [
        0.6869616309801737,
        0.686801016330719,
        0.686790664990743,
        0.6867732405662537,
        0.686263899008433,
        0.6860882043838501,
        0.6858034531275431,
        0.6857619682947794,
        0.6854325532913208,
        0.6854967872301737,
        0.6850683291753134,
        0.6850385864575704,
        0.6846843163172404,
        0.6847620606422424,
        0.6842970053354899,
        0.6842711965243021,
        0.6840023398399353
    ],
    "tr_times": 2.3803250789642334,
    "ev_times": 0.00032639503479003906,
    "test_times": 0.0003154277801513672,
    "param_total_size": 190004,
    "param_total_count": 47501,
    "model_size": 287839
}