{
    "args": {
        "output": "finetune_outputs/binclass-0.8/ftt-tuned/train_0546_analcatdata_seropositive",
        "dataset": "train_0546_analcatdata_seropositive",
        "task": "binclass",
        "batch_size": 64,
        "early_stop": 16,
        "reduce_data": 0.8
    },
    "device": "NVIDIA GeForce RTX 3090",
    "best_eval_score": 1.0,
    "final_test_score": 0.8641975308641976,
    "ev_metric": [
        1.0,
        1.0,
        1.0,
        1.0,
        1.0,
        1.0,
        1.0,
        1.0,
        1.0,
        1.0,
        1.0,
        1.0,
        1.0,
        1.0,
        1.0,
        1.0,
        1.0
    ],
    "test_metric": [
        0.8641975308641976,
        0.9320987654320987,
        0.9444444444444444,
        0.9506172839506173,
        0.9506172839506173,
        0.9506172839506173,
        0.9444444444444444,
        0.9382716049382716,
        0.9382716049382716,
        0.9629629629629629,
        0.9444444444444444,
        0.8765432098765432,
        0.8580246913580247,
        0.8580246913580247,
        0.8580246913580247,
        0.8518518518518519,
        0.8518518518518519
    ],
    "tr_loss": [
        0.6996371746063232,
        0.47656625509262085,
        0.44363096356391907,
        0.3855065703392029,
        0.29909202456474304,
        0.24121040105819702,
        0.20218423008918762,
        0.10691611468791962,
        0.11533647030591965,
        0.06193968653678894,
        0.08081133663654327,
        0.04302290827035904,
        0.037898387759923935,
        0.05891716107726097,
        0.02998216077685356,
        0.029191050678491592,
        0.026968536898493767
    ],
    "tr_times": 0.37522053718566895,
    "ev_times": 0.0006883144378662109,
    "test_times": 0.0007665157318115234,
    "param_total_size": 3912652,
    "param_total_count": 978162,
    "model_size": 3940401
}