{
    "args": {
        "model": "tv7.4",
        "output": "finetune_outputs/binclass-0.8/tv7.4-tuned/train_2304_electricity_seed_0_nrows_2000_nclasses_10_ncols_100_stratify_True",
        "dataset": "train_2304_electricity_seed_0_nrows_2000_nclasses_10_ncols_100_stratify_True",
        "task": "binclass",
        "batch_size": 64,
        "early_stop": 16,
        "reduce_data": 0.8
    },
    "device": "NVIDIA GeForce RTX 3090",
    "best_eval_score": 0.80078125,
    "final_test_score": 0.7857999999999999,
    "ev_metric": [
        0.7978515625,
        0.796875,
        0.798828125,
        0.798828125,
        0.798828125,
        0.80078125,
        0.7998046875,
        0.79736328125,
        0.7958984375,
        0.7978515625,
        0.798828125,
        0.80078125,
        0.798828125,
        0.79296875,
        0.7919921875,
        0.7919921875,
        0.7900390625,
        0.7890625,
        0.787109375,
        0.787109375,
        0.7841796875,
        0.7861328125
    ],
    "test_metric": [
        0.7713249999999998,
        0.774175,
        0.7771000000000001,
        0.7799750000000001,
        0.7827999999999999,
        0.7857999999999999,
        0.788275,
        0.791625,
        0.7935875000000001,
        0.7964,
        0.798775,
        0.8008624999999999,
        0.802825,
        0.805075,
        0.80665,
        0.807625,
        0.80905,
        0.8100999999999999,
        0.81145,
        0.813575,
        0.814725,
        0.81565
    ],
    "tr_loss": [
        0.6820100992918015,
        0.6810654997825623,
        0.680138573050499,
        0.6792127341032028,
        0.6783480942249298,
        0.6774749457836151,
        0.6766021102666855,
        0.6757220178842545,
        0.674884095788002,
        0.6740307807922363,
        0.6731696724891663,
        0.6723128110170364,
        0.6714327037334442,
        0.6705814898014069,
        0.6697267889976501,
        0.6689415276050568,
        0.668113499879837,
        0.6672873347997665,
        0.6664785146713257,
        0.6656708419322968,
        0.6649267822504044,
        0.6641145348548889
    ],
    "tr_times": 6.995614051818848,
    "ev_times": 0.0003185272216796875,
    "test_times": 0.0004127025604248047,
    "param_total_size": 1047208,
    "param_total_count": 261801,
    "model_size": 1436317
}