{
    "args": {
        "output": "finetune_outputs/binclass-0.0/ftt-tuned/train_1692_Gender-Classification-Dataset",
        "dataset": "train_1692_Gender-Classification-Dataset",
        "task": "binclass",
        "batch_size": 64,
        "early_stop": 16,
        "reduce_data": 0.0
    },
    "device": "NVIDIA GeForce RTX 3090",
    "best_eval_score": 0.996696875,
    "final_test_score": 0.9982654690618763,
    "ev_metric": [
        0.993696875,
        0.9917468750000001,
        0.9896593750000001,
        0.991046875,
        0.992946875,
        0.99426875,
        0.9941156250000002,
        0.9939281249999999,
        0.9958312500000001,
        0.9963468750000001,
        0.9926656250000001,
        0.996696875,
        0.9966718750000001,
        0.9966531250000001,
        0.996496875,
        0.9964406250000002,
        0.996265625,
        0.995996875,
        0.996621875,
        0.996165625,
        0.996178125,
        0.996384375,
        0.9961468750000001,
        0.996146875,
        0.9963343750000001,
        0.996434375,
        0.9961281250000001
    ],
    "test_metric": [
        0.9969920159680637,
        0.997566866267465,
        0.9941497005988025,
        0.9948602794411178,
        0.9955349301397206,
        0.9968403193612775,
        0.997059880239521,
        0.9971077844311377,
        0.9974750499001995,
        0.9982295409181636,
        0.9957784431137725,
        0.9982654690618763,
        0.9978343313373252,
        0.9979620758483033,
        0.9981217564870258,
        0.9980698602794411,
        0.9979500998003993,
        0.998313373253493,
        0.9982654690618762,
        0.9977385229540918,
        0.9978902195608782,
        0.998057884231537,
        0.9979900199600797,
        0.9978143712574851,
        0.9981616766467065,
        0.9980778443113774,
        0.9979580838323353
    ],
    "tr_loss": [
        0.540154567360878,
        0.22305975288152693,
        0.15028130561113356,
        0.13705756157636642,
        0.12771713949739932,
        0.11822382688522338,
        0.12360854968428611,
        0.10625356815755367,
        0.10232010513544082,
        0.10776816539466381,
        0.10420738156884908,
        0.09598461866378784,
        0.0973933308571577,
        0.09548976596444846,
        0.09521327152848244,
        0.09586040291935205,
        0.08720234140753746,
        0.09013775285333395,
        0.08823259226977825,
        0.08630948580801487,
        0.08468216050416232,
        0.08898215837776662,
        0.08158200073987246,
        0.08091069139540195,
        0.08660516817122697,
        0.07931416615843773,
        0.08372809253633022
    ]
}