{
    "args": {
        "model": "xgboost",
        "output": "finetune_outputs/binclass-0.8/xgboost-tuned/train_0124_analcatdata_impeach",
        "dataset": "train_0124_analcatdata_impeach",
        "task": "binclass",
        "reduce_data": 0.8
    },
    "device": "NVIDIA GeForce RTX 3090",
    "configs": {
        "metric": "roc_auc",
        "eval_score": 1.0,
        "n_trial": 0,
        "dataset": "train_0124_analcatdata_impeach",
        "model": {
            "booster": "gbtree",
            "n_estimators": 2000,
            "n_jobs": -1,
            "tree_method": "hist",
            "alpha": 0.0002951193312917822,
            "colsample_bylevel": 0.9012583713519273,
            "colsample_bytree": 0.7728300152101832,
            "gamma": 6.805671821557419,
            "lambda": 0.012754966648281551,
            "learning_rate": 0.00014223299665022738,
            "max_depth": 9,
            "min_child_weight": 2.180031409497126e-05,
            "subsample": 0.7092925619831159
        },
        "training": {
            "early_stopping_rounds": 20,
            "verbose": false,
            "eval_metric": "error"
        }
    },
    "best_eval_score": 1.0,
    "final_test_score": 0.7916666666666666,
    "tr_times": 0.010248184204101562,
    "ev_times": 0.00014495849609375,
    "test_times": 0.00014209747314453125,
    "param_total_size": 0,
    "param_total_count": 0,
    "model_size": 10781
}