{
    "metric": "roc_auc",
    "eval_score": 1.0,
    "n_trial": 1,
    "dataset": "train_0445_arsenic-male-bladder",
    "model": {
        "booster": "gbtree",
        "n_estimators": 2000,
        "n_jobs": -1,
        "tree_method": "hist",
        "alpha": 2.0842292039499627e-06,
        "colsample_bylevel": 0.9956132215180221,
        "colsample_bytree": 0.7543372118096061,
        "gamma": 2.23384469684037e-07,
        "lambda": 0.14343627524756836,
        "learning_rate": 0.00994971194524048,
        "max_depth": 10,
        "min_child_weight": 0.00509177256888597,
        "subsample": 0.5963769932105982
    },
    "training": {
        "early_stopping_rounds": 20,
        "verbose": false
    }
}