{
    "args": {
        "model": "dcnv2",
        "output": "finetune_outputs/binclass-0.8/dcnv2-tuned/train_2620_sf-police-incidents_seed_1_nrows_2000_nclasses_10_ncols_100_stratify_True",
        "dataset": "train_2620_sf-police-incidents_seed_1_nrows_2000_nclasses_10_ncols_100_stratify_True",
        "task": "binclass",
        "batch_size": 64,
        "early_stop": 16,
        "reduce_data": 0.8
    },
    "device": "NVIDIA GeForce RTX 3090",
    "best_eval_score": 0.5424107142857143,
    "final_test_score": 0.4939822082679225,
    "ev_metric": [
        0.5424107142857143,
        0.5267857142857143,
        0.5200892857142857,
        0.5044642857142857,
        0.49776785714285715,
        0.4933035714285714,
        0.47098214285714285,
        0.46875,
        0.4776785714285714,
        0.47098214285714285,
        0.4665178571428571,
        0.46205357142857145,
        0.4553571428571429,
        0.44642857142857145,
        0.4464285714285714,
        0.4486607142857143,
        0.4441964285714286
    ],
    "test_metric": [
        0.4939822082679225,
        0.4996802139659282,
        0.5025292168149311,
        0.5032269317983603,
        0.506134077562649,
        0.5077039362753648,
        0.5118320832606547,
        0.513285656142799,
        0.5144485144485145,
        0.5167160881446595,
        0.5159311587883015,
        0.5151462294319438,
        0.5149718006860864,
        0.5149136577708007,
        0.5152625152625152,
        0.5141577998720857,
        0.5127042269899411
    ],
    "tr_loss": [
        0.7001998424530029,
        0.6960243880748749,
        0.6911651641130447,
        0.6868555843830109,
        0.6821891218423843,
        0.6783528178930283,
        0.6738317310810089,
        0.6701921671628952,
        0.6652976870536804,
        0.6607002168893814,
        0.6561852246522903,
        0.6516123712062836,
        0.6472073793411255,
        0.6435079127550125,
        0.6386339962482452,
        0.6340414136648178,
        0.6297620534896851
    ],
    "tr_times": 0.42861485481262207,
    "ev_times": 0.0003116130828857422,
    "test_times": 0.00028228759765625,
    "param_total_size": 3513112,
    "param_total_count": 878275,
    "model_size": 3529739
}