{
    "args": {
        "model": "tv7.1",
        "output": "finetune_outputs/openml-0.8/tv7.1-tuned/1063",
        "dataset": "1063",
        "task": "openml",
        "batch_size": 64,
        "early_stop": 16,
        "reduce_data": 0.8
    },
    "device": "NVIDIA GeForce RTX 3090",
    "best_eval_score": 1.0,
    "final_test_score": 0.7535612535612535,
    "ev_metric": [
        1.0,
        1.0,
        1.0,
        1.0,
        1.0,
        1.0,
        1.0,
        1.0,
        1.0,
        1.0,
        1.0,
        1.0,
        1.0,
        1.0,
        1.0,
        1.0,
        1.0
    ],
    "test_metric": [
        0.7535612535612535,
        0.7535612535612535,
        0.7535612535612535,
        0.7535612535612535,
        0.7535612535612535,
        0.7535612535612535,
        0.7535612535612535,
        0.7533831908831908,
        0.7532051282051282,
        0.7532051282051282,
        0.7532051282051282,
        0.7535612535612536,
        0.7535612535612536,
        0.7535612535612536,
        0.7535612535612536,
        0.7532051282051282,
        0.7532051282051282
    ],
    "tr_loss": [
        0.583236575126648,
        0.5830515623092651,
        0.5828666687011719,
        0.5826818346977234,
        0.5824970602989197,
        0.5823124051094055,
        0.5821278095245361,
        0.5819433331489563,
        0.5817589163780212,
        0.5815744996070862,
        0.5813902616500854,
        0.5812060236930847,
        0.5810220241546631,
        0.5808379650115967,
        0.5806541442871094,
        0.5804702639579773,
        0.5802865028381348
    ],
    "tr_times": 2.1581332683563232,
    "ev_times": 0.00019860267639160156,
    "test_times": 0.0002701282501220703,
    "param_total_size": 118696,
    "param_total_count": 29674,
    "model_size": 150111
}