{
    "args": {
        "output": "finetune_outputs/binclass-0.8/ftt-tuned/train_1600_VulNoneVul",
        "dataset": "train_1600_VulNoneVul",
        "task": "binclass",
        "batch_size": 64,
        "early_stop": 16,
        "reduce_data": 0.8
    },
    "device": "NVIDIA GeForce RTX 3090",
    "best_eval_score": 0.9736111111111112,
    "final_test_score": 0.7537072856221793,
    "ev_metric": [
        0.9736111111111112,
        0.9486111111111112,
        0.9402777777777778,
        0.9597222222222221,
        0.9625,
        0.9625,
        0.9625,
        0.9680555555555556,
        0.9680555555555556,
        0.9708333333333333,
        0.9680555555555556,
        0.9652777777777778,
        0.9680555555555556,
        0.9680555555555556,
        0.9708333333333333,
        0.9680555555555556,
        0.9680555555555556
    ],
    "test_metric": [
        0.7537072856221793,
        0.7381528046421664,
        0.7695841392649903,
        0.7807059961315281,
        0.7936009026434558,
        0.7969052224371374,
        0.8001289490651193,
        0.7984364925854288,
        0.8026273372018053,
        0.8059316569954869,
        0.8076241134751773,
        0.8090747904577692,
        0.8101225016118634,
        0.8125402965828498,
        0.741779497098646,
        0.7794165054803353,
        0.803916827852998
    ],
    "tr_loss": [
        0.22131172940135002,
        0.05314491440852483,
        0.04785824023808042,
        0.046051133812094726,
        0.045781616354361176,
        0.04548862615289787,
        0.04550523698950807,
        0.044978218308339514,
        0.05444961600005627,
        0.04356612847186625,
        0.04419667747182151,
        0.04168108167747656,
        0.040225730277597904,
        0.039998170066004,
        0.040868893110503755,
        0.03931179308953384,
        0.04000019794330001
    ],
    "tr_times": 0.9338304996490479,
    "ev_times": 0.0004734992980957031,
    "test_times": 0.0010793209075927734,
    "param_total_size": 5367764,
    "param_total_count": 1341941,
    "model_size": 5386564
}