{
    "args": {
        "model": "tv7.1",
        "output": "finetune_outputs/binclass-0.8/tv7.1-tuned/Customer_Behaviour",
        "dataset": "Customer_Behaviour",
        "task": "binclass",
        "batch_size": 64,
        "early_stop": 16,
        "reduce_data": 0.8
    },
    "device": "NVIDIA GeForce RTX 3090",
    "best_eval_score": 0.85,
    "final_test_score": 0.7789046653144017,
    "ev_metric": [
        0.85,
        0.85,
        0.85,
        0.8,
        0.75,
        0.75,
        0.75,
        0.75,
        0.75,
        0.75,
        0.8,
        0.825,
        0.85,
        0.85,
        0.85,
        0.825,
        0.825
    ],
    "test_metric": [
        0.7789046653144017,
        0.786342123056119,
        0.7849898580121704,
        0.7816091954022988,
        0.7748478701825559,
        0.7728194726166329,
        0.7762001352265044,
        0.7782285327924273,
        0.7809330628803246,
        0.7863421230561191,
        0.7829614604462475,
        0.7856659905341448,
        0.7870182555780934,
        0.7897227856659905,
        0.7917511832319134,
        0.7910750507099391,
        0.7931034482758621
    ],
    "tr_loss": [
        0.6646260619163513,
        0.6627762317657471,
        0.6608999371528625,
        0.6590211391448975,
        0.6571555733680725,
        0.6553211808204651,
        0.6535356640815735,
        0.6518074870109558,
        0.6501339673995972,
        0.6485056281089783,
        0.6469117403030396,
        0.6453437805175781,
        0.6437957882881165,
        0.6422650814056396,
        0.6407501101493835,
        0.6392509341239929,
        0.6377676725387573
    ],
    "tr_times": 0.3357410430908203,
    "ev_times": 0.0002906322479248047,
    "test_times": 0.0003063678741455078,
    "param_total_size": 527236,
    "param_total_count": 131808
}