{
    "args": {
        "model": "tv7.1",
        "output": "finetune_outputs/binclass-0.8/tv7.1-tuned/train_2390_airlines_seed_1_nrows_2000_nclasses_10_ncols_100_stratify_True",
        "dataset": "train_2390_airlines_seed_1_nrows_2000_nclasses_10_ncols_100_stratify_True",
        "task": "binclass",
        "batch_size": 64,
        "early_stop": 16,
        "reduce_data": 0.8
    },
    "device": "NVIDIA GeForce RTX 3090",
    "best_eval_score": 0.5615763546798029,
    "final_test_score": 0.5393005364915477,
    "ev_metric": [
        0.5615763546798029,
        0.5576354679802956,
        0.5586206896551724,
        0.5369458128078818,
        0.5241379310344828,
        0.5133004926108375,
        0.5064039408866995,
        0.4935960591133005,
        0.4896551724137931,
        0.4876847290640395,
        0.49064039408866994,
        0.4926108374384236,
        0.483743842364532,
        0.4886699507389163,
        0.48472906403940885,
        0.4738916256157635,
        0.47290640394088673
    ],
    "test_metric": [
        0.5393005364915477,
        0.5327209231703613,
        0.5303927523028646,
        0.5291780544589533,
        0.5294817289199312,
        0.5293298916894423,
        0.5286466241522421,
        0.5259641664136046,
        0.5249772244154267,
        0.5248759995951007,
        0.524319263083308,
        0.524471100313797,
        0.524369875493471,
        0.5265968215406418,
        0.5271788642575159,
        0.5259135540034416,
        0.5273053952829234
    ],
    "tr_loss": [
        0.6918668746948242,
        0.6910615414381027,
        0.6901207119226456,
        0.6894712746143341,
        0.688670739531517,
        0.6879249066114426,
        0.6872709542512894,
        0.6867074966430664,
        0.6859810203313828,
        0.6853478252887726,
        0.6847422569990158,
        0.6842259615659714,
        0.6835730522871017,
        0.6830602884292603,
        0.68247289955616,
        0.68199223279953,
        0.6814249604940414
    ],
    "tr_times": 0.4054293632507324,
    "ev_times": 0.0005862712860107422,
    "test_times": 0.00041866302490234375,
    "param_total_size": 613320,
    "param_total_count": 153329
}