{
    "args": {
        "model": "tv7.2",
        "output": "finetune_outputs/binclass-0.8/tv7.2-tuned/piracydataset",
        "dataset": "piracydataset",
        "task": "binclass",
        "batch_size": 64,
        "early_stop": 16,
        "reduce_data": 0.8
    },
    "device": "NVIDIA GeForce RTX 3090",
    "best_eval_score": 0.7897897897897898,
    "final_test_score": 0.5733165256994144,
    "ev_metric": [
        0.7807807807807807,
        0.7807807807807807,
        0.7867867867867868,
        0.7867867867867868,
        0.7867867867867868,
        0.7897897897897898,
        0.7897897897897898,
        0.7867867867867867,
        0.7807807807807807,
        0.7807807807807807,
        0.7807807807807807,
        0.7777777777777778,
        0.7777777777777778,
        0.7807807807807807,
        0.7807807807807807,
        0.7807807807807807,
        0.7807807807807807,
        0.7807807807807807,
        0.7807807807807807,
        0.7807807807807807,
        0.7807807807807807,
        0.7807807807807807
    ],
    "test_metric": [
        0.5742111255692908,
        0.574129798308393,
        0.5740484710474951,
        0.5742924528301886,
        0.5742924528301886,
        0.5733165256994144,
        0.5737231620039037,
        0.5749430709173715,
        0.5745364346128822,
        0.5740484710474951,
        0.5742111255692908,
        0.5727472348731295,
        0.5699007807417046,
        0.568599544567339,
        0.568599544567339,
        0.5693314899154196,
        0.5693314899154196,
        0.570226089785296,
        0.5708767078724788,
        0.5700634352635003,
        0.5676236174365648,
        0.5675422901756668
    ],
    "tr_loss": [
        0.6843591928482056,
        0.6837564508120219,
        0.6833930015563965,
        0.6828457514444987,
        0.682471513748169,
        0.682167132695516,
        0.6817384560902914,
        0.6814175248146057,
        0.6808500488599142,
        0.6807653705279032,
        0.6801988482475281,
        0.6797512571016947,
        0.6791330178578695,
        0.6791301767031351,
        0.6790459553400675,
        0.678518275419871,
        0.677875796953837,
        0.6778514583905538,
        0.6773173809051514,
        0.6769290367762247,
        0.6764341990152994,
        0.6764716903368632
    ],
    "tr_times": 8.089709997177124,
    "ev_times": 0.00023293495178222656,
    "test_times": 0.0002396106719970703,
    "param_total_size": 480812,
    "param_total_count": 120202,
    "model_size": 594077
}