{
    "metric": "roc_auc",
    "eval_score": 0.929008152173913,
    "n_trial": 82,
    "dataset": "train_1564_Mammographic-Mass-Data-Set",
    "model": {
        "booster": "gbtree",
        "n_estimators": 2000,
        "n_jobs": -1,
        "tree_method": "hist",
        "alpha": 1.0805733948413732e-07,
        "colsample_bylevel": 0.5709919210957114,
        "colsample_bytree": 0.8505473245991343,
        "gamma": 1.7330752674903725e-05,
        "lambda": 0.00608651838447127,
        "learning_rate": 0.00458831427497178,
        "max_depth": 5,
        "min_child_weight": 0.00018337132452257712,
        "subsample": 0.7575132778518656
    },
    "training": {
        "early_stopping_rounds": 20,
        "verbose": false
    }
}