{
    "args": {
        "output": "finetune_outputs/binclass-0.8/ftt-tuned/train_1142_Sick_numeric",
        "dataset": "train_1142_Sick_numeric",
        "task": "binclass",
        "batch_size": 64,
        "early_stop": 16,
        "reduce_data": 0.8
    },
    "device": "NVIDIA GeForce RTX 3090",
    "best_eval_score": 0.9887218045112782,
    "final_test_score": 0.9675906052615442,
    "ev_metric": [
        0.5664160401002506,
        0.8333333333333333,
        0.9010025062656641,
        0.9248120300751881,
        0.9348370927318296,
        0.9523809523809523,
        0.974937343358396,
        0.981203007518797,
        0.9849624060150376,
        0.9849624060150376,
        0.9874686716791979,
        0.9874686716791979,
        0.9849624060150376,
        0.9862155388471179,
        0.9887218045112782,
        0.9736842105263158,
        0.974937343358396,
        0.9586466165413533,
        0.9598997493734336,
        0.968671679197995,
        0.9786967418546366,
        0.9661654135338347,
        0.9674185463659148,
        0.9536340852130325
    ],
    "test_metric": [
        0.5444900962776722,
        0.8124118476727785,
        0.874900349543141,
        0.9015453486232906,
        0.9184092720917397,
        0.9347519470166187,
        0.9542221132029189,
        0.964769730790458,
        0.9786901330716871,
        0.9825535046299136,
        0.9772490341571104,
        0.9786288097136199,
        0.9794260133684921,
        0.9699208928680936,
        0.9675906052615442,
        0.9662721530631018,
        0.9621328263935733,
        0.9545287299932544,
        0.9582081314772797,
        0.9573189427853069,
        0.9721898571165758,
        0.9694916293616239,
        0.9652603176549948,
        0.9697982461519594
    ],
    "tr_loss": [
        0.32126293145120144,
        0.23734705708920956,
        0.24065213836729527,
        0.2249497016891837,
        0.22592070139944553,
        0.21235134592279792,
        0.20418389607220888,
        0.1668994715437293,
        0.1572578987106681,
        0.12516784016042948,
        0.09531016740947962,
        0.08888832945376635,
        0.08094741031527519,
        0.08933812472969294,
        0.08948020543903112,
        0.08030732278712094,
        0.07467060862109065,
        0.09056166233494878,
        0.08340999437496066,
        0.07266617380082607,
        0.07462887815199792,
        0.06831567967310548,
        0.05402469728142023,
        0.07586993463337421
    ],
    "tr_times": 0,
    "ev_times": 0,
    "test_times": 0,
    "param_total_size": 0,
    "param_total_count": 0,
    "model_size": 0
}