{
    "args": {
        "model": "xgboost",
        "output": "finetune_outputs/openml-0.8/xgboost-tuned/37",
        "dataset": "37",
        "task": "openml",
        "reduce_data": 0.8
    },
    "device": "NVIDIA GeForce RTX 3090",
    "configs": {
        "metric": "roc_auc",
        "eval_score": 0.875,
        "n_trial": 60,
        "dataset": "37",
        "model": {
            "booster": "gbtree",
            "n_estimators": 2000,
            "n_jobs": -1,
            "tree_method": "hist",
            "alpha": 5.064149000161366e-08,
            "colsample_bylevel": 0.5468203894562429,
            "colsample_bytree": 0.8913220118880905,
            "gamma": 1.6866002628276907e-05,
            "lambda": 0.00081468486476769,
            "learning_rate": 0.11331827649430536,
            "max_depth": 9,
            "min_child_weight": 1.789403195731614,
            "subsample": 0.5987662898933688
        },
        "training": {
            "early_stopping_rounds": 20,
            "verbose": false,
            "eval_metric": "error"
        }
    },
    "best_eval_score": 0.875,
    "final_test_score": 0.809134328358209,
    "tr_times": 0.018711328506469727,
    "ev_times": 0.00021123886108398438,
    "test_times": 0.00018548965454101562,
    "param_total_size": 0,
    "param_total_count": 0,
    "model_size": 31228
}