{
    "args": {
        "output": "finetune_outputs/binclass-0.8/ftt-tuned/train_0400_analcatdata_supreme",
        "dataset": "train_0400_analcatdata_supreme",
        "task": "binclass",
        "batch_size": 64,
        "early_stop": 16,
        "reduce_data": 0.8
    },
    "device": "NVIDIA GeForce RTX 3090",
    "best_eval_score": 1.0,
    "final_test_score": 0.9918461461344383,
    "ev_metric": [
        0.9859889214727925,
        0.9993483219289669,
        1.0,
        1.0,
        1.0,
        1.0,
        1.0,
        1.0,
        0.9999999999999999,
        1.0,
        1.0,
        1.0,
        1.0,
        1.0,
        1.0,
        1.0,
        1.0,
        1.0,
        1.0
    ],
    "test_metric": [
        0.9808100385971362,
        0.9823806579892731,
        0.9918461461344383,
        0.9981954585707363,
        0.9820381292920517,
        0.9807933298801985,
        0.9903924877608647,
        0.9886547811993518,
        0.9926063927551004,
        0.9919547527945329,
        0.9923223445671607,
        0.9924560143026616,
        0.9934585373189193,
        0.9932496783571989,
        0.9943691623920199,
        0.9938846096008288,
        0.9972179986298852,
        0.9981787498537987,
        0.9978529298735149
    ],
    "tr_loss": [
        0.5099994904465146,
        0.22572197185622322,
        0.1465809125867155,
        0.14837229665782717,
        0.08897633954054779,
        0.09459192492067814,
        0.38969627726409173,
        0.15192158851358625,
        0.08890539324945873,
        0.07739312532875273,
        0.07627664009730022,
        0.06692259365485774,
        0.0800959990463323,
        0.06517235251764457,
        0.07501067997266848,
        0.14907725093265375,
        0.08220854091147582,
        0.08855816349387169,
        0.07105145396457778
    ],
    "tr_times": 1.0767197608947754,
    "ev_times": 0.0009405612945556641,
    "test_times": 0.0008029937744140625,
    "param_total_size": 4415412,
    "param_total_count": 1103847,
    "model_size": 4443121
}