{
    "args": {
        "model": "dcnv2",
        "output": "finetune_outputs/binclass-0.8/dcnv2-tuned/train_1461_heart-failure",
        "dataset": "train_1461_heart-failure",
        "task": "binclass",
        "batch_size": 64,
        "early_stop": 16,
        "reduce_data": 0.8
    },
    "device": "NVIDIA GeForce RTX 3090",
    "best_eval_score": 0.8571428571428572,
    "final_test_score": 0.8613607188703466,
    "ev_metric": [
        0.8571428571428572,
        0.7619047619047619,
        0.6666666666666666,
        0.6190476190476191,
        0.5714285714285714,
        0.6190476190476191,
        0.6190476190476191,
        0.6190476190476191,
        0.5714285714285714,
        0.6190476190476191,
        0.6190476190476191,
        0.6190476190476191,
        0.6190476190476191,
        0.6190476190476191,
        0.6190476190476191,
        0.6190476190476191,
        0.6190476190476191
    ],
    "test_metric": [
        0.8613607188703466,
        0.865211810012837,
        0.8639281129653402,
        0.8498074454428755,
        0.834403080872914,
        0.8292682926829268,
        0.8267008985879333,
        0.8241335044929397,
        0.8202824133504493,
        0.8151476251604621,
        0.8138639281129654,
        0.8087291399229781,
        0.8074454428754814,
        0.8048780487804879,
        0.8023106546854941,
        0.8010269576379974,
        0.7946084724005135
    ],
    "tr_loss": [
        0.6935017108917236,
        0.6820263266563416,
        0.667887806892395,
        0.654869019985199,
        0.6424682140350342,
        0.629799485206604,
        0.61837238073349,
        0.6016538739204407,
        0.5938305258750916,
        0.5790438652038574,
        0.5633944869041443,
        0.5523805618286133,
        0.5364126563072205,
        0.5216338634490967,
        0.507186770439148,
        0.49426451325416565,
        0.48195236921310425
    ],
    "tr_times": 0.3120276927947998,
    "ev_times": 0.00022792816162109375,
    "test_times": 0.0001983642578125,
    "param_total_size": 312604,
    "param_total_count": 78146,
    "model_size": 323669
}