{
    "args": {
        "model": "tv7.3",
        "output": "finetune_outputs/openml-0.8/tv7.3-tuned/1067",
        "dataset": "1067",
        "task": "openml",
        "batch_size": 64,
        "early_stop": 16,
        "reduce_data": 0.8
    },
    "device": "NVIDIA GeForce RTX 3090",
    "best_eval_score": 0.9018518518518519,
    "final_test_score": 0.8025265230230779,
    "ev_metric": [
        0.8944444444444445,
        0.8944444444444445,
        0.8944444444444445,
        0.8944444444444445,
        0.9018518518518519,
        0.8981481481481481,
        0.8981481481481483,
        0.8944444444444445,
        0.8925925925925926,
        0.8888888888888888,
        0.8851851851851852,
        0.8851851851851852,
        0.8851851851851852,
        0.8814814814814815,
        0.8796296296296297,
        0.8851851851851852,
        0.8814814814814814,
        0.874074074074074,
        0.8759259259259259,
        0.874074074074074,
        0.874074074074074
    ],
    "test_metric": [
        0.798260964672427,
        0.7994640708738927,
        0.8005099529694849,
        0.8018429399540632,
        0.8025265230230779,
        0.8024718363775565,
        0.8035313901345292,
        0.8031212402931205,
        0.8032921360603741,
        0.8031280761238107,
        0.8040030624521493,
        0.8034835393196982,
        0.8037569725473039,
        0.8041397790659521,
        0.8046319588756425,
        0.8047139888439243,
        0.8047413321666848,
        0.8049669145794597,
        0.804932735426009,
        0.8050967953625723,
        0.8049874220715302
    ],
    "tr_loss": [
        0.6415433287620544,
        0.6391203105449677,
        0.6373125314712524,
        0.6356215476989746,
        0.6338217109441757,
        0.6322728395462036,
        0.6306782513856888,
        0.6290400475263596,
        0.627509817481041,
        0.626001164317131,
        0.624500185251236,
        0.6230638921260834,
        0.6214002966880798,
        0.6201465576887131,
        0.6186362206935883,
        0.6171778291463852,
        0.6155657917261124,
        0.6140579879283905,
        0.612613782286644,
        0.6113044619560242,
        0.6098115891218185
    ],
    "tr_times": 5.148824214935303,
    "ev_times": 0.00017714500427246094,
    "test_times": 0.0005240440368652344,
    "param_total_size": 328144,
    "param_total_count": 82036,
    "model_size": 477919
}