{
    "args": {
        "model": "tv7.1",
        "output": "finetune_outputs/binclass-0.8/tv7.1-tuned/train_1461_heart-failure",
        "dataset": "train_1461_heart-failure",
        "task": "binclass",
        "batch_size": 64,
        "early_stop": 16,
        "reduce_data": 0.8
    },
    "device": "NVIDIA GeForce RTX 3090",
    "best_eval_score": 0.8095238095238095,
    "final_test_score": 0.8677792041078305,
    "ev_metric": [
        0.8095238095238095,
        0.8095238095238095,
        0.8095238095238095,
        0.8095238095238095,
        0.7619047619047619,
        0.7142857142857143,
        0.7142857142857143,
        0.7142857142857143,
        0.7142857142857143,
        0.7619047619047619,
        0.7619047619047619,
        0.7619047619047619,
        0.7142857142857142,
        0.7142857142857142,
        0.7142857142857142,
        0.7142857142857142,
        0.6666666666666666
    ],
    "test_metric": [
        0.8677792041078305,
        0.8433889602053914,
        0.8292682926829268,
        0.8164313222079589,
        0.8112965340179716,
        0.8061617458279846,
        0.7958921694480103,
        0.7817715019255456,
        0.7792041078305519,
        0.7753530166880616,
        0.7676508344030808,
        0.7625160462130937,
        0.7599486521181003,
        0.7573812580231065,
        0.7509627727856226,
        0.741976893453145,
        0.7381258023106545
    ],
    "tr_loss": [
        0.6869584321975708,
        0.6851961612701416,
        0.6832852959632874,
        0.6812313199043274,
        0.6790417432785034,
        0.6767252683639526,
        0.6742921471595764,
        0.6717530488967896,
        0.6691199541091919,
        0.6664050817489624,
        0.6636216640472412,
        0.6607838273048401,
        0.6579070091247559,
        0.6550077795982361,
        0.6521036624908447,
        0.6492127180099487,
        0.6463539004325867
    ],
    "tr_times": 0.33962297439575195,
    "ev_times": 0.00036263465881347656,
    "test_times": 0.0003173351287841797,
    "param_total_size": 3052584,
    "param_total_count": 763141
}