{
    "args": {
        "output": "finetune_outputs/binclass-0.8/ftt-tuned/train_0526_colleges_aaup",
        "dataset": "train_0526_colleges_aaup",
        "task": "binclass",
        "batch_size": 64,
        "early_stop": 16,
        "reduce_data": 0.8
    },
    "device": "NVIDIA GeForce RTX 3090",
    "best_eval_score": 1.0,
    "final_test_score": 0.9689745836985101,
    "ev_metric": [
        0.7587412587412588,
        0.9265734265734266,
        0.9475524475524475,
        0.951048951048951,
        0.9615384615384616,
        0.9720279720279721,
        0.9825174825174825,
        0.9895104895104895,
        1.0,
        1.0,
        1.0,
        1.0,
        0.9965034965034965,
        0.986013986013986,
        0.9825174825174825,
        0.9825174825174825,
        0.979020979020979,
        0.979020979020979,
        0.979020979020979,
        0.979020979020979,
        0.9825174825174825,
        0.986013986013986,
        0.986013986013986,
        0.9895104895104895,
        0.9895104895104895
    ],
    "test_metric": [
        0.7925503943908853,
        0.9116564417177915,
        0.9245398773006135,
        0.9324276950043822,
        0.9410166520595968,
        0.9462751971954426,
        0.952410166520596,
        0.9599474145486415,
        0.9689745836985101,
        0.9781770376862401,
        0.9855390008764242,
        0.99079754601227,
        0.9953549517966696,
        0.9977212971078001,
        0.9986853637160386,
        0.9992112182296231,
        0.9993865030674847,
        0.9994741454864154,
        0.9994741454864154,
        0.9995617879053462,
        0.999649430324277,
        0.9997370727432077,
        0.9998247151621386,
        0.9998247151621384,
        1.0
    ],
    "tr_loss": [
        0.6845085819562277,
        0.6045758128166199,
        0.5372145473957062,
        0.46361831823984784,
        0.4831316868464152,
        0.42413248618443805,
        0.3959230085213979,
        0.3609640598297119,
        0.35500382383664447,
        0.2822109709183375,
        0.26234276096026105,
        0.26105103890101117,
        0.21982978781064352,
        0.21811504165331522,
        0.21173894902070364,
        0.17865051329135895,
        0.1640273481607437,
        0.1681633194287618,
        0.16001794735590616,
        0.14165477454662323,
        0.14848916232585907,
        0.1314097841580709,
        0.11733175069093704,
        0.1247155914704005,
        0.13206729044516882
    ],
    "tr_times": 0.618077278137207,
    "ev_times": 0.0006954669952392578,
    "test_times": 0.0008358955383300781,
    "param_total_size": 586788,
    "param_total_count": 146696,
    "model_size": 615537
}