{
    "args": {
        "model": "xgboost",
        "output": "finetune_outputs/binclass-0.8/xgboost-tuned/train_1578_kdd_ipums_la_97-small",
        "dataset": "train_1578_kdd_ipums_la_97-small",
        "task": "binclass",
        "reduce_data": 0.8
    },
    "device": "NVIDIA GeForce RTX 3090",
    "configs": {
        "metric": "roc_auc",
        "eval_score": 0.9640005806357961,
        "n_trial": 96,
        "dataset": "train_1578_kdd_ipums_la_97-small",
        "model": {
            "booster": "gbtree",
            "n_estimators": 2000,
            "n_jobs": -1,
            "tree_method": "hist",
            "alpha": 4.4726611007034146e-07,
            "colsample_bylevel": 0.6177920555610767,
            "colsample_bytree": 0.9425357504792211,
            "gamma": 0.6531317912241621,
            "lambda": 0.0005011602675227717,
            "learning_rate": 3.925102252987578e-05,
            "max_depth": 4,
            "min_child_weight": 0.01059279840801749,
            "subsample": 0.7615369409300751
        },
        "training": {
            "early_stopping_rounds": 20,
            "verbose": false,
            "eval_metric": "error"
        }
    },
    "best_eval_score": 0.9640005806357961,
    "final_test_score": 0.9173135680369467,
    "tr_times": 0.0172421932220459,
    "ev_times": 0.0002014636993408203,
    "test_times": 0.0001957416534423828,
    "param_total_size": 0,
    "param_total_count": 0,
    "model_size": 26440
}