{
    "args": {
        "model": "dcnv2",
        "output": "finetune_outputs/binclass-0.8/dcnv2-tuned/train_0546_analcatdata_seropositive",
        "dataset": "train_0546_analcatdata_seropositive",
        "task": "binclass",
        "batch_size": 64,
        "early_stop": 16,
        "reduce_data": 0.8
    },
    "device": "NVIDIA GeForce RTX 3090",
    "best_eval_score": 1.0,
    "final_test_score": 0.9506172839506173,
    "ev_metric": [
        1.0,
        1.0,
        1.0,
        1.0,
        1.0,
        1.0,
        1.0,
        1.0,
        1.0,
        1.0,
        1.0,
        1.0,
        1.0,
        1.0,
        1.0,
        1.0,
        1.0
    ],
    "test_metric": [
        0.9506172839506173,
        0.95679012345679,
        0.95679012345679,
        0.95679012345679,
        0.95679012345679,
        0.95679012345679,
        0.9506172839506173,
        0.9259259259259259,
        0.9320987654320988,
        0.8827160493827161,
        0.8827160493827161,
        0.8888888888888888,
        0.8888888888888888,
        0.8888888888888888,
        0.8888888888888888,
        0.8888888888888888,
        0.8888888888888888
    ],
    "tr_loss": [
        0.7523130178451538,
        0.5733041763305664,
        0.42247843742370605,
        0.26679039001464844,
        0.12304544448852539,
        0.03672059625387192,
        0.00624428503215313,
        0.0006576228188350797,
        3.251122689107433e-05,
        1.0952320508295088e-06,
        5.215405707303944e-08,
        0.0,
        0.0,
        0.0,
        0.0,
        0.0,
        0.0
    ],
    "tr_times": 0.30666136741638184,
    "ev_times": 0.00017404556274414062,
    "test_times": 0.00019240379333496094,
    "param_total_size": 6181152,
    "param_total_count": 1545287,
    "model_size": 6190807
}