{
    "args": {
        "model": "tv7.1",
        "output": "finetune_outputs/binclass-0.8/tv7.1-tuned/piracydataset",
        "dataset": "piracydataset",
        "task": "binclass",
        "batch_size": 64,
        "early_stop": 16,
        "reduce_data": 0.8
    },
    "device": "NVIDIA GeForce RTX 3090",
    "best_eval_score": 0.6936936936936936,
    "final_test_score": 0.5290744957709824,
    "ev_metric": [
        0.6876876876876876,
        0.6936936936936936,
        0.6936936936936936,
        0.6936936936936936,
        0.6936936936936936,
        0.6906906906906906,
        0.6786786786786786,
        0.6786786786786786,
        0.6636636636636637,
        0.6606606606606606,
        0.6606606606606606,
        0.6606606606606606,
        0.6606606606606605,
        0.6816816816816816,
        0.6816816816816816,
        0.6786786786786786,
        0.6666666666666666,
        0.6876876876876876
    ],
    "test_metric": [
        0.5280985686402082,
        0.5290744957709824,
        0.5290744957709825,
        0.5290744957709825,
        0.5285052049446975,
        0.5293998048145738,
        0.5302130774235524,
        0.5293998048145739,
        0.528179895901106,
        0.5267160052049447,
        0.527610605074821,
        0.5346860767729343,
        0.5335474951203644,
        0.5339541314248536,
        0.5339541314248536,
        0.5388337670787248,
        0.5455839297332465,
        0.5515208197787899
    ],
    "tr_loss": [
        0.6913557251294454,
        0.6910848617553711,
        0.6906010508537292,
        0.6901386380195618,
        0.6896703640619913,
        0.6892685095469157,
        0.6888686815897623,
        0.6883172988891602,
        0.6878975033760071,
        0.6873817245165507,
        0.6869330008824667,
        0.6865689158439636,
        0.6861972411473592,
        0.685623824596405,
        0.6852361957232157,
        0.6846886873245239,
        0.6843856374422709,
        0.6839716633160909
    ],
    "tr_times": 0.4012134075164795,
    "ev_times": 0.00027370452880859375,
    "test_times": 0.0002684593200683594,
    "param_total_size": 448588,
    "param_total_count": 112146
}