{
    "metric": "roc_auc",
    "eval_score": 0.6721311475409836,
    "n_trial": 44,
    "dataset": "train_1512_eye_movements",
    "model": {
        "booster": "gbtree",
        "n_estimators": 2000,
        "n_jobs": -1,
        "tree_method": "hist",
        "alpha": 1.6578004177987361e-06,
        "colsample_bylevel": 0.9191845284894626,
        "colsample_bytree": 0.92898735252973,
        "gamma": 0.000404102079807401,
        "lambda": 0.2802049459257797,
        "learning_rate": 0.07811302060650986,
        "max_depth": 4,
        "min_child_weight": 7.316106141784172e-06,
        "subsample": 0.6569163720875899
    },
    "training": {
        "early_stopping_rounds": 20,
        "verbose": false
    }
}