{
    "args": {
        "output": "finetune_outputs/binclass-0.0/ftt-tuned/train_0435_strikes",
        "dataset": "train_0435_strikes",
        "task": "binclass",
        "batch_size": 64,
        "early_stop": 16,
        "reduce_data": 0.0
    },
    "device": "NVIDIA GeForce RTX 3090",
    "best_eval_score": 0.9995999999999999,
    "final_test_score": 0.9915514592933947,
    "ev_metric": [
        0.8520000000000001,
        0.8664000000000001,
        0.8936,
        0.9092,
        0.9239999999999999,
        0.9244,
        0.9392,
        0.944,
        0.9400000000000001,
        0.9623999999999999,
        0.96,
        0.9752000000000001,
        0.9812000000000001,
        0.9828000000000001,
        0.9872000000000001,
        0.9872000000000001,
        0.988,
        0.9823999999999999,
        0.9716,
        0.9892000000000001,
        0.9600000000000001,
        0.9863999999999999,
        0.99,
        0.9987999999999999,
        0.996,
        0.9932,
        0.9995999999999999,
        0.9976
    ],
    "test_metric": [
        0.7601126472094213,
        0.7982590885816693,
        0.8251408090117768,
        0.8392217101894521,
        0.8622631848438299,
        0.8591909882232462,
        0.8975934459805428,
        0.9032258064516129,
        0.8850486431131592,
        0.9370199692780338,
        0.9354838709677419,
        0.9406041986687147,
        0.9559651817716334,
        0.9585253456221198,
        0.9703020993343574,
        0.9769585253456221,
        0.9795186891961085,
        0.9687660010240655,
        0.9818228366615463,
        0.9690220174091142,
        0.9587813620071683,
        0.9738863287250384,
        0.9825908858166923,
        0.9902713773681515,
        0.9923195084485406,
        0.9841269841269841,
        0.9915514592933947,
        0.9930875576036866
    ],
    "tr_loss": [
        0.6637288331985474,
        0.6062194619859967,
        0.5411741137504578,
        0.4882833319050925,
        0.45354016763823374,
        0.3899010419845581,
        0.3786735534667969,
        0.3640474932534354,
        0.3516713146652494,
        0.3271502213818686,
        0.3491162977048329,
        0.2972876365695681,
        0.25551811925002504,
        0.210049997482981,
        0.2183624804019928,
        0.20031685807875224,
        0.1890490416969572,
        0.23016210326126643,
        0.1923161627990859,
        0.22136775936399186,
        0.1674703061580658,
        0.20386124402284622,
        0.14270890291248048,
        0.14916580063956125,
        0.14922816625663213,
        0.14375642793519156,
        0.11959224087851388,
        0.10933262322630201
    ]
}