{
    "args": {
        "model": "dcnv2",
        "output": "finetune_outputs/openml-0.8/dcnv2-tuned/1510",
        "dataset": "1510",
        "task": "openml",
        "batch_size": 64,
        "early_stop": 16,
        "reduce_data": 0.8
    },
    "device": "NVIDIA GeForce RTX 3090",
    "best_eval_score": 0.0909090909090909,
    "final_test_score": 0.06624737945492662,
    "ev_metric": [
        0.0909090909090909,
        0.0909090909090909,
        0.0909090909090909,
        0.07575757575757576,
        0.07575757575757576,
        0.07575757575757576,
        0.07575757575757576,
        0.07575757575757576,
        0.07575757575757576,
        0.07575757575757576,
        0.07575757575757576,
        0.07575757575757576,
        0.07575757575757576,
        0.07575757575757576,
        0.07575757575757576,
        0.0909090909090909,
        0.0909090909090909
    ],
    "test_metric": [
        0.06624737945492662,
        0.06834381551362682,
        0.0721174004192872,
        0.07484276729559747,
        0.07777777777777777,
        0.08029350104821803,
        0.08364779874213835,
        0.08846960167714885,
        0.09224318658280922,
        0.09580712788259957,
        0.09874213836477988,
        0.10209643605870021,
        0.10943396226415093,
        0.11593291404612158,
        0.12285115303983228,
        0.1310272536687631,
        0.13857442348008386
    ],
    "tr_loss": [
        0.7102606296539307,
        0.7084784507751465,
        0.6988890469074249,
        0.70404252409935,
        0.7084262669086456,
        0.7005845308303833,
        0.7047637701034546,
        0.7016834020614624,
        0.7019343078136444,
        0.7027195394039154,
        0.6978608965873718,
        0.7065927386283875,
        0.6981135606765747,
        0.697596400976181,
        0.7033353447914124,
        0.6940614283084869,
        0.6930732727050781
    ],
    "tr_times": 0.3466150760650635,
    "ev_times": 0.0001747608184814453,
    "test_times": 0.00018334388732910156,
    "param_total_size": 310660,
    "param_total_count": 77665,
    "model_size": 322005
}