{
    "args": {
        "output": "finetune_outputs/binclass-0.8/ftt-tuned/train_0447_arsenic-female-lung",
        "dataset": "train_0447_arsenic-female-lung",
        "task": "binclass",
        "batch_size": 64,
        "early_stop": 16,
        "reduce_data": 0.8
    },
    "device": "NVIDIA GeForce RTX 3090",
    "best_eval_score": 1.0,
    "final_test_score": 0.9814814814814815,
    "ev_metric": [
        1.0,
        1.0,
        1.0,
        0.9411764705882353,
        0.9411764705882353,
        1.0,
        1.0,
        1.0,
        1.0,
        1.0,
        1.0,
        1.0,
        1.0,
        1.0,
        1.0,
        1.0,
        1.0
    ],
    "test_metric": [
        0.9814814814814815,
        0.9884259259259259,
        0.9768518518518519,
        0.9907407407407407,
        0.9907407407407407,
        0.9768518518518519,
        0.9675925925925926,
        0.9791666666666666,
        0.9907407407407407,
        0.9976851851851851,
        0.9976851851851851,
        0.9976851851851851,
        0.9976851851851851,
        1.0,
        0.9976851851851851,
        0.9953703703703703,
        0.9953703703703703
    ],
    "tr_loss": [
        0.6751353442668915,
        0.46242623031139374,
        0.3439786583185196,
        0.2967677116394043,
        0.24706340581178665,
        0.23054444789886475,
        0.1894127056002617,
        0.29145175963640213,
        0.1572793573141098,
        0.15026144310832024,
        0.14399129152297974,
        0.1258503533899784,
        0.11858151853084564,
        0.11465618014335632,
        0.11207984387874603,
        0.1051374264061451,
        0.09829243645071983
    ],
    "tr_times": 0.3654663562774658,
    "ev_times": 0.00035500526428222656,
    "test_times": 0.0005018711090087891,
    "param_total_size": 432452,
    "param_total_count": 108113,
    "model_size": 444308
}