{
    "args": {
        "model": "mlp",
        "output": "finetune_outputs/binclass-0.8/mlp-tuned/train_0284_bank8FM",
        "dataset": "train_0284_bank8FM",
        "task": "binclass",
        "batch_size": 64,
        "early_stop": 16,
        "reduce_data": 0.8
    },
    "device": "NVIDIA GeForce RTX 3090",
    "best_eval_score": 0.9675858732462506,
    "final_test_score": 0.9858250331645985,
    "ev_metric": [
        0.9365626511852927,
        0.9498669569424286,
        0.9628084179970973,
        0.9675858732462506,
        0.9675253991291728,
        0.965711175616836,
        0.9604499274310595,
        0.9650459603289792,
        0.9634736332849541,
        0.9615384615384616,
        0.9616594097726173,
        0.9629898403483309,
        0.9573052733430092,
        0.9632922109337204,
        0.9576681180454766,
        0.9589078374455733,
        0.9626874697629415,
        0.9578193033381712,
        0.9603894533139816,
        0.959059022738268
    ],
    "test_metric": [
        0.9707022854969434,
        0.9775856790780086,
        0.9825534112379286,
        0.9858250331645985,
        0.9854060305454455,
        0.9849684743047804,
        0.9853565542214127,
        0.9845680253071397,
        0.9833156558550592,
        0.9832012418557332,
        0.9811804432460179,
        0.9829801445327115,
        0.9819643337549129,
        0.9830860547888444,
        0.9819689721602909,
        0.981304907123663,
        0.9823585982120493,
        0.9823493214012932,
        0.9823694211579316,
        0.9828487230469994
    ],
    "tr_loss": [
        0.4587286658146802,
        0.25988467037677765,
        0.17462687019039602,
        0.18080101425156875,
        0.14795010493082159,
        0.12939695597571485,
        0.13830293583519318,
        0.1267973031191265,
        0.10704445641706972,
        0.11773776087690802,
        0.10824658414896797,
        0.10279603653094348,
        0.1035231360617806,
        0.10440122292322271,
        0.099399623406284,
        0.08228548386079423,
        0.09811508808942403,
        0.07693362542811562,
        0.0791534554103718,
        0.08369376028285307
    ],
    "tr_times": 0.5922105312347412,
    "ev_times": 0.0001289844512939453,
    "test_times": 0.0003037452697753906,
    "param_total_size": 2358636,
    "param_total_count": 589658,
    "model_size": 2363805
}