{
    "args": {
        "model": "dcnv2",
        "output": "finetune_outputs/binclass-0.8/dcnv2-tuned/train_2308_electricity_seed_4_nrows_2000_nclasses_10_ncols_100_stratify_True",
        "dataset": "train_2308_electricity_seed_4_nrows_2000_nclasses_10_ncols_100_stratify_True",
        "task": "binclass",
        "batch_size": 64,
        "early_stop": 16,
        "reduce_data": 0.8
    },
    "device": "NVIDIA GeForce RTX 3090",
    "best_eval_score": 0.8271484375,
    "final_test_score": 0.8150125000000001,
    "ev_metric": [
        0.7470703125,
        0.7802734375,
        0.7890625,
        0.7890625,
        0.8271484375,
        0.7802734375,
        0.7646484375,
        0.7451171875,
        0.8046875,
        0.767578125,
        0.7587890625,
        0.8056640625,
        0.7626953125,
        0.7470703125,
        0.7451171875,
        0.6884765625,
        0.6962890625,
        0.77734375,
        0.77734375,
        0.7744140625,
        0.7265625
    ],
    "test_metric": [
        0.8202250000000001,
        0.8210500000000001,
        0.8015249999999999,
        0.8169249999999999,
        0.8150125000000001,
        0.800125,
        0.8009625000000001,
        0.7833999999999999,
        0.81855,
        0.7846624999999999,
        0.807075,
        0.8000749999999999,
        0.8044125,
        0.801725,
        0.8182499999999999,
        0.7647375,
        0.7666125,
        0.8185375,
        0.77615,
        0.7762249999999999,
        0.7365875000000001
    ],
    "tr_loss": [
        0.8322257399559021,
        0.6735816150903702,
        0.4560777097940445,
        0.4501418173313141,
        0.35513822734355927,
        0.4280744306743145,
        0.3817481994628906,
        0.3532477915287018,
        0.3115721866488457,
        0.29649901017546654,
        0.36014093831181526,
        0.2948457598686218,
        0.3596401512622833,
        0.2060355246067047,
        0.20860103890299797,
        0.2190820723772049,
        0.5468069240450859,
        0.29188913106918335,
        0.5284160673618317,
        0.5307345017790794,
        2.3171371668577194
    ],
    "tr_times": 0.47682714462280273,
    "ev_times": 0.00030303001403808594,
    "test_times": 0.000286102294921875,
    "param_total_size": 11172868,
    "param_total_count": 2793216,
    "model_size": 11189641
}