{
    "args": {
        "output": "finetune_outputs/binclass-0.0/ftt-tuned/UniversalBank",
        "dataset": "UniversalBank",
        "task": "binclass",
        "batch_size": 64,
        "early_stop": 16,
        "reduce_data": 0.0
    },
    "device": "NVIDIA GeForce RTX 3090",
    "best_eval_score": 0.6392619092449633,
    "final_test_score": 0.5948478541558266,
    "ev_metric": [
        0.5836565618527585,
        0.606831105253248,
        0.5917680286198457,
        0.6223008849557522,
        0.6194614950103559,
        0.6249670495198644,
        0.6248616079834306,
        0.6378911692713236,
        0.621600451892299,
        0.6205912257578611,
        0.6254716625870834,
        0.6392619092449633,
        0.6386480888721522,
        0.6270834117868574,
        0.6389757107889287,
        0.6282508002259461,
        0.6247636979853135,
        0.6275202410092261,
        0.6205610996045943,
        0.6233703633967238,
        0.6181208811899831,
        0.6218151007343249,
        0.6315345509320278,
        0.6295160986631518,
        0.6363999246846168,
        0.6307362078704575,
        0.624974581058181
    ],
    "test_metric": [
        0.5553901447264458,
        0.5853278988649284,
        0.5879728662003045,
        0.5933687922761173,
        0.610510493149101,
        0.6164797363704688,
        0.6231186525601742,
        0.6152801063768284,
        0.6199822705286081,
        0.6207434815285888,
        0.612603823399048,
        0.5948478541558266,
        0.589861440326839,
        0.5934964637413038,
        0.5937710778362337,
        0.5763041760613594,
        0.5828274652637259,
        0.5823649573143705,
        0.5853327166560676,
        0.5753454356246748,
        0.5761596423271858,
        0.5835164093966199,
        0.5784673642828236,
        0.5771087471815921,
        0.5859638472952919,
        0.5756489564664393,
        0.5726980593937292
    ],
    "tr_loss": [
        0.6107513570785522,
        0.5860171008110047,
        0.5764920032024383,
        0.5699671131372451,
        0.573255507349968,
        0.5646408289670944,
        0.5617688328027726,
        0.5582079422473908,
        0.5601708018779754,
        0.5611105346679688,
        0.5566675889492035,
        0.5574420416355133,
        0.5476844149827957,
        0.5508201855421067,
        0.5478381836414337,
        0.5450830781459808,
        0.542423580288887,
        0.5407416814565659,
        0.5437032979726791,
        0.5370271211862564,
        0.5393029499053955,
        0.5407824617624283,
        0.5421797358989715,
        0.5372721463441849,
        0.5376463079452515,
        0.5396262794733048,
        0.5371427291631699
    ]
}