{
    "args": {
        "model": "tv7.1",
        "output": "finetune_outputs/binclass-0.8/tv7.1-tuned/train_0447_arsenic-female-lung",
        "dataset": "train_0447_arsenic-female-lung",
        "task": "binclass",
        "batch_size": 64,
        "early_stop": 16,
        "reduce_data": 0.8
    },
    "device": "NVIDIA GeForce RTX 3090",
    "best_eval_score": 1.0,
    "final_test_score": 1.0,
    "ev_metric": [
        1.0,
        1.0,
        1.0,
        1.0,
        1.0,
        1.0,
        1.0,
        1.0,
        1.0,
        1.0,
        1.0,
        1.0,
        1.0,
        1.0,
        1.0,
        1.0,
        1.0
    ],
    "test_metric": [
        1.0,
        1.0,
        1.0,
        1.0,
        1.0,
        1.0,
        1.0,
        1.0,
        1.0,
        1.0,
        1.0,
        1.0,
        1.0,
        1.0,
        1.0,
        1.0,
        1.0
    ],
    "tr_loss": [
        0.6124498844146729,
        0.6106634438037872,
        0.5985902547836304,
        0.6071086227893829,
        0.6080114841461182,
        0.6089792847633362,
        0.6072846949100494,
        0.6105514466762543,
        0.6114520132541656,
        0.6185809075832367,
        0.6061409115791321,
        0.6170656085014343,
        0.6036255657672882,
        0.6100301742553711,
        0.6158075630664825,
        0.6017777919769287,
        0.6100770235061646
    ],
    "tr_times": 0.35296130180358887,
    "ev_times": 0.0003142356872558594,
    "test_times": 0.00028133392333984375,
    "param_total_size": 115604,
    "param_total_count": 28901
}