{
    "args": {
        "output": "finetune_outputs/openml-0.8/ftt-tuned/1489",
        "dataset": "1489",
        "task": "openml",
        "batch_size": 64,
        "early_stop": 16,
        "reduce_data": 0.8
    },
    "device": "NVIDIA GeForce RTX 3090",
    "best_eval_score": 0.8245614035087719,
    "final_test_score": 0.8183669152255539,
    "ev_metric": [
        0.7876461988304093,
        0.7878289473684211,
        0.7905701754385965,
        0.7989766081871346,
        0.8170687134502924,
        0.8031798245614036,
        0.8088450292397661,
        0.8245614035087719,
        0.8243786549707602,
        0.819627192982456,
        0.8187134502923976,
        0.8137792397660819,
        0.814875730994152,
        0.8101242690058479,
        0.8073830409356725,
        0.8061038011695907,
        0.8146929824561403,
        0.8117690058479532
    ],
    "test_metric": [
        0.7853627902057221,
        0.7936723253477178,
        0.7965757046908879,
        0.8021391929768892,
        0.8109841874239779,
        0.8044581945105506,
        0.8081945105505315,
        0.8183669152255539,
        0.8210772647945423,
        0.8221799143265112,
        0.8174096990850916,
        0.8215823152995927,
        0.8246284837907876,
        0.8266407530805436,
        0.8220371251784864,
        0.8233116505367815,
        0.8294066317626527,
        0.8272859484901369
    ],
    "tr_loss": [
        0.6023803407495673,
        0.5671975395896218,
        0.5375314111059363,
        0.48842564496127044,
        0.47260152480819007,
        0.467788736928593,
        0.4606583524834026,
        0.4535661041736603,
        0.44406678730791266,
        0.4950881383635781,
        0.4677396768873388,
        0.4148265340111472,
        0.4206938147544861,
        0.408976059068333,
        0.4109004925597798,
        0.46691571311517194,
        0.43153346939520404,
        0.41223388639363373
    ],
    "tr_times": 0,
    "ev_times": 0,
    "test_times": 0,
    "param_total_size": 0,
    "param_total_count": 0,
    "model_size": 0
}