{
    "args": {
        "model": "tv7.2",
        "output": "finetune_outputs/binclass-0.8/tv7.2-tuned/train_1742_Loan-Predication",
        "dataset": "train_1742_Loan-Predication",
        "task": "binclass",
        "batch_size": 64,
        "early_stop": 16,
        "reduce_data": 0.8
    },
    "device": "NVIDIA GeForce RTX 3090",
    "best_eval_score": 0.8333333333333334,
    "final_test_score": 0.6808049535603715,
    "ev_metric": [
        0.8214285714285714,
        0.8214285714285714,
        0.8214285714285714,
        0.8214285714285714,
        0.8333333333333334,
        0.8333333333333334,
        0.8333333333333334,
        0.8333333333333334,
        0.8333333333333334,
        0.8333333333333334,
        0.8333333333333334,
        0.8333333333333334,
        0.8333333333333334,
        0.8333333333333334,
        0.8333333333333334,
        0.8333333333333334,
        0.8333333333333334,
        0.8214285714285714,
        0.8214285714285714,
        0.8214285714285714,
        0.8214285714285714
    ],
    "test_metric": [
        0.6786377708978327,
        0.6801857585139319,
        0.6808049535603715,
        0.6814241486068111,
        0.6808049535603715,
        0.6814241486068111,
        0.6826625386996903,
        0.6835913312693498,
        0.6851393188854489,
        0.6854489164086688,
        0.6854489164086688,
        0.6854489164086688,
        0.6842105263157895,
        0.6832817337461301,
        0.6848297213622292,
        0.685139318885449,
        0.6845201238390094,
        0.6845201238390093,
        0.6845201238390094,
        0.6845201238390093,
        0.6848297213622292
    ],
    "tr_loss": [
        0.6795997023582458,
        0.6738892495632172,
        0.674085795879364,
        0.6743616759777069,
        0.6727971434593201,
        0.6726548671722412,
        0.6811298727989197,
        0.6762675344944,
        0.6767708361148834,
        0.6747481524944305,
        0.6684810519218445,
        0.6701438426971436,
        0.6708914339542389,
        0.6686716675758362,
        0.6711620092391968,
        0.6683712005615234,
        0.6731034219264984,
        0.6689918637275696,
        0.6673029065132141,
        0.6724596917629242,
        0.6747823059558868
    ],
    "tr_times": 0.054645538330078125,
    "ev_times": 0.00024366378784179688,
    "test_times": 0.0003218650817871094,
    "param_total_size": 631312,
    "param_total_count": 157822,
    "model_size": 653661
}