{
    "args": {
        "model": "dcnv2",
        "output": "finetune_outputs/binclass-0.8/dcnv2-tuned/train_0406_visualizing_environmental",
        "dataset": "train_0406_visualizing_environmental",
        "task": "binclass",
        "batch_size": 64,
        "early_stop": 16,
        "reduce_data": 0.8
    },
    "device": "NVIDIA GeForce RTX 3090",
    "best_eval_score": 0.5,
    "final_test_score": 0.5833333333333334,
    "ev_metric": [
        0.25,
        0.25,
        0.25,
        0.25,
        0.25,
        0.25,
        0.25,
        0.25,
        0.25,
        0.25,
        0.25,
        0.5,
        0.5,
        0.5,
        0.5,
        0.5,
        0.5,
        0.5,
        0.5,
        0.5,
        0.5,
        0.5,
        0.5,
        0.5,
        0.5,
        0.5,
        0.5,
        0.5
    ],
    "test_metric": [
        0.4772727272727273,
        0.5454545454545454,
        0.553030303030303,
        0.553030303030303,
        0.553030303030303,
        0.553030303030303,
        0.553030303030303,
        0.5606060606060606,
        0.5606060606060606,
        0.5757575757575758,
        0.5833333333333334,
        0.5833333333333334,
        0.5833333333333334,
        0.5984848484848485,
        0.6136363636363636,
        0.6212121212121212,
        0.6212121212121212,
        0.6287878787878788,
        0.6439393939393939,
        0.6590909090909091,
        0.6515151515151515,
        0.6590909090909092,
        0.6590909090909091,
        0.6666666666666667,
        0.6742424242424243,
        0.6742424242424243,
        0.6742424242424243,
        0.6893939393939394
    ],
    "tr_loss": [
        0.8744053244590759,
        0.8030814528465271,
        0.6678682565689087,
        0.6241244077682495,
        0.578295886516571,
        0.5467190742492676,
        0.5446752309799194,
        0.5178742408752441,
        0.5056456923484802,
        0.4967493414878845,
        0.4949014484882355,
        0.48540717363357544,
        0.4816857576370239,
        0.4763868451118469,
        0.4691605269908905,
        0.4597451686859131,
        0.4594102203845978,
        0.4513885974884033,
        0.44651904702186584,
        0.44225001335144043,
        0.44003385305404663,
        0.43893617391586304,
        0.432712584733963,
        0.42506077885627747,
        0.42189452052116394,
        0.4178882837295532,
        0.4071991741657257,
        0.4098726212978363
    ],
    "tr_times": 0.3257007598876953,
    "ev_times": 0.0001780986785888672,
    "test_times": 0.00017380714416503906,
    "param_total_size": 1777084,
    "param_total_count": 444271,
    "model_size": 1786647
}