{
    "args": {
        "output": "finetune_outputs/binclass-0.8/ftt-tuned/diabetes_data_upload",
        "dataset": "diabetes_data_upload",
        "task": "binclass",
        "batch_size": 64,
        "early_stop": 16,
        "reduce_data": 0.8
    },
    "device": "NVIDIA GeForce RTX 3090",
    "best_eval_score": 1.0,
    "final_test_score": 0.9539062500000001,
    "ev_metric": [
        0.6857142857142857,
        0.7285714285714286,
        0.8571428571428571,
        0.8714285714285714,
        0.8857142857142857,
        0.9,
        0.9,
        0.9,
        0.9285714285714285,
        0.9428571428571428,
        0.9571428571428571,
        0.9857142857142857,
        0.9857142857142857,
        0.9857142857142857,
        0.9857142857142857,
        0.9857142857142858,
        0.9857142857142858,
        0.9857142857142857,
        0.9857142857142857,
        0.9857142857142857,
        0.9857142857142857,
        0.9857142857142857,
        0.9857142857142857,
        0.9857142857142858,
        0.9857142857142858,
        1.0,
        1.0,
        1.0,
        1.0,
        1.0,
        1.0,
        1.0,
        1.0,
        1.0,
        1.0,
        1.0,
        1.0,
        1.0,
        1.0,
        1.0,
        1.0,
        1.0
    ],
    "test_metric": [
        0.690234375,
        0.7058593750000001,
        0.7375,
        0.766796875,
        0.791796875,
        0.8046875000000002,
        0.8171875,
        0.8316406250000001,
        0.8562500000000001,
        0.874609375,
        0.8855468750000001,
        0.8988281250000001,
        0.909765625,
        0.91953125,
        0.923828125,
        0.926953125,
        0.930859375,
        0.9351562499999999,
        0.938671875,
        0.9457031250000001,
        0.9472656250000001,
        0.9484375,
        0.948828125,
        0.95078125,
        0.9519531250000001,
        0.9539062500000001,
        0.955078125,
        0.954296875,
        0.9546875000000001,
        0.95703125,
        0.9597656250000001,
        0.9593750000000001,
        0.959375,
        0.9605468749999999,
        0.959765625,
        0.9593750000000001,
        0.96015625,
        0.9621093750000002,
        0.9621093750000002,
        0.9625000000000001,
        0.962890625,
        0.96328125
    ],
    "tr_loss": [
        0.6009760499000549,
        0.5320378690958023,
        0.726841926574707,
        0.4939637929201126,
        0.518827497959137,
        0.5380187183618546,
        0.6056278347969055,
        0.6518385410308838,
        0.5209365487098694,
        0.4984096884727478,
        0.7094086408615112,
        0.584374725818634,
        0.5601447224617004,
        0.6168499886989594,
        0.6150994598865509,
        0.6640267968177795,
        0.608407586812973,
        0.4534670412540436,
        0.5778385400772095,
        0.6003276407718658,
        0.5324457734823227,
        0.4316578209400177,
        0.504693478345871,
        0.6184480786323547,
        0.4194450378417969,
        0.6559631824493408,
        0.5840319097042084,
        0.5468127429485321,
        0.45706647634506226,
        0.5080479979515076,
        0.4839574694633484,
        0.5334455370903015,
        0.592188835144043,
        0.658636212348938,
        0.3882547467947006,
        0.6443216502666473,
        0.4041476547718048,
        0.39241449534893036,
        0.5668485164642334,
        0.4422774612903595,
        0.3361102342605591,
        0.4429217576980591
    ],
    "tr_times": 0.6669418811798096,
    "ev_times": 0.0006859302520751953,
    "test_times": 0.0007364749908447266,
    "param_total_size": 733876,
    "param_total_count": 183454,
    "model_size": 761457
}