{
    "args": {
        "model": "xgboost",
        "output": "finetune_outputs/binclass-0.8/xgboost-tuned/piracydataset",
        "dataset": "piracydataset",
        "task": "binclass",
        "reduce_data": 0.8
    },
    "device": "NVIDIA GeForce RTX 3090",
    "configs": {
        "metric": "roc_auc",
        "eval_score": 0.8513513513513513,
        "n_trial": 4,
        "dataset": "piracydataset",
        "model": {
            "booster": "gbtree",
            "n_estimators": 2000,
            "n_jobs": -1,
            "tree_method": "hist",
            "alpha": 0.012507672948291327,
            "colsample_bylevel": 0.5077417716947557,
            "colsample_bytree": 0.9925435895597787,
            "gamma": 0.0028827601706926504,
            "lambda": 0.022873080296306032,
            "learning_rate": 0.008246240644089351,
            "max_depth": 8,
            "min_child_weight": 5.594427149600112e-08,
            "subsample": 0.7616745514886165
        },
        "training": {
            "early_stopping_rounds": 20,
            "verbose": false,
            "eval_metric": "error"
        }
    },
    "best_eval_score": 0.8513513513513513,
    "final_test_score": 0.5989752765126871,
    "tr_times": 0.012927532196044922,
    "ev_times": 0.0001666545867919922,
    "test_times": 0.00012993812561035156,
    "param_total_size": 0,
    "param_total_count": 0,
    "model_size": 20082
}