{
    "args": {
        "model": "tv7.1",
        "output": "finetune_outputs/binclass-0.8/tv7.1-tuned/train_2306_electricity_seed_2_nrows_2000_nclasses_10_ncols_100_stratify_True",
        "dataset": "train_2306_electricity_seed_2_nrows_2000_nclasses_10_ncols_100_stratify_True",
        "task": "binclass",
        "batch_size": 64,
        "early_stop": 16,
        "reduce_data": 0.8
    },
    "device": "NVIDIA GeForce RTX 3090",
    "best_eval_score": 0.783203125,
    "final_test_score": 0.755875,
    "ev_metric": [
        0.77734375,
        0.779296875,
        0.78125,
        0.7822265625,
        0.7822265625,
        0.783203125,
        0.7822265625,
        0.78125,
        0.78125,
        0.7802734375,
        0.78125,
        0.7822265625,
        0.78125,
        0.7822265625,
        0.7822265625,
        0.783203125,
        0.7822265625,
        0.7822265625,
        0.783203125,
        0.783203125,
        0.7822265625,
        0.783203125
    ],
    "test_metric": [
        0.7522,
        0.753275,
        0.7539,
        0.754375,
        0.755225,
        0.755875,
        0.7569,
        0.7576,
        0.7584,
        0.7589,
        0.7591749999999999,
        0.7595,
        0.7600499999999999,
        0.7604500000000001,
        0.76075,
        0.761,
        0.7613,
        0.761725,
        0.762175,
        0.7626,
        0.763075,
        0.76345
    ],
    "tr_loss": [
        0.6808882802724838,
        0.6806444972753525,
        0.6804074496030807,
        0.6801779866218567,
        0.6799515038728714,
        0.6797212958335876,
        0.679477721452713,
        0.6792522370815277,
        0.6790091693401337,
        0.6787716746330261,
        0.6785272061824799,
        0.6782911121845245,
        0.6780398935079575,
        0.6777865588665009,
        0.6775548905134201,
        0.6772995442152023,
        0.6770543456077576,
        0.6768016368150711,
        0.6765455305576324,
        0.6762958019971848,
        0.676038384437561,
        0.6757826060056686
    ],
    "tr_times": 0.4860091209411621,
    "ev_times": 0.0003108978271484375,
    "test_times": 0.00029277801513671875,
    "param_total_size": 832252,
    "param_total_count": 208062
}