{
    "args": {
        "model": "mlp",
        "output": "finetune_outputs/binclass-0.8/mlp-tuned/BankNoteAuthentication",
        "dataset": "BankNoteAuthentication",
        "task": "binclass",
        "batch_size": 64,
        "early_stop": 16,
        "reduce_data": 0.8
    },
    "device": "NVIDIA GeForce RTX 3090",
    "best_eval_score": 1.0,
    "final_test_score": 0.9981249330333226,
    "ev_metric": [
        0.9515789473684211,
        0.9831578947368421,
        0.9873684210526317,
        0.9894736842105264,
        0.9936842105263157,
        0.9936842105263157,
        1.0,
        0.9726315789473684,
        0.9726315789473684,
        1.0,
        1.0,
        0.991578947368421,
        0.9936842105263157,
        1.0,
        1.0,
        1.0,
        1.0,
        1.0,
        1.0,
        1.0,
        1.0,
        1.0,
        1.0
    ],
    "test_metric": [
        0.9499357119897139,
        0.9676149148183865,
        0.9769098896389157,
        0.9823207971713275,
        0.9861780777884923,
        0.9906246651666131,
        0.9981249330333226,
        0.9800171434694096,
        0.9849994642665809,
        0.9988213864780885,
        0.9998928533161898,
        0.9943212257580628,
        0.9804993035465552,
        0.9996249866066645,
        1.0,
        1.0,
        1.0,
        1.0,
        1.0,
        0.9982856530590378,
        0.9987678131361835,
        1.0,
        1.0
    ],
    "tr_loss": [
        0.691742459932963,
        0.6894672314325968,
        0.6871293783187866,
        0.6851852337519327,
        0.6772817571957906,
        0.6480015516281128,
        0.5132060845692953,
        0.3948894540468852,
        0.3700874050458272,
        0.3142395615577698,
        0.38015158971150714,
        0.20588074127833048,
        0.13280283908049265,
        0.08812893554568291,
        0.207548794336617,
        0.05941230058670044,
        0.03261887716750304,
        0.02776832350840171,
        0.015595240130399665,
        0.008571966706464687,
        0.009548301808536053,
        0.05337172684570154,
        0.021811161694737773
    ],
    "tr_times": 0.42746901512145996,
    "ev_times": 0.00028133392333984375,
    "test_times": 0.0003018379211425781,
    "param_total_size": 5243728,
    "param_total_count": 1310932,
    "model_size": 5253457
}