{
    "args": {
        "model": "tv7.3",
        "output": "finetune_outputs/binclass-0.8/tv7.3-tuned/train_0541_plasma_retinol",
        "dataset": "train_0541_plasma_retinol",
        "task": "binclass",
        "batch_size": 64,
        "early_stop": 16,
        "reduce_data": 0.8
    },
    "device": "NVIDIA GeForce RTX 3090",
    "best_eval_score": 0.4166666666666667,
    "final_test_score": 0.33127572016460904,
    "ev_metric": [
        0.4166666666666667,
        0.4166666666666667,
        0.4166666666666667,
        0.4166666666666667,
        0.4166666666666667,
        0.4166666666666667,
        0.4166666666666667,
        0.4166666666666667,
        0.4166666666666667,
        0.4166666666666667,
        0.4166666666666667,
        0.4166666666666667,
        0.4166666666666667,
        0.4166666666666667,
        0.4166666666666667,
        0.4166666666666667,
        0.4166666666666667
    ],
    "test_metric": [
        0.33127572016460904,
        0.33127572016460904,
        0.33127572016460904,
        0.33127572016460904,
        0.33127572016460904,
        0.33127572016460904,
        0.33127572016460904,
        0.33127572016460904,
        0.33127572016460904,
        0.33127572016460904,
        0.33127572016460904,
        0.33127572016460904,
        0.33127572016460904,
        0.33127572016460904,
        0.3323045267489712,
        0.3323045267489712,
        0.3323045267489712
    ],
    "tr_loss": [
        0.6881990432739258,
        0.6881911158561707,
        0.6881832480430603,
        0.6881752610206604,
        0.6881672739982605,
        0.6881594061851501,
        0.6881514191627502,
        0.6881434917449951,
        0.68813556432724,
        0.6881276369094849,
        0.6881197094917297,
        0.6881117224693298,
        0.6881037950515747,
        0.6880958676338196,
        0.6880878806114197,
        0.6880799531936646,
        0.6880720257759094
    ],
    "tr_times": 0.8200409412384033,
    "ev_times": 0.0001938343048095703,
    "test_times": 0.0002808570861816406,
    "param_total_size": 53468,
    "param_total_count": 13367,
    "model_size": 76831
}