{
    "args": {
        "model": "mlp",
        "output": "finetune_outputs/openml-0.8/mlp-tuned/15",
        "dataset": "15",
        "task": "openml",
        "batch_size": 64,
        "early_stop": 16,
        "reduce_data": 0.8
    },
    "device": "NVIDIA GeForce RTX 3090",
    "best_eval_score": 1.0,
    "final_test_score": 0.9484782608695652,
    "ev_metric": [
        0.7908163265306122,
        0.9693877551020408,
        0.8673469387755102,
        0.7091836734693877,
        0.4744897959183673,
        0.6377551020408163,
        0.8418367346938775,
        0.8571428571428572,
        1.0,
        1.0,
        1.0,
        1.0,
        1.0,
        1.0,
        1.0,
        1.0,
        1.0,
        1.0,
        1.0,
        1.0,
        1.0,
        1.0,
        1.0,
        1.0,
        1.0
    ],
    "test_metric": [
        0.7707246376811595,
        0.9539855072463768,
        0.7798550724637681,
        0.5723188405797102,
        0.30057971014492757,
        0.3784782608695652,
        0.5992028985507246,
        0.8591304347826086,
        0.9484782608695652,
        0.9699275362318839,
        0.9840579710144928,
        0.9885507246376811,
        0.9917391304347826,
        0.9917391304347826,
        0.9923188405797101,
        0.992608695652174,
        0.9930434782608696,
        0.9930434782608696,
        0.9937681159420291,
        0.993768115942029,
        0.9939130434782608,
        0.9940579710144928,
        0.9942028985507247,
        0.9943478260869566,
        0.9942028985507246
    ],
    "tr_loss": [
        0.6927501261234283,
        0.6883624792098999,
        0.6813247501850128,
        0.6815237402915955,
        0.6788637936115265,
        0.6833132803440094,
        0.6614733040332794,
        0.6562999784946442,
        0.6464663743972778,
        0.6507434248924255,
        0.6444254219532013,
        0.6626351475715637,
        0.615851104259491,
        0.6587646305561066,
        0.6315218508243561,
        0.650362104177475,
        0.6372900307178497,
        0.6237978637218475,
        0.6581612527370453,
        0.6712377667427063,
        0.6425816714763641,
        0.6351683735847473,
        0.57614666223526,
        0.4677496999502182,
        0.4181816279888153
    ],
    "tr_times": 0.4073677062988281,
    "ev_times": 0.0002257823944091797,
    "test_times": 0.00021338462829589844,
    "param_total_size": 16984412,
    "param_total_count": 4246103,
    "model_size": 16995533
}