{
    "args": {
        "model": "dcnv2",
        "output": "finetune_outputs/openml-0.8/dcnv2-tuned/31",
        "dataset": "31",
        "task": "openml",
        "batch_size": 64,
        "early_stop": 16,
        "reduce_data": 0.8
    },
    "device": "NVIDIA GeForce RTX 3090",
    "best_eval_score": 0.6190476190476191,
    "final_test_score": 0.6023619047619048,
    "ev_metric": [
        0.4285714285714286,
        0.6190476190476191,
        0.3121693121693122,
        0.30687830687830686,
        0.3492063492063492,
        0.4444444444444445,
        0.3386243386243386,
        0.25925925925925924,
        0.4232804232804233,
        0.43386243386243384,
        0.3650793650793651,
        0.3174603174603175,
        0.40740740740740744,
        0.4021164021164021,
        0.39682539682539686,
        0.4444444444444444,
        0.5608465608465608,
        0.5291005291005291
    ],
    "test_metric": [
        0.5320761904761906,
        0.6023619047619048,
        0.39977142857142856,
        0.4798095238095238,
        0.46194285714285716,
        0.5034666666666666,
        0.502247619047619,
        0.5002285714285715,
        0.5762666666666667,
        0.6260190476190476,
        0.5627809523809524,
        0.5865904761904762,
        0.6065904761904762,
        0.6092190476190475,
        0.6248380952380952,
        0.6254476190476191,
        0.6403809523809524,
        0.648304761904762
    ],
    "tr_loss": [
        0.8243584334850311,
        7.016957759857178,
        1.1210985481739044,
        1.5359557569026947,
        1.7112314105033875,
        0.8087497055530548,
        0.6924673914909363,
        0.6397606134414673,
        0.7437195181846619,
        0.6982527375221252,
        0.6021600663661957,
        0.5468663573265076,
        0.5143348872661591,
        0.4566427320241928,
        0.3923874944448471,
        0.339373916387558,
        0.2667633146047592,
        0.21367637068033218
    ],
    "tr_times": 0.37042784690856934,
    "ev_times": 0.00025153160095214844,
    "test_times": 0.00025200843811035156,
    "param_total_size": 11476868,
    "param_total_count": 2869204,
    "model_size": 11490639
}