{
    "args": {
        "output": "finetune_outputs/binclass-0.8/ftt-tuned/train_2390_airlines_seed_1_nrows_2000_nclasses_10_ncols_100_stratify_True",
        "dataset": "train_2390_airlines_seed_1_nrows_2000_nclasses_10_ncols_100_stratify_True",
        "task": "binclass",
        "batch_size": 64,
        "early_stop": 16,
        "reduce_data": 0.8
    },
    "device": "NVIDIA GeForce RTX 3090",
    "best_eval_score": 0.5743842364532019,
    "final_test_score": 0.4679117319566758,
    "ev_metric": [
        0.5743842364532019,
        0.5645320197044335,
        0.5714285714285715,
        0.5586206896551724,
        0.5586206896551724,
        0.5665024630541872,
        0.567487684729064,
        0.5665024630541873,
        0.560591133004926,
        0.5625615763546798,
        0.5625615763546797,
        0.5655172413793104,
        0.5615763546798029,
        0.5625615763546798,
        0.5665024630541873,
        0.5635467980295568,
        0.5645320197044336
    ],
    "test_metric": [
        0.4679117319566758,
        0.47893258426966295,
        0.4863093430509161,
        0.49343303978135433,
        0.4968367243648143,
        0.5015942909201336,
        0.5039730741977932,
        0.5062000202449641,
        0.5095657455208017,
        0.5122988156696021,
        0.5129567770017208,
        0.5140575969227655,
        0.5160694402267436,
        0.5171069946350845,
        0.5183469986840773,
        0.5194604717076627,
        0.5211053750379593
    ],
    "tr_loss": [
        0.7011107355356216,
        0.6973438560962677,
        0.6972133964300156,
        0.6891611069440842,
        0.6875943541526794,
        0.6827939450740814,
        0.6836647838354111,
        0.6853198558092117,
        0.6915370523929596,
        0.6832086890935898,
        0.6869962066411972,
        0.6945148557424545,
        0.6884028166532516,
        0.6831053644418716,
        0.6740732342004776,
        0.6827994585037231,
        0.688050776720047
    ],
    "tr_times": 0.4466531276702881,
    "ev_times": 0.00040030479431152344,
    "test_times": 0.00040221214294433594,
    "param_total_size": 1068212,
    "param_total_count": 267052,
    "model_size": 1081041
}