{
    "args": {
        "output": "finetune_outputs/binclass-0.0/ftt-tuned/audit_risk",
        "dataset": "audit_risk",
        "task": "binclass",
        "batch_size": 64,
        "early_stop": 16,
        "reduce_data": 0.0
    },
    "device": "NVIDIA GeForce RTX 3090",
    "best_eval_score": 1.0,
    "final_test_score": 0.9993097497842969,
    "ev_metric": [
        0.9931972789115646,
        0.9809523809523808,
        1.0,
        0.9989115646258504,
        0.9866666666666667,
        1.0,
        0.9948299319727891,
        0.9959183673469388,
        1.0,
        1.0,
        0.9978231292517006,
        1.0,
        0.9989115646258503,
        1.0,
        0.9989115646258503,
        0.9994557823129251,
        1.0,
        1.0,
        0.9994557823129251
    ],
    "test_metric": [
        0.9932700603968939,
        0.9879206212251942,
        0.9993097497842969,
        1.0,
        0.9742881794650561,
        1.0,
        0.9893011216566006,
        0.9903364969801554,
        0.9998274374460743,
        1.0,
        0.9962036238136324,
        0.9998274374460743,
        0.9984469370146678,
        1.0,
        0.9986194995685935,
        0.9994823123382226,
        1.0,
        1.0,
        0.9998274374460743
    ],
    "tr_loss": [
        0.49911664240062237,
        0.19076505210250616,
        0.09941919473931193,
        0.07626861985772848,
        0.07773053972050548,
        0.12308614747598767,
        0.07697630720213056,
        0.05840478022582829,
        0.04562692507170141,
        0.04407601780258119,
        0.044572570943273604,
        0.061696207616478205,
        0.03413557191379368,
        0.02517050749156624,
        0.026167756761424243,
        0.033140635467134416,
        0.02985243103466928,
        0.04703810182400048,
        0.04809709370601922
    ]
}