{
    "args": {
        "model": "tv7.4",
        "output": "finetune_outputs/binclass-0.8/tv7.4-tuned/Customer_Behaviour",
        "dataset": "Customer_Behaviour",
        "task": "binclass",
        "batch_size": 64,
        "early_stop": 16,
        "reduce_data": 0.8
    },
    "device": "NVIDIA GeForce RTX 3090",
    "best_eval_score": 0.9,
    "final_test_score": 0.8843813387423936,
    "ev_metric": [
        0.9,
        0.9,
        0.9,
        0.9,
        0.9,
        0.9,
        0.9,
        0.9,
        0.9,
        0.9,
        0.9,
        0.9,
        0.9,
        0.9,
        0.9,
        0.9,
        0.9
    ],
    "test_metric": [
        0.8843813387423936,
        0.8843813387423936,
        0.8843813387423936,
        0.8843813387423936,
        0.8843813387423936,
        0.8843813387423936,
        0.8843813387423936,
        0.8843813387423936,
        0.8843813387423936,
        0.8843813387423936,
        0.8857336037863421,
        0.8857336037863421,
        0.8857336037863421,
        0.8857336037863421,
        0.8857336037863422,
        0.8850574712643678,
        0.8843813387423934
    ],
    "tr_loss": [
        0.6189529895782471,
        0.6187790632247925,
        0.6186044812202454,
        0.6184304356575012,
        0.6182585954666138,
        0.6180882453918457,
        0.6179183125495911,
        0.6177509427070618,
        0.6175852417945862,
        0.6174217462539673,
        0.617259681224823,
        0.6170990467071533,
        0.6169381737709045,
        0.6167781352996826,
        0.6166191697120667,
        0.6164616942405701,
        0.6163050532341003
    ],
    "tr_times": 0.4123811721801758,
    "ev_times": 0.00021123886108398438,
    "test_times": 0.00020766258239746094,
    "param_total_size": 119940,
    "param_total_count": 29984,
    "model_size": 143389
}