{
    "args": {
        "model": "xgboost",
        "output": "finetune_outputs/binclass-0.8/xgboost-tuned/train_1458_kdd_ipums_la_97-small",
        "dataset": "train_1458_kdd_ipums_la_97-small",
        "task": "binclass",
        "reduce_data": 0.8
    },
    "device": "NVIDIA GeForce RTX 3090",
    "configs": {
        "metric": "roc_auc",
        "eval_score": 0.9422267382784149,
        "n_trial": 23,
        "dataset": "train_1458_kdd_ipums_la_97-small",
        "model": {
            "booster": "gbtree",
            "n_estimators": 2000,
            "n_jobs": -1,
            "tree_method": "hist",
            "alpha": 0.2528777663472276,
            "colsample_bylevel": 0.7325885321261589,
            "colsample_bytree": 0.7432807972324744,
            "gamma": 3.7757953434545835,
            "lambda": 0.0005195558552749997,
            "learning_rate": 0.09354936435230117,
            "max_depth": 5,
            "min_child_weight": 0.00016986938170151472,
            "subsample": 0.7344871016586614
        },
        "training": {
            "early_stopping_rounds": 20,
            "verbose": false,
            "eval_metric": "error"
        }
    },
    "best_eval_score": 0.9422267382784149,
    "final_test_score": 0.9380868054395402,
    "tr_times": 0.0205230712890625,
    "ev_times": 0.0003216266632080078,
    "test_times": 0.00018835067749023438,
    "param_total_size": 0,
    "param_total_count": 0,
    "model_size": 24155
}