{
    "metric": "roc_auc",
    "eval_score": 0.9375,
    "n_trial": 4,
    "dataset": "40994",
    "model": {
        "booster": "gbtree",
        "n_estimators": 2000,
        "n_jobs": -1,
        "tree_method": "hist",
        "alpha": 2.486890439350553e-07,
        "colsample_bylevel": 0.8070529585485329,
        "colsample_bytree": 0.8469762348035605,
        "gamma": 5.264384171142851e-07,
        "lambda": 8.535438745432049e-08,
        "learning_rate": 0.002401237038569888,
        "max_depth": 4,
        "min_child_weight": 2.655149663348623e-05,
        "subsample": 0.5829716176837938
    },
    "training": {
        "early_stopping_rounds": 20,
        "verbose": false
    }
}