{
    "args": {
        "output": "finetune_outputs/openml-0.8/ftt-tuned/15",
        "dataset": "15",
        "task": "openml",
        "batch_size": 64,
        "early_stop": 16,
        "reduce_data": 0.8
    },
    "device": "NVIDIA GeForce RTX 3090",
    "best_eval_score": 1.0,
    "final_test_score": 0.9924637681159421,
    "ev_metric": [
        1.0,
        1.0,
        1.0,
        1.0,
        1.0,
        1.0,
        1.0,
        1.0,
        1.0,
        1.0,
        1.0,
        1.0,
        1.0,
        0.8877551020408163,
        0.9081632653061223,
        1.0,
        1.0
    ],
    "test_metric": [
        0.9924637681159421,
        0.9943478260869565,
        0.9946376811594203,
        0.9944927536231885,
        0.9943478260869565,
        0.9940579710144927,
        0.9939130434782608,
        0.993768115942029,
        0.9934782608695651,
        0.9931884057971014,
        0.9928985507246376,
        0.9815942028985506,
        0.9781159420289856,
        0.9531884057971014,
        0.9575362318840579,
        0.9788405797101448,
        0.9908695652173913
    ],
    "tr_loss": [
        0.7209535539150238,
        0.5896565616130829,
        0.46811382472515106,
        0.44418105483055115,
        0.39039795100688934,
        0.26816387474536896,
        0.26966720819473267,
        0.23419760167598724,
        0.16276750713586807,
        0.17969271540641785,
        0.1263127662241459,
        0.13934066519141197,
        0.10428768023848534,
        0.11337803676724434,
        0.10560126975178719,
        0.11256161704659462,
        0.07184884883463383
    ],
    "tr_times": 0.43525218963623047,
    "ev_times": 0.000492095947265625,
    "test_times": 0.0005440711975097656,
    "param_total_size": 1099588,
    "param_total_count": 274897,
    "model_size": 1119044
}