{
    "metric": "roc_auc",
    "eval_score": 1.0,
    "n_trial": 0,
    "dataset": "train_0400_analcatdata_supreme",
    "model": {
        "attention_dropout": 0.19032468240894712,
        "d_ffn_factor": 1.703190597238089,
        "d_token": 200,
        "ffn_dropout": 0.36608065347748664,
        "n_blocks": 3,
        "residual_dropout": 0.08846777313380683
    },
    "training": {
        "batch_size": 64,
        "eval_batch_size": 128,
        "optimizer": "adamw",
        "lr": 0.00045466702893568264,
        "weight_decay": 7.718655891096004e-05
    }
}