{
    "args": {
        "model": "tv7.4",
        "output": "finetune_outputs/binclass-0.8/tv7.4-tuned/train_0445_arsenic-male-bladder",
        "dataset": "train_0445_arsenic-male-bladder",
        "task": "binclass",
        "batch_size": 64,
        "early_stop": 16,
        "reduce_data": 0.8
    },
    "device": "NVIDIA GeForce RTX 3090",
    "best_eval_score": 1.0,
    "final_test_score": 0.7551401869158878,
    "ev_metric": [
        1.0,
        1.0,
        1.0,
        1.0,
        1.0,
        1.0,
        1.0,
        1.0,
        1.0,
        1.0,
        1.0,
        1.0,
        1.0,
        1.0,
        1.0,
        1.0,
        1.0
    ],
    "test_metric": [
        0.7551401869158878,
        0.7570093457943925,
        0.7570093457943925,
        0.7570093457943925,
        0.7570093457943925,
        0.7570093457943925,
        0.7570093457943925,
        0.7570093457943925,
        0.7570093457943925,
        0.7551401869158878,
        0.7532710280373831,
        0.7514018691588784,
        0.7514018691588784,
        0.7514018691588784,
        0.7514018691588784,
        0.7495327102803737,
        0.7514018691588784
    ],
    "tr_loss": [
        0.6318909823894501,
        0.6275010704994202,
        0.6259680092334747,
        0.6349143087863922,
        0.6230840086936951,
        0.625631719827652,
        0.6222420930862427,
        0.6245356202125549,
        0.623325526714325,
        0.6183779835700989,
        0.635105550289154,
        0.6157865822315216,
        0.6376818418502808,
        0.6139035820960999,
        0.625837117433548,
        0.6228020787239075,
        0.6400419175624847
    ],
    "tr_times": 3.0913162231445312,
    "ev_times": 0.00018095970153808594,
    "test_times": 0.00024700164794921875,
    "param_total_size": 116452,
    "param_total_count": 29113,
    "model_size": 174367
}