{
    "metric": "roc_auc",
    "eval_score": 1.0,
    "n_trial": 4,
    "dataset": "train_0406_visualizing_environmental",
    "model": {
        "attention_dropout": 0.3159005192912737,
        "d_ffn_factor": 1.0146165607881046,
        "d_token": 200,
        "ffn_dropout": 0.08794879303259195,
        "n_blocks": 1,
        "residual_dropout": 0.0981652163109209
    },
    "training": {
        "batch_size": 64,
        "eval_batch_size": 128,
        "optimizer": "adamw",
        "lr": 5.638812239286938e-05,
        "weight_decay": 6.589695177692323e-06
    }
}