{
    "metric": "roc_auc",
    "eval_score": 1.0,
    "n_trial": 0,
    "dataset": "train_1752_Wisconsin-breast-cancer-cytology-features",
    "model": {
        "attention_dropout": 0.0910216796779812,
        "d_ffn_factor": 1.7263510858111903,
        "d_token": 208,
        "ffn_dropout": 0.13150240479610653,
        "n_blocks": 3,
        "residual_dropout": 0.33406095407114456
    },
    "training": {
        "batch_size": 64,
        "eval_batch_size": 128,
        "optimizer": "adamw",
        "lr": 1.6710112246247308e-05,
        "weight_decay": 0.00019524895352273486
    }
}