{
    "args": {
        "model": "tv7.2",
        "output": "finetune_outputs/binclass-0.8/tv7.2-tuned/train_0447_arsenic-female-lung",
        "dataset": "train_0447_arsenic-female-lung",
        "task": "binclass",
        "batch_size": 64,
        "early_stop": 16,
        "reduce_data": 0.8
    },
    "device": "NVIDIA GeForce RTX 3090",
    "best_eval_score": 1.0,
    "final_test_score": 0.9953703703703703,
    "ev_metric": [
        1.0,
        1.0,
        1.0,
        1.0,
        1.0,
        1.0,
        1.0,
        1.0,
        1.0,
        1.0,
        1.0,
        1.0,
        1.0,
        1.0,
        1.0,
        1.0,
        1.0
    ],
    "test_metric": [
        0.9953703703703703,
        0.9953703703703703,
        0.9953703703703703,
        0.9953703703703703,
        0.9953703703703703,
        0.9953703703703703,
        0.9953703703703703,
        0.9953703703703703,
        0.9953703703703703,
        0.9953703703703703,
        0.9953703703703703,
        0.9953703703703703,
        0.9953703703703703,
        0.9953703703703703,
        0.9953703703703703,
        0.9953703703703703,
        0.9953703703703703
    ],
    "tr_loss": [
        0.6426636874675751,
        0.6400113701820374,
        0.6442868709564209,
        0.636475682258606,
        0.6437064409255981,
        0.6393667757511139,
        0.6503020524978638,
        0.6412904858589172,
        0.640219122171402,
        0.6403014659881592,
        0.6391284763813019,
        0.6387171745300293,
        0.6386005878448486,
        0.6409619152545929,
        0.638137012720108,
        0.6409766674041748,
        0.646244615316391
    ],
    "tr_times": 1.4455788135528564,
    "ev_times": 0.0002429485321044922,
    "test_times": 0.00026798248291015625,
    "param_total_size": 47972,
    "param_total_count": 11993,
    "model_size": 73951
}