{
    "args": {
        "model": "tv7.2",
        "output": "finetune_outputs/openml-0.8/tv7.2-tuned/1485",
        "dataset": "1485",
        "task": "openml",
        "batch_size": 64,
        "early_stop": 16,
        "reduce_data": 0.8
    },
    "device": "NVIDIA GeForce RTX 3090",
    "best_eval_score": 0.495069033530572,
    "final_test_score": 0.5004639053254438,
    "ev_metric": [
        0.49506903353057197,
        0.495069033530572,
        0.4911242603550296,
        0.48980933596318216,
        0.4878369493754109,
        0.4871794871794872,
        0.48389217619986846,
        0.4825772518080211,
        0.4819197896120973,
        0.4812623274161736,
        0.4806048652202498,
        0.4799474030243261,
        0.4799474030243262,
        0.4769888231426693,
        0.4760026298487838,
        0.4733727810650888,
        0.4714003944773176,
        0.4700854700854701
    ],
    "test_metric": [
        0.4996,
        0.5004639053254438,
        0.5012426035502959,
        0.5020757396449703,
        0.5030461538461538,
        0.5037680473372781,
        0.5048260355029586,
        0.506,
        0.5062130177514793,
        0.5069585798816568,
        0.5075621301775148,
        0.5080757396449704,
        0.5085325443786982,
        0.5095171597633137,
        0.5103005917159763,
        0.5111526627218935,
        0.5119621301775148,
        0.5127337278106509
    ],
    "tr_loss": [
        0.6924278497695923,
        0.6924009323120117,
        0.6923807501792908,
        0.692347252368927,
        0.6923073649406433,
        0.6922855854034424,
        0.6922626495361328,
        0.6922338008880615,
        0.692190146446228,
        0.692158305644989,
        0.6921444773674011,
        0.6921053171157837,
        0.6920907139778137,
        0.6920509934425354,
        0.6920246243476867,
        0.6920061111450195,
        0.6919578194618226,
        0.6919272184371948
    ],
    "tr_times": 20.430023431777954,
    "ev_times": 0.0002510547637939453,
    "test_times": 0.0006842613220214844,
    "param_total_size": 2432948,
    "param_total_count": 608237,
    "model_size": 2612383
}