{
    "args": {
        "model": "dcnv2",
        "output": "finetune_outputs/binclass-0.8/dcnv2-tuned/train_0419_pm10",
        "dataset": "train_0419_pm10",
        "task": "binclass",
        "batch_size": 64,
        "early_stop": 16,
        "reduce_data": 0.8
    },
    "device": "NVIDIA GeForce RTX 3090",
    "best_eval_score": 0.828125,
    "final_test_score": 0.4421768707482993,
    "ev_metric": [
        0.828125,
        0.8125,
        0.8125,
        0.796875,
        0.796875,
        0.78125,
        0.78125,
        0.765625,
        0.75,
        0.734375,
        0.65625,
        0.65625,
        0.609375,
        0.609375,
        0.609375,
        0.609375,
        0.59375
    ],
    "test_metric": [
        0.4421768707482993,
        0.45098039215686275,
        0.46098439375750305,
        0.4737895158063225,
        0.48499399759903966,
        0.5002000800320128,
        0.5174069627851141,
        0.5282112845138055,
        0.5466186474589835,
        0.5626250500200081,
        0.5694277711084434,
        0.5806322529011605,
        0.5910364145658263,
        0.6042416966786714,
        0.6154461784713885,
        0.6234493797519008,
        0.6318527410964386
    ],
    "tr_loss": [
        0.7456636428833008,
        0.718092679977417,
        0.7435293197631836,
        0.7694541811943054,
        0.7251785397529602,
        0.6749274730682373,
        0.7013010382652283,
        0.7267459630966187,
        0.7109781503677368,
        0.6774120330810547,
        0.6736140251159668,
        0.6900221705436707,
        0.6616753339767456,
        0.6776360273361206,
        0.6651431918144226,
        0.6718277931213379,
        0.6579924821853638
    ],
    "tr_times": 0.318789005279541,
    "ev_times": 0.00023603439331054688,
    "test_times": 0.0002276897430419922,
    "param_total_size": 963148,
    "param_total_count": 240787,
    "model_size": 977167
}