{
    "args": {
        "output": "finetune_outputs/binclass-0.8/ftt-tuned/NFL",
        "dataset": "NFL",
        "task": "binclass",
        "batch_size": 64,
        "early_stop": 16,
        "reduce_data": 0.8
    },
    "device": "NVIDIA GeForce RTX 3090",
    "best_eval_score": 0.7323498419388831,
    "final_test_score": 0.6859767410290057,
    "ev_metric": [
        0.6361081840533895,
        0.7060063224446786,
        0.7302423603793466,
        0.7323498419388831,
        0.7309448542325255,
        0.7225149279943801,
        0.7263786441868634,
        0.7035475939585529,
        0.7007376185458377,
        0.7000351246926589,
        0.7168949771689498,
        0.7221636810677906,
        0.7200561995082543,
        0.7263786441868634,
        0.6996838777660696,
        0.6975763962065332,
        0.6856340007024938,
        0.6761503336845803,
        0.7031963470319634,
        0.6852827537759045
    ],
    "test_metric": [
        0.6444001991040319,
        0.6780306801212725,
        0.6861848952441287,
        0.6859767410290057,
        0.6912348975066744,
        0.6941490565183945,
        0.6962667994026878,
        0.6979139327571383,
        0.6984207430200462,
        0.6989909045658175,
        0.7000859767410289,
        0.702610977872302,
        0.700945744151319,
        0.6981854382551247,
        0.697343771211367,
        0.6960767455540975,
        0.692882030861125,
        0.6919770125345038,
        0.6919046110683742,
        0.6998959228924385
    ],
    "tr_loss": [
        0.6450672660555158,
        0.6171680518559047,
        0.6097491979598999,
        0.5910907472882952,
        0.5704862560544696,
        0.5572893449238369,
        0.578190667288644,
        0.5573405282838004,
        0.5459435411861965,
        0.5354431016104562,
        0.5328207569462913,
        0.5243331619671413,
        0.525803919349398,
        0.5110694680895124,
        0.5068591577666146,
        0.5226183448519025,
        0.5157202354499272,
        0.5121711918285915,
        0.5297852754592896,
        0.50800250683512
    ],
    "tr_times": 0.7433030605316162,
    "ev_times": 0.0006482601165771484,
    "test_times": 0.0005941390991210938,
    "param_total_size": 2221276,
    "param_total_count": 555316,
    "model_size": 2241665
}