{
    "args": {
        "model": "tv7.2",
        "output": "finetune_outputs/binclass-0.8/tv7.2-tuned/trial",
        "dataset": "trial",
        "task": "binclass",
        "batch_size": 64,
        "early_stop": 16,
        "reduce_data": 0.8
    },
    "device": "NVIDIA GeForce RTX 3090",
    "best_eval_score": 1.0,
    "final_test_score": 0.9827586206896552,
    "ev_metric": [
        1.0,
        1.0,
        1.0,
        1.0,
        1.0,
        1.0,
        1.0,
        0.9930555555555555,
        0.9930555555555555,
        0.9930555555555555,
        0.9930555555555555,
        0.9930555555555555,
        0.9930555555555555,
        0.9930555555555555,
        1.0,
        1.0,
        1.0
    ],
    "test_metric": [
        0.9827586206896552,
        0.9857494722026742,
        0.9866291344123856,
        0.9894440534834623,
        0.9917311752287122,
        0.9929627023223082,
        0.9941942294159043,
        0.9934904996481351,
        0.9934904996481351,
        0.9936664320900774,
        0.9943701618578467,
        0.9954257565095004,
        0.9948979591836735,
        0.9948979591836735,
        0.9956016889514426,
        0.9959535538353272,
        0.996305418719212
    ],
    "tr_loss": [
        0.6213798522949219,
        0.5945650637149811,
        0.5707841217517853,
        0.5457225441932678,
        0.5340524315834045,
        0.5151795148849487,
        0.5057196617126465,
        0.49870873987674713,
        0.4885966330766678,
        0.4833492934703827,
        0.4704938530921936,
        0.4647604525089264,
        0.4562254548072815,
        0.4520152062177658,
        0.45218586921691895,
        0.44697122275829315,
        0.4416528642177582
    ],
    "tr_times": 0.05680513381958008,
    "ev_times": 0.00024080276489257812,
    "test_times": 0.00025916099548339844,
    "param_total_size": 1696072,
    "param_total_count": 424008,
    "model_size": 1776029
}