{
    "args": {
        "output": "finetune_outputs/binclass-0.0/ftt-tuned/train_2392_airlines_seed_3_nrows_2000_nclasses_10_ncols_100_stratify_True",
        "dataset": "train_2392_airlines_seed_3_nrows_2000_nclasses_10_ncols_100_stratify_True",
        "task": "binclass",
        "batch_size": 64,
        "early_stop": 16,
        "reduce_data": 0.0
    },
    "device": "NVIDIA GeForce RTX 3090",
    "best_eval_score": 0.6255778120184899,
    "final_test_score": 0.587483550966697,
    "ev_metric": [
        0.6255778120184899,
        0.6158587175536329,
        0.5919955750464225,
        0.6029789419619928,
        0.6043222314408755,
        0.5876496384970961,
        0.5949587136027814,
        0.6064556912014538,
        0.5845284658843981,
        0.5964995456520881,
        0.6111967128916281,
        0.6066532337718779,
        0.5886768598633005,
        0.5775749674054759,
        0.5891904705464028,
        0.5747698629054562,
        0.5851606021097546
    ],
    "test_metric": [
        0.587483550966697,
        0.605552181394878,
        0.6210901913149104,
        0.6121064885109829,
        0.6164085433748355,
        0.6166869116307317,
        0.6107905658467456,
        0.6150926207105982,
        0.6187114080372507,
        0.611954651280494,
        0.6046411580119445,
        0.6066909606235448,
        0.6080828019030267,
        0.6149913958902722,
        0.614763640044539,
        0.6041856463204779,
        0.5941137766980464
    ],
    "tr_loss": [
        0.7023629635572434,
        0.674045953154564,
        0.6753554463386535,
        0.6783646166324615,
        0.6712369114160538,
        0.6715644180774689,
        0.6757916629314422,
        0.6690886944532395,
        0.6657317876815796,
        0.6686083108186722,
        0.6607732653617859,
        0.6620497614145279,
        0.6700145334005356,
        0.665602120757103,
        0.6567100942134857,
        0.6592029362916947,
        0.6600747585296631
    ]
}