{
    "args": {
        "output": "finetune_outputs/binclass-0.0/ftt-tuned/train_2392_airlines_seed_3_nrows_2000_nclasses_10_ncols_100_stratify_True",
        "dataset": "train_2392_airlines_seed_3_nrows_2000_nclasses_10_ncols_100_stratify_True",
        "task": "binclass",
        "batch_size": 64,
        "early_stop": 16,
        "reduce_data": 0.0
    },
    "device": "NVIDIA GeForce RTX 3090",
    "best_eval_score": 0.6255778120184899,
    "final_test_score": 0.587483550966697,
    "ev_metric": [
        0.6255778120184899,
        0.6158587175536329,
        0.5919955750464225,
        0.6029789419619928,
        0.6043222314408755,
        0.5876496384970961,
        0.5949587136027814,
        0.6064556912014538,
        0.5845284658843981
    ],
    "test_metric": [
        0.587483550966697,
        0.605552181394878,
        0.6210901913149104,
        0.6121064885109829,
        0.6164085433748355,
        0.6166869116307317,
        0.6107905658467456,
        0.6150926207105982,
        0.6187114080372507
    ],
    "tr_loss": [
        0.7023629635572434,
        0.674045953154564,
        0.6753554463386535,
        0.6783646166324615,
        0.6712369114160538,
        0.6715644180774689,
        0.6757916629314422,
        0.6690886944532395,
        0.6657317876815796
    ]
}