{
    "args": {
        "model": "tv7.3",
        "output": "finetune_outputs/binclass-0.8/tv7.3-tuned/train_0419_pm10",
        "dataset": "train_0419_pm10",
        "task": "binclass",
        "batch_size": 64,
        "early_stop": 16,
        "reduce_data": 0.8
    },
    "device": "NVIDIA GeForce RTX 3090",
    "best_eval_score": 0.390625,
    "final_test_score": 0.6654661864745898,
    "ev_metric": [
        0.390625,
        0.390625,
        0.390625,
        0.390625,
        0.390625,
        0.390625,
        0.390625,
        0.390625,
        0.390625,
        0.390625,
        0.390625,
        0.390625,
        0.390625,
        0.390625,
        0.390625,
        0.390625,
        0.390625
    ],
    "test_metric": [
        0.6654661864745898,
        0.6654661864745898,
        0.6654661864745898,
        0.6654661864745898,
        0.6654661864745898,
        0.6654661864745898,
        0.6658663465386154,
        0.6658663465386154,
        0.6658663465386154,
        0.6658663465386154,
        0.6662665066026411,
        0.6662665066026411,
        0.6662665066026411,
        0.6662665066026411,
        0.6662665066026411,
        0.6662665066026411,
        0.6662665066026411
    ],
    "tr_loss": [
        0.6848920583724976,
        0.6848881244659424,
        0.6848841905593872,
        0.684880256652832,
        0.6848762631416321,
        0.6848723292350769,
        0.684868335723877,
        0.684864342212677,
        0.684860348701477,
        0.6848563551902771,
        0.6848524212837219,
        0.684848427772522,
        0.6848444938659668,
        0.6848405003547668,
        0.6848365664482117,
        0.6848326325416565,
        0.6848286390304565
    ],
    "tr_times": 1.029918909072876,
    "ev_times": 0.00020265579223632812,
    "test_times": 0.00027942657470703125,
    "param_total_size": 54272,
    "param_total_count": 13568,
    "model_size": 80671
}