{
    "args": {
        "model": "tv7.3",
        "output": "finetune_outputs/binclass-0.8/tv7.3-tuned/train_0356_delta_elevators",
        "dataset": "train_0356_delta_elevators",
        "task": "binclass",
        "batch_size": 64,
        "early_stop": 16,
        "reduce_data": 0.8
    },
    "device": "NVIDIA GeForce RTX 3090",
    "best_eval_score": 0.9561833505331957,
    "final_test_score": 0.9424812888746181,
    "ev_metric": [
        0.9552373581011352,
        0.95562435500516,
        0.9558393532851738,
        0.9560543515651875,
        0.9560113519091846,
        0.9560543515651875,
        0.9561833505331957,
        0.9558823529411765,
        0.9558823529411764,
        0.9555813553491572,
        0.9555813553491572,
        0.9554953560371517,
        0.9551083591331269,
        0.9548933608531132,
        0.9549793601651186,
        0.9551083591331269,
        0.9549363605091159,
        0.9547213622291022,
        0.9546783625730995,
        0.9540763673890609,
        0.9540763673890609,
        0.9534743722050224,
        0.9537323701410388
    ],
    "test_metric": [
        0.9413127745429388,
        0.9415820073068006,
        0.9416824178867654,
        0.9419086175449283,
        0.942124886486391,
        0.9422275038922892,
        0.9424812888746181,
        0.9425298390451504,
        0.9424647376801184,
        0.942469151331985,
        0.9424724615708849,
        0.9423830851205865,
        0.9424713581579183,
        0.9424161875095858,
        0.9422915018443548,
        0.9421513683975906,
        0.941858963961429,
        0.9416250404124998,
        0.9415577322215344,
        0.9413988407543372,
        0.9414738728360693,
        0.9412145707889071,
        0.9410413349531435
    ],
    "tr_loss": [
        0.6600539475679398,
        0.6549930661916733,
        0.6490428447723389,
        0.645926120877266,
        0.6406253606081009,
        0.633930641412735,
        0.6296207010746002,
        0.62544886469841,
        0.6166333675384521,
        0.6174593508243561,
        0.6070371389389038,
        0.6139354288578034,
        0.6050588309764862,
        0.6102025628089904,
        0.5873937770724297,
        0.5898911118507385,
        0.5946781009435653,
        0.5779613047838211,
        0.5724251985549926,
        0.5879723042249679,
        0.5653633311390877,
        0.582889637351036,
        0.5601867854595184
    ],
    "tr_times": 63.099445104599,
    "ev_times": 0.0003025531768798828,
    "test_times": 0.0007810592651367188,
    "param_total_size": 3912732,
    "param_total_count": 978183,
    "model_size": 5856479
}