{
    "args": {
        "output": "finetune_outputs/binclass-0.0/ftt-tuned/b_depressed",
        "dataset": "b_depressed",
        "task": "binclass",
        "batch_size": 64,
        "early_stop": 16,
        "reduce_data": 0.0
    },
    "device": "NVIDIA GeForce RTX 3090",
    "best_eval_score": 0.6267566822816203,
    "final_test_score": 0.45299369747899154,
    "ev_metric": [
        0.6267566822816203,
        0.62455221824194,
        0.5866629925599338,
        0.5797740424359328,
        0.5912096996417746,
        0.5961697437310555,
        0.6011297878203362,
        0.5844585285202535,
        0.5658583631854506,
        0.5881785615872142,
        0.5826674014880132,
        0.5618627721135299,
        0.5647561311656104
    ],
    "test_metric": [
        0.45299369747899154,
        0.4592086834733894,
        0.4886204481792717,
        0.49317226890756305,
        0.47969187675070035,
        0.4549194677871149,
        0.46043417366946776,
        0.4990371148459383,
        0.5135679271708684,
        0.5022759103641457,
        0.4896708683473389,
        0.5023634453781514,
        0.47977941176470584
    ],
    "tr_loss": [
        0.47399452328681946,
        0.458752183119456,
        0.4515823443730672,
        0.444098707040151,
        0.43044541478157045,
        0.4360012690226237,
        0.42368863224983216,
        0.44073079427083334,
        0.4159344434738159,
        0.41942347089449566,
        0.42336883346239723,
        0.43367496927579247,
        0.43076213796933494
    ]
}