{
    "args": {
        "model": "xgboost",
        "output": "finetune_outputs/binclass-0.8/xgboost-tuned/train_1201_Gender-Recognition-by-Voice",
        "dataset": "train_1201_Gender-Recognition-by-Voice",
        "task": "binclass",
        "reduce_data": 0.8
    },
    "device": "NVIDIA GeForce RTX 3090",
    "configs": {
        "metric": "roc_auc",
        "eval_score": 1.0,
        "n_trial": 8,
        "dataset": "train_1201_Gender-Recognition-by-Voice",
        "model": {
            "booster": "gbtree",
            "n_estimators": 2000,
            "n_jobs": -1,
            "tree_method": "hist",
            "alpha": 0.0003884001755530312,
            "colsample_bylevel": 0.6994468159478975,
            "colsample_bytree": 0.5621350359710136,
            "gamma": 7.545955695046413e-08,
            "lambda": 0.02156638476656304,
            "learning_rate": 3.158659893259291e-05,
            "max_depth": 3,
            "min_child_weight": 3.8476309291478426e-07,
            "subsample": 0.9423890139802475
        },
        "training": {
            "early_stopping_rounds": 20,
            "verbose": false,
            "eval_metric": "error"
        }
    },
    "best_eval_score": 1.0,
    "final_test_score": 0.9880782971270486,
    "tr_times": 0.017532825469970703,
    "ev_times": 0.00015282630920410156,
    "test_times": 0.0001971721649169922,
    "param_total_size": 0,
    "param_total_count": 0,
    "model_size": 34283
}