{
    "args": {
        "model": "tv7.4",
        "output": "finetune_outputs/binclass-0.8/tv7.4-tuned/train_0541_plasma_retinol",
        "dataset": "train_0541_plasma_retinol",
        "task": "binclass",
        "batch_size": 64,
        "early_stop": 16,
        "reduce_data": 0.8
    },
    "device": "NVIDIA GeForce RTX 3090",
    "best_eval_score": 0.5416666666666666,
    "final_test_score": 0.338477366255144,
    "ev_metric": [
        0.41666666666666663,
        0.4583333333333333,
        0.5,
        0.5,
        0.5416666666666666,
        0.5416666666666666,
        0.5416666666666666,
        0.5416666666666666,
        0.5,
        0.45833333333333337,
        0.45833333333333337,
        0.41666666666666663,
        0.41666666666666663,
        0.41666666666666663,
        0.45833333333333337,
        0.45833333333333337,
        0.45833333333333337,
        0.45833333333333337,
        0.45833333333333337,
        0.5,
        0.5
    ],
    "test_metric": [
        0.35185185185185186,
        0.3425925925925926,
        0.3425925925925926,
        0.33641975308641975,
        0.338477366255144,
        0.33744855967078197,
        0.3374485596707819,
        0.34053497942386834,
        0.3436213991769548,
        0.3425925925925926,
        0.338477366255144,
        0.33333333333333337,
        0.33024691358024694,
        0.33127572016460904,
        0.33024691358024694,
        0.33127572016460904,
        0.3333333333333333,
        0.33539094650205764,
        0.33333333333333337,
        0.3343621399176955,
        0.3343621399176955
    ],
    "tr_loss": [
        0.6875883340835571,
        0.687022864818573,
        0.6864380240440369,
        0.6858338117599487,
        0.6852101683616638,
        0.684566855430603,
        0.6839037537574768,
        0.6832208037376404,
        0.6825177669525146,
        0.6817947626113892,
        0.6810518503189087,
        0.6802893877029419,
        0.6795073747634888,
        0.6787064671516418,
        0.6778868436813354,
        0.6770491003990173,
        0.6761936545372009,
        0.675321102142334,
        0.6744318008422852,
        0.6735262274742126,
        0.6726047396659851
    ],
    "tr_times": 0.03038954734802246,
    "ev_times": 0.000202178955078125,
    "test_times": 0.00023508071899414062,
    "param_total_size": 368316,
    "param_total_count": 92076,
    "model_size": 393117
}