{
    "metric": "roc_auc",
    "eval_score": 0.75,
    "n_trial": 92,
    "dataset": "train_2622_sf-police-incidents_seed_3_nrows_2000_nclasses_10_ncols_100_stratify_True",
    "model": {
        "booster": "gbtree",
        "n_estimators": 2000,
        "n_jobs": -1,
        "tree_method": "hist",
        "alpha": 3.633312848343301,
        "colsample_bylevel": 0.5048016263965655,
        "colsample_bytree": 0.8682067597134691,
        "gamma": 8.15310055522713e-08,
        "lambda": 0.016582372729930597,
        "learning_rate": 0.0055642181807952825,
        "max_depth": 6,
        "min_child_weight": 0.03723100144654895,
        "subsample": 0.517537769638059
    },
    "training": {
        "early_stopping_rounds": 20,
        "verbose": false
    }
}