{
    "args": {
        "model": "mlp",
        "output": "finetune_outputs/binclass-0.8/mlp-tuned/train_0526_colleges_aaup",
        "dataset": "train_0526_colleges_aaup",
        "task": "binclass",
        "batch_size": 64,
        "early_stop": 16,
        "reduce_data": 0.8
    },
    "device": "NVIDIA GeForce RTX 3090",
    "best_eval_score": 1.0,
    "final_test_score": 0.9585451358457494,
    "ev_metric": [
        1.0,
        1.0,
        0.965034965034965,
        0.9370629370629371,
        0.9615384615384615,
        0.979020979020979,
        0.9825174825174825,
        0.993006993006993,
        0.993006993006993,
        0.986013986013986,
        0.9860139860139859,
        0.9825174825174825,
        0.979020979020979,
        0.979020979020979,
        0.9825174825174825,
        0.9458041958041957,
        0.9860139860139859
    ],
    "test_metric": [
        0.9585451358457494,
        0.9675723049956179,
        0.9939526730937773,
        0.9905346187554778,
        0.9958808063102541,
        0.9965819456617002,
        0.9964943032427694,
        0.9960560911481157,
        0.9900087642418931,
        0.9909728308501315,
        0.9976336546888694,
        0.9975021910604732,
        0.9972830850131464,
        0.9971516213847502,
        0.9904469763365469,
        0.9836108676599475,
        0.9906660823838739
    ],
    "tr_loss": [
        0.6055874228477478,
        0.5004246830940247,
        0.2553090254465739,
        0.12958371390899023,
        0.11281795675555865,
        0.09580710933854182,
        0.04880929924547672,
        0.022592249015967052,
        0.10348378478859861,
        0.014271607273258269,
        0.023037905106320977,
        0.01511839854841431,
        0.002423358023709928,
        0.00544033799863719,
        0.0004449487511616705,
        0.013562317045095066,
        0.020485766120449018
    ],
    "tr_times": 0.3430147171020508,
    "ev_times": 0.0001728534698486328,
    "test_times": 0.00016808509826660156,
    "param_total_size": 12534812,
    "param_total_count": 3133702,
    "model_size": 12541019
}