{
    "metric": "roc_auc",
    "eval_score": 1.0,
    "n_trial": 12,
    "dataset": "train_1413_shill-bidding",
    "model": {
        "booster": "gbtree",
        "n_estimators": 2000,
        "n_jobs": -1,
        "tree_method": "hist",
        "alpha": 0.060398383487134666,
        "colsample_bylevel": 0.8596877401210311,
        "colsample_bytree": 0.9816384523968715,
        "gamma": 0.0003782380486233007,
        "lambda": 0.0010556459281864062,
        "learning_rate": 0.0003185452388444325,
        "max_depth": 8,
        "min_child_weight": 0.4341443755336363,
        "subsample": 0.7268158462621875
    },
    "training": {
        "early_stopping_rounds": 20,
        "verbose": false
    }
}