{
    "args": {
        "model": "tv7.3",
        "output": "finetune_outputs/openml-0.8/tv7.3-tuned/50",
        "dataset": "50",
        "task": "openml",
        "batch_size": 64,
        "early_stop": 16,
        "reduce_data": 0.8
    },
    "device": "NVIDIA GeForce RTX 3090",
    "best_eval_score": 0.5473684210526315,
    "final_test_score": 0.6007597268053104,
    "ev_metric": [
        0.5473684210526315,
        0.5421052631578946,
        0.5421052631578946,
        0.5421052631578946,
        0.5421052631578946,
        0.5421052631578946,
        0.5421052631578946,
        0.5421052631578946,
        0.5421052631578946,
        0.5421052631578946,
        0.5421052631578946,
        0.5421052631578946,
        0.5421052631578946,
        0.5421052631578946,
        0.5421052631578946,
        0.531578947368421,
        0.531578947368421
    ],
    "test_metric": [
        0.6007597268053104,
        0.6009132069679993,
        0.6007213567646382,
        0.6009899470493438,
        0.6009515770086716,
        0.6009515770086715,
        0.6013736474560663,
        0.601642237740772,
        0.6017189778221164,
        0.6018340879441331,
        0.6021794183101834,
        0.602256158391528,
        0.6027165988795948,
        0.6024096385542168,
        0.6027165988795948,
        0.6024863786355614,
        0.6028700790422838
    ],
    "tr_loss": [
        0.6858274340629578,
        0.6860283315181732,
        0.6859091222286224,
        0.6858911514282227,
        0.6860421299934387,
        0.6859071254730225,
        0.6857442855834961,
        0.6857195198535919,
        0.6855499744415283,
        0.6855949461460114,
        0.6856103539466858,
        0.6854081153869629,
        0.6855389475822449,
        0.6856354773044586,
        0.6853059232234955,
        0.6853600740432739,
        0.6854090392589569
    ],
    "tr_times": 0.8333084583282471,
    "ev_times": 0.00018835067749023438,
    "test_times": 0.0002129077911376953,
    "param_total_size": 69532,
    "param_total_count": 17383,
    "model_size": 104735
}