{
    "args": {
        "model": "tv7.3",
        "output": "finetune_outputs/openml-0.8/tv7.3-tuned/1480",
        "dataset": "1480",
        "task": "openml",
        "batch_size": 64,
        "early_stop": 16,
        "reduce_data": 0.8
    },
    "device": "NVIDIA GeForce RTX 3090",
    "best_eval_score": 0.6923076923076923,
    "final_test_score": 0.5336538461538461,
    "ev_metric": [
        0.6923076923076923,
        0.6923076923076923,
        0.6923076923076923,
        0.6923076923076923,
        0.6923076923076923,
        0.6923076923076923,
        0.6923076923076923,
        0.6923076923076923,
        0.6923076923076923,
        0.6923076923076923,
        0.6923076923076923,
        0.6923076923076923,
        0.6923076923076923,
        0.6923076923076923,
        0.6923076923076923,
        0.6923076923076923,
        0.6923076923076923
    ],
    "test_metric": [
        0.5336538461538461,
        0.5336538461538461,
        0.5338827838827839,
        0.533882783882784,
        0.5336538461538461,
        0.5336538461538461,
        0.5336538461538461,
        0.5336538461538461,
        0.5336538461538461,
        0.5336538461538461,
        0.5336538461538461,
        0.5336538461538461,
        0.5336538461538461,
        0.5336538461538461,
        0.5336538461538461,
        0.5336538461538461,
        0.5336538461538461
    ],
    "tr_loss": [
        0.6886846721172333,
        0.6786598265171051,
        0.6845410764217377,
        0.6876960694789886,
        0.6812669634819031,
        0.6809513866901398,
        0.6859263777732849,
        0.685569554567337,
        0.6829183995723724,
        0.674549013376236,
        0.6916473507881165,
        0.6931138336658478,
        0.6912803947925568,
        0.6956924796104431,
        0.6786351203918457,
        0.6992886662483215,
        0.6888278424739838
    ],
    "tr_times": 2.2471582889556885,
    "ev_times": 0.00017952919006347656,
    "test_times": 0.0002257823944091797,
    "param_total_size": 31572,
    "param_total_count": 7893,
    "model_size": 44063
}