{
    "args": {
        "model": "tv7.3",
        "output": "finetune_outputs/openml-0.8/tv7.3-tuned/15",
        "dataset": "15",
        "task": "openml",
        "batch_size": 64,
        "early_stop": 16,
        "reduce_data": 0.8
    },
    "device": "NVIDIA GeForce RTX 3090",
    "best_eval_score": 1.0,
    "final_test_score": 0.9934782608695653,
    "ev_metric": [
        1.0,
        1.0,
        1.0,
        1.0,
        1.0,
        1.0,
        1.0,
        1.0,
        1.0,
        1.0,
        1.0,
        1.0,
        1.0,
        1.0,
        1.0,
        1.0,
        1.0
    ],
    "test_metric": [
        0.9934782608695653,
        0.9934782608695653,
        0.9934782608695653,
        0.9934782608695653,
        0.9934782608695653,
        0.9934782608695653,
        0.9934782608695653,
        0.9934782608695653,
        0.9934782608695651,
        0.9934782608695651,
        0.9934782608695651,
        0.9934782608695651,
        0.9934782608695651,
        0.9934782608695651,
        0.9934782608695651,
        0.9934782608695651,
        0.9934782608695651
    ],
    "tr_loss": [
        0.565814733505249,
        0.5480391681194305,
        0.5533473491668701,
        0.5604839324951172,
        0.5557391941547394,
        0.5577636063098907,
        0.5530219972133636,
        0.5570758581161499,
        0.5547768771648407,
        0.5536583364009857,
        0.5592214167118073,
        0.5579554438591003,
        0.5705780684947968,
        0.5577789843082428,
        0.5631526708602905,
        0.5496246814727783,
        0.5539121925830841
    ],
    "tr_times": 2.7615303993225098,
    "ev_times": 0.00018978118896484375,
    "test_times": 0.00021028518676757812,
    "param_total_size": 135824,
    "param_total_count": 33956,
    "model_size": 199327
}