{
    "args": {
        "output": "finetune_outputs/binclass-0.0/ftt-tuned/train_2304_electricity_seed_0_nrows_2000_nclasses_10_ncols_100_stratify_True",
        "dataset": "train_2304_electricity_seed_0_nrows_2000_nclasses_10_ncols_100_stratify_True",
        "task": "binclass",
        "batch_size": 64,
        "early_stop": 16,
        "reduce_data": 0.0
    },
    "device": "NVIDIA GeForce RTX 3090",
    "best_eval_score": 0.8883984374999999,
    "final_test_score": 0.8992749999999999,
    "ev_metric": [
        0.8005859375,
        0.8498828125,
        0.8599609374999999,
        0.8542578125,
        0.86984375,
        0.8726171875,
        0.8666015625000001,
        0.8755468750000001,
        0.8711328125,
        0.8666015625000001,
        0.8709375,
        0.8744921875,
        0.8749609375,
        0.8809375,
        0.8817968750000001,
        0.8539453124999999,
        0.874765625,
        0.8727734374999999,
        0.8883984374999999,
        0.8793359374999999,
        0.8605859374999999,
        0.8780078125,
        0.8599609374999999,
        0.8664453124999999,
        0.8723828125,
        0.867265625,
        0.8753515625,
        0.8629296875,
        0.8671875,
        0.8695312499999999,
        0.8517968749999999,
        0.8630468749999999,
        0.857578125,
        0.848671875,
        0.851796875
    ],
    "test_metric": [
        0.80745,
        0.8615750000000001,
        0.871375,
        0.863275,
        0.8720999999999999,
        0.87535,
        0.878575,
        0.880475,
        0.8843500000000001,
        0.8896750000000001,
        0.883825,
        0.8918250000000001,
        0.895075,
        0.8943499999999999,
        0.8928250000000001,
        0.876025,
        0.8969750000000001,
        0.8865749999999999,
        0.8992749999999999,
        0.895575,
        0.8902500000000001,
        0.9017249999999999,
        0.8910250000000001,
        0.889925,
        0.9076000000000001,
        0.8864749999999999,
        0.9017999999999999,
        0.8963249999999999,
        0.8964,
        0.8989,
        0.8943249999999999,
        0.899125,
        0.8921499999999999,
        0.8962749999999999,
        0.890325
    ],
    "tr_loss": [
        0.6377054274082183,
        0.5503807798027992,
        0.5185418069362641,
        0.5106710389256477,
        0.5190838366746903,
        0.5113960310816765,
        0.4822959899902344,
        0.48692597150802613,
        0.4709142670035362,
        0.4621130660176277,
        0.4679758012294769,
        0.46048475056886673,
        0.4563670679926872,
        0.44907462447881696,
        0.4601001352071762,
        0.4537077933549881,
        0.4382421001791954,
        0.43291433751583097,
        0.4509397089481354,
        0.4396362975239754,
        0.4232188701629639,
        0.4363875061273575,
        0.4234352022409439,
        0.4441016137599945,
        0.42813228666782377,
        0.43278318643569946,
        0.4399392619729042,
        0.42853227704763414,
        0.4286818400025368,
        0.41512430012226104,
        0.4071381211280823,
        0.4094558373093605,
        0.4124995082616806,
        0.4114623233675957,
        0.4035703405737877
    ]
}