{
    "args": {
        "output": "finetune_outputs/binclass-0.8/ftt-tuned/train_0284_bank8FM",
        "dataset": "train_0284_bank8FM",
        "task": "binclass",
        "batch_size": 64,
        "early_stop": 16,
        "reduce_data": 0.8
    },
    "device": "NVIDIA GeForce RTX 3090",
    "best_eval_score": 0.978471214320271,
    "final_test_score": 0.9862324397703062,
    "ev_metric": [
        0.906507014997581,
        0.9366835994194485,
        0.9559748427672956,
        0.969097726173198,
        0.9690372520561199,
        0.9630503144654089,
        0.9692186744073538,
        0.9750241896468311,
        0.9736937590711175,
        0.9744194484760523,
        0.9733309143686504,
        0.9726052249637156,
        0.972363328495404,
        0.9781688437348816,
        0.9711538461538463,
        0.9736332849540397,
        0.9752056119980649,
        0.9772617319787131,
        0.9783502660861151,
        0.9775641025641025,
        0.9782293178519594,
        0.978471214320271,
        0.9782897919690372,
        0.9779874213836478,
        0.975689404934688,
        0.9781083696178037,
        0.9772617319787131,
        0.9776245766811804,
        0.9767174649250121,
        0.9764150943396226,
        0.9766569908079341,
        0.9753870343492985,
        0.9762336719883891,
        0.9755079825834543,
        0.977261731978713
    ],
    "test_metric": [
        0.941194296616747,
        0.960488516854419,
        0.9747299675002398,
        0.981972064430543,
        0.9804011911425012,
        0.9774998685785143,
        0.9824884735626355,
        0.9849878009938556,
        0.9853186739108251,
        0.9857546840163642,
        0.9852189481951964,
        0.9829878752083417,
        0.984338424240925,
        0.9865934623222332,
        0.9858404945158588,
        0.9860067040419063,
        0.9868470284829012,
        0.9871485248324763,
        0.9870526644546627,
        0.9881859815020394,
        0.9884550090139678,
        0.9862324397703062,
        0.987927776935993,
        0.9885632384727896,
        0.988098624867419,
        0.9879965799491012,
        0.9876208691134771,
        0.9874020909931445,
        0.9875783503975113,
        0.9877391484506179,
        0.9877607943423824,
        0.9877128641534756,
        0.9881210438267464,
        0.9879293230711191,
        0.9881148592862423
    ],
    "tr_loss": [
        0.6458839704008663,
        0.5179142268264995,
        0.38060278752270865,
        0.2745962002698113,
        0.2234081985319362,
        0.2055149586761699,
        0.20836662764058395,
        0.17810535956831539,
        0.17758838087320328,
        0.16406556131208644,
        0.1576608559664558,
        0.1767198070883751,
        0.17102881871602116,
        0.17075281809358037,
        0.15894022014211207,
        0.16568897642633496,
        0.1555207073688507,
        0.15876524018890717,
        0.1486213308046846,
        0.14368145167827606,
        0.14357175283572254,
        0.14592680466525695,
        0.15321635586373947,
        0.14401663291980238,
        0.12791312617414138,
        0.1378070070024799,
        0.17200764312463648,
        0.16670129097559871,
        0.14838170808027773,
        0.13832458327798283,
        0.1257152044597794,
        0.12601339225383365,
        0.13316897368606398,
        0.12947701553211494,
        0.12392288271118612
    ],
    "tr_times": 0,
    "ev_times": 0,
    "test_times": 0,
    "param_total_size": 0,
    "param_total_count": 0,
    "model_size": 0
}