{
    "args": {
        "model": "tv7.1",
        "output": "finetune_outputs/binclass-0.8/tv7.1-tuned/train_0292_cpu_small",
        "dataset": "train_0292_cpu_small",
        "task": "binclass",
        "batch_size": 64,
        "early_stop": 16,
        "reduce_data": 0.8
    },
    "device": "NVIDIA GeForce RTX 3090",
    "best_eval_score": 0.9617486338797814,
    "final_test_score": 0.9529164197217284,
    "ev_metric": [
        0.9611260980839731,
        0.9611260980839731,
        0.9613336100159092,
        0.9614027806598879,
        0.9614719513038666,
        0.9617486338797814,
        0.9613336100159092,
        0.9611952687279519,
        0.9611260980839732,
        0.9611952687279519,
        0.9612644393719305,
        0.9611260980839732,
        0.9612644393719305,
        0.9609877567960158,
        0.9608494155080584,
        0.9606419035761223,
        0.9608494155080584,
        0.9606419035761222,
        0.9606419035761222,
        0.960711074220101,
        0.9608494155080585,
        0.960711074220101
    ],
    "test_metric": [
        0.9525213078203935,
        0.9525742245928936,
        0.9526341969350605,
        0.9527365026952276,
        0.952815877853978,
        0.9529164197217284,
        0.9529569892473119,
        0.9529375864307283,
        0.9529799198487285,
        0.9530099060198121,
        0.9530046143425621,
        0.9530204893743122,
        0.953064586684729,
        0.9530822256088957,
        0.9531333784889792,
        0.9531457257358958,
        0.9532127536477294,
        0.9532674343126464,
        0.9533097677306466,
        0.9533432816865633,
        0.9533679761803968,
        0.953399726243897
    ],
    "tr_loss": [
        0.6448568526436301,
        0.6418226150905385,
        0.6385302368332358,
        0.6359136840876412,
        0.6326751183061039,
        0.6293965507956112,
        0.6261011747752919,
        0.6240857488968793,
        0.618942562271567,
        0.6175759574946236,
        0.6142228035365834,
        0.6124607990769779,
        0.6095802293104284,
        0.6061898925725151,
        0.6041068294469047,
        0.6011730292264152,
        0.5993271049331216,
        0.596612316720626,
        0.5952582955360413,
        0.5926337803111357,
        0.5893671126926646,
        0.5888636182336247
    ],
    "tr_times": 0.7872860431671143,
    "ev_times": 0.00031685829162597656,
    "test_times": 0.0005574226379394531,
    "param_total_size": 289012,
    "param_total_count": 72253
}