{
    "args": {
        "model": "mlp",
        "output": "finetune_outputs/binclass-0.8/mlp-tuned/train_1736_combined-wine-data",
        "dataset": "train_1736_combined-wine-data",
        "task": "binclass",
        "batch_size": 64,
        "early_stop": 16,
        "reduce_data": 0.8
    },
    "device": "NVIDIA GeForce RTX 3090",
    "best_eval_score": 1.0,
    "final_test_score": 0.9941868622448979,
    "ev_metric": [
        0.9996253278381416,
        0.9996253278381416,
        1.0,
        0.9998751092793805,
        0.9997502185587611,
        1.0,
        0.9997502185587612,
        0.9996253278381417,
        0.9997502185587611,
        0.9997502185587611,
        0.9997502185587611,
        0.9997502185587611,
        0.9997502185587611,
        0.9997502185587611,
        0.9997502185587611,
        0.9997502185587611,
        0.9997502185587611,
        0.9997502185587611,
        0.9995004371175222
    ],
    "test_metric": [
        0.9940864158163264,
        0.9948612882653061,
        0.9941868622448979,
        0.9948836096938773,
        0.9933322704081633,
        0.9962005739795918,
        0.9955325255102041,
        0.9948437499999998,
        0.9948325892857143,
        0.9940911989795918,
        0.9941374362244898,
        0.9950063775510205,
        0.9937531887755102,
        0.9937723214285714,
        0.9936798469387755,
        0.9938584183673468,
        0.9937452168367347,
        0.9941470025510204,
        0.9916757015306122
    ],
    "tr_loss": [
        0.17851192767445284,
        0.04987481825698454,
        0.051101632084912404,
        0.0321011233340519,
        0.03139516598401734,
        0.020854417879420977,
        0.013296333840116858,
        0.017216471561159078,
        0.014747065599434651,
        0.01467245201078745,
        0.011551778960543184,
        0.010300914792773815,
        0.010064605310057791,
        0.008421965006094139,
        0.007889091914806228,
        0.006866205143384063,
        0.006801536230621143,
        0.006409546915585032,
        0.013743085312083937
    ],
    "tr_times": 0.4345264434814453,
    "ev_times": 9.465217590332031e-05,
    "test_times": 0.00024199485778808594,
    "param_total_size": 430588,
    "param_total_count": 107646,
    "model_size": 433959
}