{
    "args": {
        "model": "tv7.1",
        "output": "finetune_outputs/openml-0.8/tv7.1-tuned/3",
        "dataset": "3",
        "task": "openml",
        "batch_size": 64,
        "early_stop": 16,
        "reduce_data": 0.8
    },
    "device": "NVIDIA GeForce RTX 3090",
    "best_eval_score": 0.9734782608695652,
    "final_test_score": 0.9698921491079388,
    "ev_metric": [
        0.9195652173913043,
        0.9378260869565217,
        0.96,
        0.9734782608695652,
        0.9695652173913043,
        0.9708695652173913,
        0.9704347826086956,
        0.9695652173913043,
        0.9704347826086956,
        0.9708695652173913,
        0.9730434782608696,
        0.9700000000000001,
        0.9721739130434783,
        0.9704347826086956,
        0.9734782608695652,
        0.972608695652174,
        0.972608695652174,
        0.9704347826086956,
        0.971304347826087,
        0.9591304347826087
    ],
    "test_metric": [
        0.9297901992542092,
        0.9507702738332894,
        0.9643426619960577,
        0.9698921491079388,
        0.9700114254146421,
        0.9713611309904956,
        0.9672806257611712,
        0.9668474644368276,
        0.9677200647858677,
        0.9642673295918239,
        0.9644996045048777,
        0.9641229424837093,
        0.9663138599068388,
        0.9650206536341607,
        0.9650583198362775,
        0.9637713912639523,
        0.9639095006717139,
        0.9658744208821424,
        0.9658179215789672,
        0.9602307682649693
    ],
    "tr_loss": [
        0.6161741813023885,
        0.5757517317930857,
        0.5453865826129913,
        0.521930972735087,
        0.5060628553231558,
        0.4954524040222168,
        0.48952336112658185,
        0.48608122766017914,
        0.4834562838077545,
        0.4815128644307454,
        0.48013051847616833,
        0.4784435083468755,
        0.47746674716472626,
        0.47664640843868256,
        0.4761516700188319,
        0.475040003657341,
        0.4741246352593104,
        0.4740104873975118,
        0.4739665687084198,
        0.47367144624392193
    ],
    "tr_times": 0.14383697509765625,
    "ev_times": 0.00019931793212890625,
    "test_times": 0.0004382133483886719,
    "param_total_size": 8033712,
    "param_total_count": 2008392,
    "model_size": 8347037
}