{
    "args": {
        "model": "tv7.1",
        "output": "finetune_outputs/binclass-0.8/tv7.1-tuned/train_1752_Wisconsin-breast-cancer-cytology-features",
        "dataset": "train_1752_Wisconsin-breast-cancer-cytology-features",
        "task": "binclass",
        "batch_size": 64,
        "early_stop": 16,
        "reduce_data": 0.8
    },
    "device": "NVIDIA GeForce RTX 3090",
    "best_eval_score": 1.0,
    "final_test_score": 0.9950181159420289,
    "ev_metric": [
        0.9916666666666667,
        0.9916666666666667,
        1.0,
        1.0,
        1.0,
        1.0,
        1.0,
        1.0,
        0.9916666666666667,
        0.9916666666666667,
        0.9916666666666667,
        0.9916666666666667,
        0.9916666666666667,
        0.9916666666666667,
        0.9916666666666667,
        0.9916666666666667,
        0.9916666666666667,
        0.9916666666666667,
        0.9916666666666667
    ],
    "test_metric": [
        0.9929800724637682,
        0.9947916666666667,
        0.9950181159420289,
        0.9945652173913043,
        0.9945652173913044,
        0.9945652173913044,
        0.9938858695652174,
        0.9932065217391304,
        0.9929800724637681,
        0.9927536231884059,
        0.9927536231884059,
        0.9929800724637682,
        0.9923007246376812,
        0.9916213768115942,
        0.9911684782608696,
        0.9909420289855072,
        0.9907155797101449,
        0.9904891304347827,
        0.990036231884058
    ],
    "tr_loss": [
        0.6553707122802734,
        0.6410715579986572,
        0.6236927509307861,
        0.6060402691364288,
        0.5916320085525513,
        0.5784867405891418,
        0.5583695471286774,
        0.5465201437473297,
        0.5426468253135681,
        0.5270078778266907,
        0.523615151643753,
        0.49505460262298584,
        0.5019188970327377,
        0.48144276440143585,
        0.49148863554000854,
        0.4760441184043884,
        0.47937390208244324,
        0.4640055447816849,
        0.4560842663049698
    ],
    "tr_times": 0.3784315586090088,
    "ev_times": 0.00030732154846191406,
    "test_times": 0.00028514862060546875,
    "param_total_size": 3648196,
    "param_total_count": 912041
}