{
    "args": {
        "model": "tv7.2",
        "output": "finetune_outputs/binclass-0.8/tv7.2-tuned/TravelInsurancePrediction",
        "dataset": "TravelInsurancePrediction",
        "task": "binclass",
        "batch_size": 64,
        "early_stop": 16,
        "reduce_data": 0.8
    },
    "device": "NVIDIA GeForce RTX 3090",
    "best_eval_score": 0.7889713679745494,
    "final_test_score": 0.7276215889084507,
    "ev_metric": [
        0.7889713679745494,
        0.7783669141039237,
        0.7804878048780488,
        0.784729586426299,
        0.7804878048780487,
        0.7773064687168612,
        0.7667020148462353,
        0.7571580063626724,
        0.7518557794273596,
        0.7560975609756098,
        0.76033934252386,
        0.7656415694591729,
        0.7698833510074231,
        0.7741251325556734,
        0.7709437963944856,
        0.7688229056203606,
        0.7688229056203605
    ],
    "test_metric": [
        0.7276215889084507,
        0.7270989216549296,
        0.724705655809859,
        0.7222298635563381,
        0.720826914612676,
        0.721129511443662,
        0.7214596170774649,
        0.7218172315140845,
        0.7215971610915493,
        0.7210744938380282,
        0.7234402508802817,
        0.7239904269366197,
        0.7249532350352113,
        0.7245956205985915,
        0.7263286751760563,
        0.7267413072183098,
        0.7255859375000001
    ],
    "tr_loss": [
        0.6676187664270401,
        0.6500228494405746,
        0.6365100890398026,
        0.6220253109931946,
        0.6130678653717041,
        0.605075940489769,
        0.5975068807601929,
        0.5909211784601212,
        0.5855717360973358,
        0.5805605053901672,
        0.5761989504098892,
        0.5711710602045059,
        0.5681314021348953,
        0.5640236288309097,
        0.5612694919109344,
        0.5588033497333527,
        0.5554049015045166
    ],
    "tr_times": 0.08312678337097168,
    "ev_times": 0.0002269744873046875,
    "test_times": 0.0002589225769042969,
    "param_total_size": 412388,
    "param_total_count": 103090,
    "model_size": 427485
}