{
    "args": {
        "model": "tv7.3",
        "output": "finetune_outputs/openml-0.8/tv7.3-tuned/1462",
        "dataset": "1462",
        "task": "openml",
        "batch_size": 64,
        "early_stop": 16,
        "reduce_data": 0.8
    },
    "device": "NVIDIA GeForce RTX 3090",
    "best_eval_score": 0.891304347826087,
    "final_test_score": 0.9747175530449159,
    "ev_metric": [
        0.891304347826087,
        0.891304347826087,
        0.891304347826087,
        0.891304347826087,
        0.891304347826087,
        0.891304347826087,
        0.891304347826087,
        0.891304347826087,
        0.891304347826087,
        0.891304347826087,
        0.891304347826087,
        0.891304347826087,
        0.891304347826087,
        0.891304347826087,
        0.891304347826087,
        0.891304347826087,
        0.891304347826087
    ],
    "test_metric": [
        0.9747175530449159,
        0.9747175530449159,
        0.9747175530449159,
        0.9747175530449159,
        0.9747175530449159,
        0.9747175530449159,
        0.9747175530449159,
        0.9747175530449159,
        0.9747175530449159,
        0.9747519977955361,
        0.9747519977955361,
        0.9747519977955361,
        0.9747519977955361,
        0.9747519977955361,
        0.9747519977955361,
        0.9747519977955361,
        0.9747864425461561
    ],
    "tr_loss": [
        0.6517184774080912,
        0.6511591275533041,
        0.6507675051689148,
        0.65118275086085,
        0.6507770816485087,
        0.6517617702484131,
        0.6511519948641459,
        0.6510985096295675,
        0.6500292221705118,
        0.6516625682512919,
        0.6497966249783834,
        0.6512625018755595,
        0.6526216864585876,
        0.6505623459815979,
        0.6519904534022013,
        0.6522508859634399,
        0.6508423288663229
    ],
    "tr_times": 0.2528505325317383,
    "ev_times": 0.0002465248107910156,
    "test_times": 0.0002624988555908203,
    "param_total_size": 10772,
    "param_total_count": 2693,
    "model_size": 19743
}