{
    "args": {
        "model": "tv7.3",
        "output": "finetune_outputs/openml-0.8/tv7.3-tuned/6332",
        "dataset": "6332",
        "task": "openml",
        "batch_size": 64,
        "early_stop": 16,
        "reduce_data": 0.8
    },
    "device": "NVIDIA GeForce RTX 3090",
    "best_eval_score": 0.6,
    "final_test_score": 0.4808816914080072,
    "ev_metric": [
        0.6,
        0.6,
        0.6,
        0.6,
        0.6,
        0.5857142857142857,
        0.5857142857142857,
        0.5857142857142857,
        0.5857142857142857,
        0.5857142857142857,
        0.5857142857142857,
        0.5857142857142857,
        0.5857142857142857,
        0.5857142857142857,
        0.5857142857142857,
        0.5857142857142857,
        0.5857142857142857
    ],
    "test_metric": [
        0.4808816914080072,
        0.4806567701304544,
        0.48043184885290147,
        0.4799820062977958,
        0.47953216374269003,
        0.47908232118758437,
        0.47885739991003146,
        0.4788573999100315,
        0.4784075573549258,
        0.47863247863247865,
        0.4779577147998201,
        0.4768331084120558,
        0.4772829509671615,
        0.4763832658569501,
        0.4745838956365272,
        0.4741340530814216,
        0.4743589743589744
    ],
    "tr_loss": [
        0.678925096988678,
        0.6787552833557129,
        0.6785867214202881,
        0.6784179210662842,
        0.6782488226890564,
        0.6780804395675659,
        0.6779136657714844,
        0.6777482628822327,
        0.6775843501091003,
        0.6774216294288635,
        0.6772600412368774,
        0.6770991086959839,
        0.6769385933876038,
        0.676777720451355,
        0.6766175031661987,
        0.6764587759971619,
        0.6763015389442444
    ],
    "tr_times": 1.177708625793457,
    "ev_times": 0.00021147727966308594,
    "test_times": 0.00020360946655273438,
    "param_total_size": 117848,
    "param_total_count": 29462,
    "model_size": 151967
}