{
    "args": {
        "model": "mlp",
        "output": "finetune_outputs/binclass-0.8/mlp-tuned/trial",
        "dataset": "trial",
        "task": "binclass",
        "batch_size": 64,
        "early_stop": 16,
        "reduce_data": 0.8
    },
    "device": "NVIDIA GeForce RTX 3090",
    "best_eval_score": 1.0,
    "final_test_score": 0.9997361013370866,
    "ev_metric": [
        0.5416666666666667,
        0.826388888888889,
        0.9097222222222222,
        0.9236111111111112,
        0.9305555555555556,
        0.9722222222222222,
        0.9722222222222222,
        0.9722222222222222,
        0.9756944444444444,
        1.0,
        1.0,
        0.9861111111111112,
        1.0,
        1.0,
        1.0,
        1.0,
        1.0,
        1.0,
        1.0,
        1.0,
        1.0,
        1.0,
        1.0,
        1.0,
        1.0,
        1.0
    ],
    "test_metric": [
        0.6299261083743842,
        0.8866995073891626,
        0.9408866995073891,
        0.9584799437016186,
        0.9565446868402534,
        0.964109781843772,
        0.9864532019704433,
        0.9966572836030964,
        0.9945460942997889,
        0.9997361013370866,
        1.0,
        1.0,
        1.0,
        1.0,
        1.0,
        1.0,
        1.0,
        1.0,
        1.0,
        1.0,
        1.0,
        1.0,
        1.0,
        1.0,
        1.0,
        1.0
    ],
    "tr_loss": [
        0.6947259902954102,
        0.6790107488632202,
        0.7030407190322876,
        0.6463051736354828,
        0.4673391431570053,
        0.4270169734954834,
        0.3781359940767288,
        0.722010999917984,
        0.3578135222196579,
        0.4482937604188919,
        0.3512839525938034,
        0.2876785695552826,
        0.40451879799366,
        0.3343074470758438,
        0.4292394071817398,
        0.4861011207103729,
        0.4955192357301712,
        0.47253233194351196,
        0.4339330345392227,
        0.3963464945554733,
        0.31189505755901337,
        0.20197445154190063,
        0.06989667192101479,
        0.0748475421660828,
        0.06001625955104828,
        0.0
    ],
    "tr_times": 0.4207723140716553,
    "ev_times": 0.000293731689453125,
    "test_times": 0.00034689903259277344,
    "param_total_size": 26482996,
    "param_total_count": 6620739,
    "model_size": 26495943
}