{
    "args": {
        "model": "tv7.4",
        "output": "finetune_outputs/binclass-0.8/tv7.4-tuned/loan_train",
        "dataset": "loan_train",
        "task": "binclass",
        "batch_size": 64,
        "early_stop": 16,
        "reduce_data": 0.8
    },
    "device": "NVIDIA GeForce RTX 3090",
    "best_eval_score": 0.5714285714285714,
    "final_test_score": 0.6767801857585141,
    "ev_metric": [
        0.5714285714285714,
        0.5714285714285714,
        0.5714285714285714,
        0.5714285714285714,
        0.5714285714285714,
        0.5714285714285714,
        0.5714285714285714,
        0.5714285714285714,
        0.5714285714285714,
        0.5714285714285714,
        0.5714285714285714,
        0.5714285714285714,
        0.5714285714285714,
        0.5714285714285714,
        0.5714285714285714,
        0.5714285714285714,
        0.5714285714285714
    ],
    "test_metric": [
        0.6767801857585141,
        0.6767801857585141,
        0.6767801857585141,
        0.6764705882352942,
        0.6761609907120743,
        0.6761609907120743,
        0.6761609907120743,
        0.6764705882352942,
        0.676780185758514,
        0.676780185758514,
        0.6770897832817337,
        0.676780185758514,
        0.676780185758514,
        0.6773993808049535,
        0.6783281733746129,
        0.6783281733746129,
        0.6780185758513931
    ],
    "tr_loss": [
        0.6662548780441284,
        0.660538375377655,
        0.6661810278892517,
        0.6609016358852386,
        0.6608840525150299,
        0.6621599197387695,
        0.6622511446475983,
        0.6610864996910095,
        0.6592695713043213,
        0.6605812311172485,
        0.6580431461334229,
        0.6627331376075745,
        0.6601791083812714,
        0.6636694073677063,
        0.6574596464633942,
        0.65780308842659,
        0.6651605367660522
    ],
    "tr_times": 0.041556358337402344,
    "ev_times": 0.00019431114196777344,
    "test_times": 0.0002295970916748047,
    "param_total_size": 605876,
    "param_total_count": 151463,
    "model_size": 644381
}