{
    "args": {
        "model": "tv7.2",
        "output": "finetune_outputs/openml-0.8/tv7.2-tuned/29",
        "dataset": "29",
        "task": "openml",
        "batch_size": 64,
        "early_stop": 16,
        "reduce_data": 0.8
    },
    "device": "NVIDIA GeForce RTX 3090",
    "best_eval_score": 0.8611111111111112,
    "final_test_score": 0.8115530303030303,
    "ev_metric": [
        0.8611111111111112,
        0.8611111111111112,
        0.8611111111111112,
        0.8611111111111112,
        0.8611111111111112,
        0.8611111111111112,
        0.8611111111111112,
        0.8611111111111112,
        0.8611111111111112,
        0.8611111111111112,
        0.8611111111111112,
        0.8611111111111112,
        0.8611111111111112,
        0.8611111111111112,
        0.8611111111111112,
        0.8611111111111112,
        0.8611111111111112
    ],
    "test_metric": [
        0.8115530303030303,
        0.8115530303030303,
        0.8115530303030303,
        0.8116883116883116,
        0.8118235930735931,
        0.8118235930735931,
        0.8118235930735931,
        0.8118235930735931,
        0.8116883116883117,
        0.8118235930735931,
        0.8119588744588746,
        0.8119588744588746,
        0.8120941558441559,
        0.8122294372294372,
        0.8123647186147186,
        0.8125676406926408,
        0.8126352813852815
    ],
    "tr_loss": [
        0.6773872673511505,
        0.6785774528980255,
        0.6763944923877716,
        0.6774516403675079,
        0.6777910590171814,
        0.6768980622291565,
        0.6780796051025391,
        0.6755573451519012,
        0.6762378513813019,
        0.6782675981521606,
        0.6773826777935028,
        0.6781315207481384,
        0.6776140928268433,
        0.6760260164737701,
        0.6781493425369263,
        0.6766356825828552,
        0.6773805022239685
    ],
    "tr_times": 1.7546489238739014,
    "ev_times": 0.0005064010620117188,
    "test_times": 0.000324249267578125,
    "param_total_size": 91972,
    "param_total_count": 22993,
    "model_size": 131935
}