{
    "metric": "roc_auc",
    "eval_score": 0.7444196428571428,
    "n_trial": 78,
    "dataset": "train_2621_sf-police-incidents_seed_2_nrows_2000_nclasses_10_ncols_100_stratify_True",
    "model": {
        "booster": "gbtree",
        "n_estimators": 2000,
        "n_jobs": -1,
        "tree_method": "hist",
        "alpha": 0.1993221346121559,
        "colsample_bylevel": 0.5797438999233019,
        "colsample_bytree": 0.9187064345255276,
        "gamma": 0.010471801561369492,
        "lambda": 0.0011236440984385258,
        "learning_rate": 9.212540853788477e-05,
        "max_depth": 10,
        "min_child_weight": 4.331332535652029e-05,
        "subsample": 0.9872251081006351
    },
    "training": {
        "early_stopping_rounds": 20,
        "verbose": false
    }
}