{
    "args": {
        "model": "tv7.2",
        "output": "finetune_outputs/binclass-0.8/tv7.2-tuned/train_0435_strikes",
        "dataset": "train_0435_strikes",
        "task": "binclass",
        "batch_size": 64,
        "early_stop": 16,
        "reduce_data": 0.8
    },
    "device": "NVIDIA GeForce RTX 3090",
    "best_eval_score": 0.59,
    "final_test_score": 0.671530977982591,
    "ev_metric": [
        0.56,
        0.5700000000000001,
        0.5800000000000001,
        0.5800000000000001,
        0.5800000000000001,
        0.5800000000000001,
        0.59,
        0.59,
        0.59,
        0.59,
        0.59,
        0.58,
        0.58,
        0.58,
        0.58,
        0.58,
        0.58,
        0.58,
        0.58,
        0.58,
        0.59,
        0.59,
        0.59
    ],
    "test_metric": [
        0.6661546338965694,
        0.6664106502816179,
        0.6679467485919098,
        0.66794674859191,
        0.6692268305171531,
        0.669994879672299,
        0.671530977982591,
        0.6717869943676396,
        0.6738351254480288,
        0.6743471582181261,
        0.6753712237583206,
        0.6761392729134664,
        0.6769073220686124,
        0.6766513056835638,
        0.677163338453661,
        0.6771633384536611,
        0.6774193548387096,
        0.6784434203789043,
        0.6786994367639528,
        0.6802355350742447,
        0.6804915514592934,
        0.6815156169994879,
        0.6830517153097797
    ],
    "tr_loss": [
        0.7066535651683807,
        0.693966805934906,
        0.702483743429184,
        0.6949085891246796,
        0.6989954710006714,
        0.695766806602478,
        0.6941805779933929,
        0.6932528913021088,
        0.6905973553657532,
        0.7068636119365692,
        0.6904115080833435,
        0.6951810717582703,
        0.6922437250614166,
        0.6947581470012665,
        0.6960595548152924,
        0.6959117949008942,
        0.6966533660888672,
        0.6917415261268616,
        0.7037331461906433,
        0.7032414078712463,
        0.6923552453517914,
        0.694190502166748,
        0.6942445337772369
    ],
    "tr_times": 0.5670146942138672,
    "ev_times": 0.0002086162567138672,
    "test_times": 0.0002968311309814453,
    "param_total_size": 7740,
    "param_total_count": 1935,
    "model_size": 14815
}