{
    "args": {
        "output": "finetune_outputs/binclass-0.8/ftt-tuned/train_0446_newton_hema",
        "dataset": "train_0446_newton_hema",
        "task": "binclass",
        "batch_size": 64,
        "early_stop": 16,
        "reduce_data": 0.8
    },
    "device": "NVIDIA GeForce RTX 3090",
    "best_eval_score": 1.0,
    "final_test_score": 0.4897959183673469,
    "ev_metric": [
        0.8333333333333334,
        1.0,
        1.0,
        1.0,
        1.0,
        1.0,
        1.0,
        1.0,
        1.0,
        1.0,
        1.0,
        1.0,
        1.0,
        1.0,
        1.0,
        1.0,
        1.0,
        1.0
    ],
    "test_metric": [
        0.5357142857142858,
        0.4897959183673469,
        0.4795918367346939,
        0.48469387755102045,
        0.47959183673469385,
        0.4846938775510204,
        0.4897959183673469,
        0.5,
        0.489795918367347,
        0.4897959183673469,
        0.49489795918367346,
        0.49489795918367346,
        0.4795918367346939,
        0.4846938775510204,
        0.4846938775510204,
        0.49489795918367346,
        0.5,
        0.5051020408163265
    ],
    "tr_loss": [
        0.7108086347579956,
        0.7667709589004517,
        0.712148904800415,
        0.6396628618240356,
        0.695500910282135,
        0.6016555428504944,
        0.6127840280532837,
        0.574547290802002,
        0.546518862247467,
        0.5520154237747192,
        0.5050877928733826,
        0.5848700404167175,
        0.5016440153121948,
        0.4848495423793793,
        0.5315465331077576,
        0.496496319770813,
        0.45306795835494995,
        0.4924304187297821
    ],
    "tr_times": 0.38913393020629883,
    "ev_times": 0.0006504058837890625,
    "test_times": 0.0007097721099853516,
    "param_total_size": 3791492,
    "param_total_count": 947872,
    "model_size": 3819249
}