{
    "args": {
        "model": "tv7.2",
        "output": "finetune_outputs/binclass-0.8/tv7.2-tuned/train_1512_eye_movements",
        "dataset": "train_1512_eye_movements",
        "task": "binclass",
        "batch_size": 64,
        "early_stop": 16,
        "reduce_data": 0.8
    },
    "device": "NVIDIA GeForce RTX 3090",
    "best_eval_score": 0.5634909970438053,
    "final_test_score": 0.6016514683459934,
    "ev_metric": [
        0.5466944369793066,
        0.5544880408492341,
        0.5599301263101317,
        0.5634909970438053,
        0.5556302069336201,
        0.5593926363880677,
        0.5620128997581295,
        0.555898951894652,
        0.5537489922063961,
        0.5508599838753023,
        0.5513638806772373,
        0.5487772104273045,
        0.5507256113947864,
        0.5519349637194302,
        0.5523380811609782,
        0.5485756517065306,
        0.5536818059661381,
        0.5544880408492341,
        0.555495834453104,
        0.5556302069336201
    ],
    "test_metric": [
        0.5844339956589383,
        0.5919281117417603,
        0.5982583950504298,
        0.6016514683459934,
        0.6041777107029447,
        0.6041967050063803,
        0.6036113351095884,
        0.6048891337043554,
        0.6047699876191677,
        0.6044729857836273,
        0.6039566860811472,
        0.6039618663457205,
        0.6037650162919321,
        0.6042588681812608,
        0.6071701768715001,
        0.6078315239820349,
        0.6086439621426265,
        0.6090488861567789,
        0.607721875048565,
        0.6076882033288381
    ],
    "tr_loss": [
        0.6885963678359985,
        0.679275032132864,
        0.6744250990450382,
        0.6679516732692719,
        0.6617778614163399,
        0.6597821936011314,
        0.6563810668885708,
        0.6530034467577934,
        0.65228421241045,
        0.655226469039917,
        0.6472670957446098,
        0.6482604704797268,
        0.650519248098135,
        0.6445606090128422,
        0.6470257714390755,
        0.6438025571405888,
        0.6449004411697388,
        0.6466238833963871,
        0.6427173130214214,
        0.6453534178435802
    ],
    "tr_times": 0.3908863067626953,
    "ev_times": 0.00021719932556152344,
    "test_times": 0.0005137920379638672,
    "param_total_size": 735500,
    "param_total_count": 183870,
    "model_size": 752157
}