{
    "args": {
        "output": "finetune_outputs/binclass-0.0/ftt-tuned/train_0437_quake",
        "dataset": "train_0437_quake",
        "task": "binclass",
        "batch_size": 64,
        "early_stop": 16,
        "reduce_data": 0.0
    },
    "device": "NVIDIA GeForce RTX 3090",
    "best_eval_score": 0.5619554373129365,
    "final_test_score": 0.5413649143733492,
    "ev_metric": [
        0.5387429331559693,
        0.5314599268373794,
        0.533488526770868,
        0.5437978051213834,
        0.534785500498836,
        0.5346524775523778,
        0.5417359494512803,
        0.539541070834719,
        0.5619554373129365,
        0.5607914865314267,
        0.5515463917525774,
        0.5521449950116395,
        0.5503491852344529,
        0.5437978051213834,
        0.550814765547057,
        0.5521449950116395,
        0.5476554705686731,
        0.5472896574659128,
        0.5505487196541403,
        0.5339873628200864,
        0.5459594280013302,
        0.5348520119720651,
        0.5507149983372132,
        0.552993016295311,
        0.550116395078151
    ],
    "test_metric": [
        0.5375308852347278,
        0.5314390389366959,
        0.5316520405555082,
        0.53376075658175,
        0.527562409474312,
        0.5292451222629292,
        0.5295433245292664,
        0.5294581238817415,
        0.5413649143733492,
        0.5397567521513164,
        0.5335903552867002,
        0.5373391837777967,
        0.5302036295475845,
        0.5388088949476016,
        0.5367214790832411,
        0.5365510777881911,
        0.5334412541535315,
        0.5365084774644288,
        0.535422169208486,
        0.5319502428218454,
        0.5330791514015507,
        0.5300971287381784,
        0.5315242395842208,
        0.5328022492970946,
        0.5316520405555082
    ],
    "tr_loss": [
        0.6962052394043315,
        0.697902416641062,
        0.6943685195662759,
        0.6914722594347867,
        0.6896345154805616,
        0.6898332048546184,
        0.6896402293985541,
        0.6937145103107799,
        0.6898684637113051,
        0.6837218728932467,
        0.6911891238255934,
        0.6872823102907701,
        0.6854564466259696,
        0.6852243325927041,
        0.6870430138978091,
        0.6896920908581127,
        0.6836783235723322,
        0.682794906876304,
        0.6790438836271112,
        0.6839908551086079,
        0.6862392723560333,
        0.6815936755050312,
        0.6830792968923395,
        0.682830501686443,
        0.6815850355408408
    ]
}