{
    "args": {
        "model": "tv7.2",
        "output": "finetune_outputs/binclass-0.8/tv7.2-tuned/train_2393_airlines_seed_4_nrows_2000_nclasses_10_ncols_100_stratify_True",
        "dataset": "train_2393_airlines_seed_4_nrows_2000_nclasses_10_ncols_100_stratify_True",
        "task": "binclass",
        "batch_size": 64,
        "early_stop": 16,
        "reduce_data": 0.8
    },
    "device": "NVIDIA GeForce RTX 3090",
    "best_eval_score": 0.6108374384236454,
    "final_test_score": 0.5450197388399635,
    "ev_metric": [
        0.6068965517241379,
        0.6088669950738916,
        0.6098522167487684,
        0.6108374384236454,
        0.6088669950738916,
        0.6088669950738916,
        0.6088669950738916,
        0.6059113300492611,
        0.6059113300492611,
        0.6068965517241379,
        0.6049261083743842,
        0.6029556650246306,
        0.6029556650246306,
        0.6039408866995074,
        0.6049261083743842,
        0.6039408866995074,
        0.6029556650246306,
        0.6059113300492611,
        0.605911330049261,
        0.605911330049261
    ],
    "test_metric": [
        0.5431976920740966,
        0.5439315720214597,
        0.54410871545703,
        0.5450197388399635,
        0.5459054560178156,
        0.5464368863245267,
        0.5468923980159935,
        0.5473732159125417,
        0.54785403380909,
        0.5483601579107197,
        0.5486764854742382,
        0.5488662820123495,
        0.5498785302156088,
        0.5505871039578905,
        0.5508401660087053,
        0.5507009818807571,
        0.5508654722137868,
        0.5510173094442757,
        0.5507895535985423,
        0.550713634983298
    ],
    "tr_loss": [
        0.6902407854795456,
        0.6901088654994965,
        0.6899873316287994,
        0.6898602396249771,
        0.6897464543581009,
        0.6896176338195801,
        0.6895027458667755,
        0.689374253153801,
        0.6892315596342087,
        0.6891146451234818,
        0.6889802664518356,
        0.6888529807329178,
        0.6887198835611343,
        0.6885852217674255,
        0.6884537488222122,
        0.6883332282304764,
        0.6881821602582932,
        0.6880545169115067,
        0.68792325258255,
        0.6877869218587875
    ],
    "tr_times": 12.012406587600708,
    "ev_times": 0.0003693103790283203,
    "test_times": 0.00024271011352539062,
    "param_total_size": 1292072,
    "param_total_count": 323017,
    "model_size": 1793181
}