{
    "args": {
        "output": "finetune_outputs/binclass-0.8/ftt-tuned/train_1201_Gender-Recognition-by-Voice",
        "dataset": "train_1201_Gender-Recognition-by-Voice",
        "task": "binclass",
        "batch_size": 64,
        "early_stop": 16,
        "reduce_data": 0.8
    },
    "device": "NVIDIA GeForce RTX 3090",
    "best_eval_score": 1.0,
    "final_test_score": 0.9883768372657704,
    "ev_metric": [
        0.8777393310265282,
        0.9084967320261437,
        0.9215686274509803,
        0.9334871203383315,
        0.9442522106881969,
        0.9673202614379085,
        0.9865436370626681,
        0.9969242599000385,
        1.0,
        1.0,
        0.9992310649750097,
        0.9988465974625144,
        0.9984621299500192,
        0.998077662437524,
        0.998077662437524,
        0.9976931949250288,
        0.998077662437524,
        0.998077662437524,
        0.998077662437524,
        0.9976931949250288,
        0.998077662437524,
        0.9984621299500192,
        0.9984621299500192,
        0.9984621299500192,
        0.9992310649750097
    ],
    "test_metric": [
        0.8244683497696266,
        0.8676273024908199,
        0.8821960612604365,
        0.8989839683945507,
        0.9204490043686373,
        0.944242653424753,
        0.9707828717571078,
        0.9845953288419629,
        0.9883768372657704,
        0.9878195623401567,
        0.9877598543124123,
        0.984575426166048,
        0.9860482241837415,
        0.9864661803779519,
        0.9843216670481346,
        0.9847645015872384,
        0.985421289892426,
        0.9839882972265621,
        0.9844759127864741,
        0.984883917642727,
        0.9834708276527778,
        0.984804306939068,
        0.9848142582770253,
        0.9835006816666501,
        0.9837892704674144
    ],
    "tr_loss": [
        0.6889468261173793,
        0.6469579594475883,
        0.6171783208847046,
        0.5378850783620562,
        0.5054395156247276,
        0.45481675437518526,
        0.4120722072465079,
        0.3452003683362688,
        0.2826382688113621,
        0.22488425459180558,
        0.18385277262755803,
        0.14463230328900473,
        0.13401066086121968,
        0.1333272893513952,
        0.10286496047462736,
        0.10010335168668202,
        0.10018206760287285,
        0.0902387063418116,
        0.09029012013758932,
        0.07353596016764641,
        0.07561708561011724,
        0.09020183448280607,
        0.07053077167698316,
        0.06147160540734019,
        0.06541272572108678
    ],
    "tr_times": 0.8664982318878174,
    "ev_times": 0.0006055831909179688,
    "test_times": 0.0005671977996826172,
    "param_total_size": 1601636,
    "param_total_count": 400409,
    "model_size": 1621060
}