{
    "args": {
        "model": "tv7.1",
        "output": "finetune_outputs/openml-0.8/tv7.1-tuned/1494",
        "dataset": "1494",
        "task": "openml",
        "batch_size": 64,
        "early_stop": 16,
        "reduce_data": 0.8
    },
    "device": "NVIDIA GeForce RTX 3090",
    "best_eval_score": 0.9134199134199135,
    "final_test_score": 0.8608667736757625,
    "ev_metric": [
        0.9134199134199135,
        0.9134199134199135,
        0.9134199134199135,
        0.9134199134199135,
        0.9134199134199135,
        0.9134199134199135,
        0.9134199134199135,
        0.9134199134199135,
        0.9090909090909091,
        0.9090909090909091,
        0.9047619047619047,
        0.9047619047619047,
        0.9047619047619047,
        0.9047619047619047,
        0.9004329004329004,
        0.9047619047619047,
        0.9047619047619047
    ],
    "test_metric": [
        0.8608667736757625,
        0.862215088282504,
        0.8633065810593901,
        0.86446227929374,
        0.8654253611556982,
        0.8670947030497592,
        0.8676083467094703,
        0.8684430176565008,
        0.8694703049759229,
        0.8703049759229535,
        0.8713322632423756,
        0.8715890850722312,
        0.872166934189406,
        0.8724879614767255,
        0.8726805778491171,
        0.8731942215088283,
        0.87338683788122
    ],
    "tr_loss": [
        0.6790471374988556,
        0.6783420741558075,
        0.6775818169116974,
        0.6769577264785767,
        0.6762505769729614,
        0.6753578782081604,
        0.6745968163013458,
        0.6738911867141724,
        0.6730416119098663,
        0.6724115312099457,
        0.6716266572475433,
        0.6708723604679108,
        0.6701624393463135,
        0.6692929267883301,
        0.6684678196907043,
        0.6677291393280029,
        0.6669636368751526
    ],
    "tr_times": 0.6260061264038086,
    "ev_times": 0.00017976760864257812,
    "test_times": 0.00020956993103027344,
    "param_total_size": 51476,
    "param_total_count": 12869,
    "model_size": 69919
}