{
    "args": {
        "output": "finetune_outputs/binclass-0.0/ftt-tuned/train_1774_Early-Stage-Diabetes-Risk-Prediction-Dataset",
        "dataset": "train_1774_Early-Stage-Diabetes-Risk-Prediction-Dataset",
        "task": "binclass",
        "batch_size": 64,
        "early_stop": 16,
        "reduce_data": 0.0
    },
    "device": "NVIDIA GeForce RTX 3090",
    "best_eval_score": 0.9915865384615385,
    "final_test_score": 0.9734375,
    "ev_metric": [
        0.9711538461538461,
        0.9765625,
        0.9837740384615384,
        0.9669471153846154,
        0.9567307692307693,
        0.9705528846153846,
        0.9849759615384616,
        0.9627403846153846,
        0.9837740384615385,
        0.9747596153846154,
        0.9813701923076923,
        0.9591346153846154,
        0.9693509615384615,
        0.9591346153846154,
        0.9861778846153846,
        0.9663461538461537,
        0.984375,
        0.9591346153846154,
        0.9759615384615384,
        0.9693509615384616,
        0.9735576923076923,
        0.9915865384615385,
        0.9861778846153846,
        0.9879807692307692,
        0.9681490384615385,
        0.9849759615384616,
        0.9591346153846154,
        0.9579326923076922,
        0.9669471153846153,
        0.9753605769230769,
        0.9561298076923077,
        0.9609375,
        0.953125
    ],
    "test_metric": [
        0.9593750000000001,
        0.9890625000000001,
        0.98828125,
        0.972265625,
        0.981640625,
        0.975390625,
        0.9894531249999999,
        0.935546875,
        0.9894531249999999,
        0.985546875,
        0.987890625,
        0.965234375,
        0.98046875,
        0.9671874999999999,
        0.98203125,
        0.973046875,
        0.98828125,
        0.960546875,
        0.9835937499999999,
        0.9667968749999999,
        0.968359375,
        0.9734375,
        0.9628906249999999,
        0.9859374999999999,
        0.980078125,
        0.978125,
        0.978125,
        0.983203125,
        0.97578125,
        0.98359375,
        0.981640625,
        0.97890625,
        0.975
    ],
    "tr_loss": [
        0.65479376912117,
        0.5141325940688452,
        0.4263718823591868,
        0.31959502398967743,
        0.33196889857451123,
        0.3447576314210892,
        0.2681063661972682,
        0.28984514127175015,
        0.2673342476288478,
        0.2635279173652331,
        0.25592942784229916,
        0.22934668759504953,
        0.21899288023511568,
        0.20883392045895258,
        0.1992958796521028,
        0.2092887448767821,
        0.21429422746102014,
        0.22353189438581467,
        0.21973972643415132,
        0.25295206159353256,
        0.18685648093620935,
        0.17838907117644945,
        0.16543709424634775,
        0.1753913884361585,
        0.20532703027129173,
        0.18678688257932663,
        0.14302628487348557,
        0.14410724366704622,
        0.16852567344903946,
        0.1929074370612701,
        0.13551682606339455,
        0.12321093926827113,
        0.13036634431531033
    ]
}