{
    "args": {
        "output": "finetune_outputs/binclass-0.8/ftt-tuned/train_1635_Is-this-a-good-customer",
        "dataset": "train_1635_Is-this-a-good-customer",
        "task": "binclass",
        "batch_size": 64,
        "early_stop": 16,
        "reduce_data": 0.8
    },
    "device": "NVIDIA GeForce RTX 3090",
    "best_eval_score": 0.8707482993197279,
    "final_test_score": 0.6370035193564605,
    "ev_metric": [
        0.7789115646258504,
        0.8367346938775511,
        0.8469387755102041,
        0.8299319727891157,
        0.8333333333333333,
        0.8537414965986394,
        0.8435374149659864,
        0.8231292517006803,
        0.7891156462585034,
        0.7925170068027211,
        0.7993197278911565,
        0.8503401360544218,
        0.8401360544217688,
        0.8707482993197279,
        0.8639455782312925,
        0.8197278911564625,
        0.7891156462585035,
        0.7891156462585034,
        0.8129251700680272,
        0.8095238095238095,
        0.8435374149659864,
        0.7891156462585034,
        0.7925170068027212,
        0.7551020408163265,
        0.7482993197278912,
        0.7210884353741496,
        0.6462585034013605,
        0.629251700680272,
        0.6292517006802721,
        0.663265306122449
    ],
    "test_metric": [
        0.5536282889224066,
        0.575666163901458,
        0.5539634657281716,
        0.5374560080442434,
        0.5318417965476789,
        0.5521199932964639,
        0.6002178649237473,
        0.635243841126194,
        0.6239316239316239,
        0.6154684095860566,
        0.6004692475280711,
        0.6228422993128875,
        0.6168929110105581,
        0.6370035193564605,
        0.6260264789676554,
        0.5809451985922575,
        0.5266465560583208,
        0.5580693815987934,
        0.5647729177140941,
        0.5382101558572148,
        0.5121501592089828,
        0.47863247863247865,
        0.5227082285905815,
        0.49547511312217196,
        0.5542148483324953,
        0.5228758169934641,
        0.49178816825875654,
        0.5017596782302665,
        0.5149991620579856,
        0.5095525389643036
    ],
    "tr_loss": [
        0.37780680879950523,
        0.35360897332429886,
        0.3450029082596302,
        0.2810078728944063,
        0.3218249976634979,
        0.30160120874643326,
        0.24375023879110813,
        0.24136463552713394,
        0.23406612128019333,
        0.2127037663012743,
        0.23457204550504684,
        0.2005987111479044,
        0.19644782692193985,
        0.19291641376912594,
        0.17916847579181194,
        0.17508783005177975,
        0.18716087937355042,
        0.1556604690849781,
        0.1397930011153221,
        0.14113612845540047,
        0.14521540328860283,
        0.13167142681777477,
        0.21904299780726433,
        0.21735002100467682,
        0.1820089854300022,
        0.1900206133723259,
        0.16281787492334843,
        0.17451802641153336,
        0.12978285551071167,
        0.12220089044421911
    ],
    "tr_times": 0.7086660861968994,
    "ev_times": 0.0005688667297363281,
    "test_times": 0.0005424022674560547,
    "param_total_size": 2578740,
    "param_total_count": 644677,
    "model_size": 2599809
}