{
    "args": {
        "model": "xgboost",
        "output": "finetune_outputs/openml-0.8/xgboost-tuned/1063",
        "dataset": "1063",
        "task": "openml",
        "reduce_data": 0.8
    },
    "device": "NVIDIA GeForce RTX 3090",
    "configs": {
        "metric": "roc_auc",
        "eval_score": 1.0,
        "n_trial": 2,
        "dataset": "1063",
        "model": {
            "booster": "gbtree",
            "n_estimators": 2000,
            "n_jobs": -1,
            "tree_method": "hist",
            "alpha": 1.4625510797776726e-08,
            "colsample_bylevel": 0.6600104555528407,
            "colsample_bytree": 0.6931117058002417,
            "gamma": 1.8263034653392198e-07,
            "lambda": 10.384893501317118,
            "learning_rate": 0.7326417200768881,
            "max_depth": 3,
            "min_child_weight": 0.00011833807244133934,
            "subsample": 0.5412413850088441
        },
        "training": {
            "early_stopping_rounds": 20,
            "verbose": false,
            "eval_metric": "error"
        }
    },
    "best_eval_score": 1.0,
    "final_test_score": 0.716880341880342,
    "tr_times": 0.015576601028442383,
    "ev_times": 0.00022721290588378906,
    "test_times": 0.00024437904357910156,
    "param_total_size": 0,
    "param_total_count": 0,
    "model_size": 21120
}