{
    "args": {
        "output": "finetune_outputs/openml-0.8/ftt-tuned/1590",
        "dataset": "1590",
        "task": "openml",
        "batch_size": 64,
        "early_stop": 16,
        "reduce_data": 0.8
    },
    "device": "NVIDIA GeForce RTX 3090",
    "best_eval_score": 0.9134644130159825,
    "final_test_score": 0.9089414083278679,
    "ev_metric": [
        0.8701723455086685,
        0.8816603426468899,
        0.8863976083707026,
        0.8943313786363114,
        0.9019610849207261,
        0.9088012469178388,
        0.9102474671981399,
        0.9126109897410345,
        0.9105106486272405,
        0.905724834872817,
        0.9127131961212679,
        0.90960356700267,
        0.9113742925402118,
        0.9121893884225724,
        0.9087910262798155,
        0.9134644130159825,
        0.9121255094349264,
        0.907564549717016,
        0.911949203429024,
        0.9101452608179065,
        0.9084588555440574,
        0.9082135602314975,
        0.9108274884059638,
        0.9039004509856527,
        0.9063431834732284,
        0.9027761808030866,
        0.89925517100405,
        0.9000523807698695,
        0.9047794258556591,
        0.9049199596284799,
        0.9025743232021258,
        0.899362487703295
    ],
    "test_metric": [
        0.8680662414583087,
        0.8796107191176273,
        0.886262916939947,
        0.8935019628657066,
        0.9008817292818506,
        0.9045629913105143,
        0.9044786216487837,
        0.9073323609821926,
        0.9065809920383777,
        0.9033784449440799,
        0.9087881429161647,
        0.9074863448255128,
        0.9067089465515614,
        0.9077255088687988,
        0.9080693244510132,
        0.9089414083278679,
        0.9075596985357774,
        0.9072145013542989,
        0.9068401247963616,
        0.905444009529277,
        0.9051408866507227,
        0.9044399000267405,
        0.903623798552069,
        0.89894732452013,
        0.9054820127197029,
        0.9016502116352174,
        0.901903652204233,
        0.8999261599667945,
        0.9024066464430006,
        0.903027131883192,
        0.9022349781290995,
        0.9002565648254849
    ],
    "tr_loss": [
        0.4449404458636823,
        0.36602037286628847,
        0.3515052346755629,
        0.3419573893365653,
        0.32943654967390973,
        0.32072561541977135,
        0.3212865239576153,
        0.31464090635595116,
        0.3108500747577004,
        0.3058658917636975,
        0.30759844102937245,
        0.30715277531872626,
        0.3036001975769582,
        0.30247460823992023,
        0.3024731981365577,
        0.30054535376636876,
        0.2967871487464594,
        0.2997110473073047,
        0.29859179404118785,
        0.2929826812899631,
        0.29738679560630216,
        0.2972204038954299,
        0.294855996966362,
        0.2930187393465768,
        0.29002292519030365,
        0.2898663569079793,
        0.2891516831258069,
        0.28716633744213893,
        0.288901111839906,
        0.29080050373854843,
        0.29053837141912914,
        0.2860126364166322
    ],
    "tr_times": 12.517741680145264,
    "ev_times": 0.0014057159423828125,
    "test_times": 0.014606952667236328,
    "param_total_size": 4099580,
    "param_total_count": 1024887,
    "model_size": 4128241
}