{
    "args": {
        "model": "mlp",
        "output": "finetune_outputs/binclass-0.8/mlp-tuned/train_2305_electricity_seed_1_nrows_2000_nclasses_10_ncols_100_stratify_True",
        "dataset": "train_2305_electricity_seed_1_nrows_2000_nclasses_10_ncols_100_stratify_True",
        "task": "binclass",
        "batch_size": 64,
        "early_stop": 16,
        "reduce_data": 0.8
    },
    "device": "NVIDIA GeForce RTX 3090",
    "best_eval_score": 0.8427734375,
    "final_test_score": 0.8302499999999999,
    "ev_metric": [
        0.65234375,
        0.57861328125,
        0.61767578125,
        0.6240234375,
        0.638671875,
        0.6572265625,
        0.7685546875,
        0.8388671875,
        0.8427734375,
        0.8173828125,
        0.7919921875,
        0.79296875,
        0.7900390625,
        0.787109375,
        0.779296875,
        0.76953125,
        0.7744140625,
        0.78515625,
        0.783203125,
        0.80859375,
        0.791015625,
        0.7666015625,
        0.755859375,
        0.7431640625,
        0.7470703125
    ],
    "test_metric": [
        0.77885,
        0.80385,
        0.813525,
        0.8194625,
        0.8278500000000001,
        0.8348,
        0.8481500000000001,
        0.8477499999999999,
        0.8302499999999999,
        0.832175,
        0.8450500000000001,
        0.838475,
        0.842425,
        0.8403249999999998,
        0.841,
        0.8491499999999998,
        0.8364999999999999,
        0.813675,
        0.814325,
        0.7973499999999999,
        0.8176749999999999,
        0.7987750000000001,
        0.7776749999999999,
        0.783625,
        0.8052625
    ],
    "tr_loss": [
        0.6945608705282211,
        0.693770706653595,
        0.6940222531557083,
        0.693199023604393,
        0.6921119093894958,
        0.6838399022817612,
        0.6633268594741821,
        0.617039680480957,
        0.5629781633615494,
        0.49975334852933884,
        0.5147483870387077,
        0.47368084639310837,
        0.4543144777417183,
        0.49455324560403824,
        0.45673538744449615,
        0.4312867075204849,
        0.4357328936457634,
        0.4030979126691818,
        0.3690800219774246,
        0.3761955425143242,
        0.34201275557279587,
        0.33421316742897034,
        0.33084897696971893,
        0.29506397992372513,
        0.3413992375135422
    ],
    "tr_times": 0.499955415725708,
    "ev_times": 0.00025343894958496094,
    "test_times": 0.0002627372741699219,
    "param_total_size": 9694804,
    "param_total_count": 2423700,
    "model_size": 9705485
}