{
    "args": {
        "model": "dcnv2",
        "output": "finetune_outputs/binclass-0.8/dcnv2-tuned/audit_risk",
        "dataset": "audit_risk",
        "task": "binclass",
        "batch_size": 64,
        "early_stop": 16,
        "reduce_data": 0.8
    },
    "device": "NVIDIA GeForce RTX 3090",
    "best_eval_score": 1.0,
    "final_test_score": 0.9917169974115617,
    "ev_metric": [
        0.9866666666666667,
        0.9933333333333334,
        0.9933333333333334,
        1.0,
        0.98,
        0.9600000000000001,
        0.9533333333333334,
        0.9600000000000001,
        0.9666666666666667,
        0.9666666666666667,
        0.9733333333333334,
        0.9733333333333334,
        0.9733333333333334,
        0.9733333333333334,
        0.9666666666666667,
        0.9666666666666667,
        0.96,
        0.96,
        0.96,
        0.96
    ],
    "test_metric": [
        0.9910267471958584,
        0.9929249352890424,
        0.9853321829163072,
        0.9917169974115617,
        0.9788610871440896,
        0.9735979292493527,
        0.9685073339085418,
        0.9825711820534945,
        0.9906816220880069,
        0.9925798101811907,
        0.993270060396894,
        0.9934426229508198,
        0.9934426229508198,
        0.9936151855047454,
        0.9936151855047455,
        0.9936151855047455,
        0.9936151855047454,
        0.9893874029335633,
        0.9891285591026747,
        0.9849870578084555
    ],
    "tr_loss": [
        0.6340031325817108,
        0.22659143805503845,
        0.06702722236514091,
        0.06616452615708113,
        0.04725000687176362,
        0.1416876555304043,
        0.011447041062638164,
        0.049428331665694714,
        0.007591331377625465,
        0.006770849926397204,
        0.0061293127946555614,
        0.0039232117851497605,
        0.0016540292417630553,
        0.0005950800878053997,
        0.00029832153086317703,
        3.484397257125238e-05,
        8.035029895836487e-05,
        4.162570166954538e-05,
        3.451959491940215e-05,
        1.6013716276574996e-05
    ],
    "tr_times": 0.3379690647125244,
    "ev_times": 0.0001742839813232422,
    "test_times": 0.00017762184143066406,
    "param_total_size": 1344684,
    "param_total_count": 336168,
    "model_size": 1353305
}