{
    "args": {
        "model": "dcnv2",
        "output": "finetune_outputs/binclass-0.8/dcnv2-tuned/trial",
        "dataset": "trial",
        "task": "binclass",
        "batch_size": 64,
        "early_stop": 16,
        "reduce_data": 0.8
    },
    "device": "NVIDIA GeForce RTX 3090",
    "best_eval_score": 1.0,
    "final_test_score": 1.0,
    "ev_metric": [
        0.9305555555555556,
        0.9861111111111112,
        1.0,
        1.0,
        1.0,
        1.0,
        1.0,
        1.0,
        1.0,
        1.0,
        1.0,
        1.0,
        1.0,
        1.0,
        1.0,
        1.0,
        1.0,
        0.96875,
        0.96875
    ],
    "test_metric": [
        0.9517945109078113,
        0.9831104855735399,
        1.0,
        1.0,
        1.0,
        1.0,
        0.9999999999999999,
        1.0,
        1.0,
        1.0,
        1.0,
        1.0,
        1.0,
        1.0,
        1.0,
        0.9999999999999999,
        1.0,
        1.0,
        1.0
    ],
    "tr_loss": [
        0.6161809265613556,
        0.3210594952106476,
        0.17878399416804314,
        0.026029094122350216,
        0.036960104131139815,
        0.0015539116284344345,
        0.014226305374620551,
        0.013831326737999916,
        2.2537680877121602e-07,
        1.6856756701599807e-07,
        5.3381628788429225e-06,
        0.06121581920888275,
        2.414246196735803e-06,
        0.003905783756636083,
        0.02411146368831396,
        0.000344956002663821,
        0.0151144294372898,
        0.00010972419210020234,
        0.014563326369170682
    ],
    "tr_times": 0.353318452835083,
    "ev_times": 0.00026226043701171875,
    "test_times": 0.0002543926239013672,
    "param_total_size": 10087920,
    "param_total_count": 2521970,
    "model_size": 10101137
}