{
    "args": {
        "model": "tv7.2",
        "output": "finetune_outputs/openml-0.8/tv7.2-tuned/6332",
        "dataset": "6332",
        "task": "openml",
        "batch_size": 64,
        "early_stop": 16,
        "reduce_data": 0.8
    },
    "device": "NVIDIA GeForce RTX 3090",
    "best_eval_score": 0.9571428571428571,
    "final_test_score": 0.6869095816464238,
    "ev_metric": [
        0.9,
        0.9,
        0.9285714285714285,
        0.9285714285714285,
        0.9285714285714285,
        0.9428571428571428,
        0.9428571428571428,
        0.9571428571428571,
        0.9571428571428571,
        0.9571428571428571,
        0.9571428571428571,
        0.9571428571428571,
        0.9571428571428571,
        0.9571428571428571,
        0.9571428571428571,
        0.9428571428571428,
        0.9428571428571428,
        0.9428571428571428,
        0.9428571428571428,
        0.9428571428571428,
        0.9428571428571428,
        0.9428571428571428,
        0.9428571428571428,
        0.9428571428571428
    ],
    "test_metric": [
        0.6639676113360324,
        0.6704903283850653,
        0.6754385964912281,
        0.6783625730994152,
        0.6810616284300496,
        0.6846603688708952,
        0.6869095816464238,
        0.6869095816464238,
        0.6878092667566352,
        0.689608636977058,
        0.6911830859199282,
        0.6916329284750338,
        0.691183085919928,
        0.6932073774179038,
        0.6941070625281152,
        0.696131354026091,
        0.6972559604138552,
        0.6968061178587495,
        0.697480881691408,
        0.697480881691408,
        0.6982681061628431,
        0.6997300944669366,
        0.7019793072424652,
        0.7033288349077823
    ],
    "tr_loss": [
        0.6873903870582581,
        0.6861079931259155,
        0.6847265958786011,
        0.6832454204559326,
        0.6816637516021729,
        0.6799817681312561,
        0.6781998872756958,
        0.6763192415237427,
        0.6743412017822266,
        0.6722674369812012,
        0.6701006889343262,
        0.6678434014320374,
        0.6654989123344421,
        0.6630709171295166,
        0.6605633497238159,
        0.657980740070343,
        0.6553279161453247,
        0.6526098251342773,
        0.6498317718505859,
        0.6469992995262146,
        0.644118070602417,
        0.6411938667297363,
        0.6382323503494263,
        0.6352392435073853
    ],
    "tr_times": 0.035132646560668945,
    "ev_times": 0.0002193450927734375,
    "test_times": 0.000240325927734375,
    "param_total_size": 6559736,
    "param_total_count": 1639915,
    "model_size": 6638301
}