{
    "metric": "roc_auc",
    "eval_score": 0.7359605911330049,
    "n_trial": 97,
    "dataset": "train_2390_airlines_seed_1_nrows_2000_nclasses_10_ncols_100_stratify_True",
    "model": {
        "booster": "gbtree",
        "n_estimators": 2000,
        "n_jobs": -1,
        "tree_method": "hist",
        "alpha": 2.4045131371901128e-05,
        "colsample_bylevel": 0.913383318365877,
        "colsample_bytree": 0.8615380281714694,
        "gamma": 3.2019186462147724e-08,
        "lambda": 2.942535669448129e-06,
        "learning_rate": 0.732762789992632,
        "max_depth": 6,
        "min_child_weight": 0.0004319071606240616,
        "subsample": 0.8473053248195471
    },
    "training": {
        "early_stopping_rounds": 20,
        "verbose": false
    }
}