{
    "args": {
        "model": "xgboost",
        "output": "finetune_outputs/openml-0.8/xgboost-tuned/29",
        "dataset": "29",
        "task": "openml",
        "reduce_data": 0.8
    },
    "device": "NVIDIA GeForce RTX 3090",
    "configs": {
        "metric": "roc_auc",
        "eval_score": 0.9675925925925927,
        "n_trial": 76,
        "dataset": "29",
        "model": {
            "booster": "gbtree",
            "n_estimators": 2000,
            "n_jobs": -1,
            "tree_method": "hist",
            "alpha": 1.8400348967295083e-06,
            "colsample_bylevel": 0.9293724596191497,
            "colsample_bytree": 0.5566168625898394,
            "gamma": 1.0762429773771334,
            "lambda": 0.009325512687031317,
            "learning_rate": 0.007778139797941719,
            "max_depth": 3,
            "min_child_weight": 2.189816832312505e-07,
            "subsample": 0.9995922411039646
        },
        "training": {
            "early_stopping_rounds": 20,
            "verbose": false,
            "eval_metric": "error"
        }
    },
    "best_eval_score": 0.9675925925925927,
    "final_test_score": 0.8645833333333331,
    "tr_times": 0.021768808364868164,
    "ev_times": 0.00024366378784179688,
    "test_times": 0.0003211498260498047,
    "param_total_size": 0,
    "param_total_count": 0,
    "model_size": 42478
}