{
    "args": {
        "output": "finetune_outputs/binclass-0.8/ftt-tuned/train_2393_airlines_seed_4_nrows_2000_nclasses_10_ncols_100_stratify_True",
        "dataset": "train_2393_airlines_seed_4_nrows_2000_nclasses_10_ncols_100_stratify_True",
        "task": "binclass",
        "batch_size": 64,
        "early_stop": 16,
        "reduce_data": 0.8
    },
    "device": "NVIDIA GeForce RTX 3090",
    "best_eval_score": 0.6285714285714286,
    "final_test_score": 0.5472466848871343,
    "ev_metric": [
        0.6275862068965518,
        0.6285714285714286,
        0.6236453201970443,
        0.6226600985221675,
        0.6246305418719212,
        0.619704433497537,
        0.6177339901477832,
        0.6157635467980296,
        0.6078817733990147,
        0.6088669950738916,
        0.6118226600985222,
        0.6118226600985222,
        0.6088669950738916,
        0.6098522167487685,
        0.6118226600985222,
        0.6187192118226601,
        0.6187192118226601,
        0.6167487684729064
    ],
    "test_metric": [
        0.5471201538617269,
        0.5472466848871343,
        0.5481324020649863,
        0.5494989371393866,
        0.548790363397105,
        0.5472972972972973,
        0.5459813746330601,
        0.5442858588926005,
        0.5418058507946149,
        0.5416793197692074,
        0.542489118331815,
        0.5444630023281709,
        0.5458548436076527,
        0.5468417856058305,
        0.5479805648344974,
        0.5489675068326754,
        0.5488156696021864,
        0.5493724061139791
    ],
    "tr_loss": [
        0.7218333333730698,
        0.7053617835044861,
        0.7202347368001938,
        0.7196110934019089,
        0.7286194413900375,
        0.6989731937646866,
        0.6923629641532898,
        0.7079871147871017,
        0.7036097347736359,
        0.6894052773714066,
        0.702384278178215,
        0.7057266533374786,
        0.7014360278844833,
        0.696656122803688,
        0.7013272643089294,
        0.693958505988121,
        0.6928535252809525,
        0.7110719084739685
    ],
    "tr_times": 0.5985522270202637,
    "ev_times": 0.0007011890411376953,
    "test_times": 0.0007014274597167969,
    "param_total_size": 900772,
    "param_total_count": 225192,
    "model_size": 928369
}