{
    "args": {
        "model": "tv7.2",
        "output": "finetune_outputs/binclass-0.8/tv7.2-tuned/train_2392_airlines_seed_3_nrows_2000_nclasses_10_ncols_100_stratify_True",
        "dataset": "train_2392_airlines_seed_3_nrows_2000_nclasses_10_ncols_100_stratify_True",
        "task": "binclass",
        "batch_size": 64,
        "early_stop": 16,
        "reduce_data": 0.8
    },
    "device": "NVIDIA GeForce RTX 3090",
    "best_eval_score": 0.6866995073891625,
    "final_test_score": 0.5910770320882681,
    "ev_metric": [
        0.6866995073891625,
        0.6857142857142857,
        0.6857142857142857,
        0.6817733990147784,
        0.6788177339901478,
        0.677832512315271,
        0.6768472906403941,
        0.6768472906403941,
        0.6758620689655171,
        0.6768472906403941,
        0.6798029556650246,
        0.6807881773399015,
        0.6798029556650246,
        0.6807881773399015,
        0.6807881773399015,
        0.6788177339901478,
        0.6788177339901478
    ],
    "test_metric": [
        0.5910770320882681,
        0.5916337686000608,
        0.5918868306508756,
        0.5922158113169349,
        0.5924688733677498,
        0.5923676485474239,
        0.5929749974693795,
        0.5930129567770017,
        0.5933798967506833,
        0.5932786719303573,
        0.593101528494787,
        0.5935064277760906,
        0.593632958801498,
        0.5937088774167426,
        0.5938227553396094,
        0.5940631642878834,
        0.5941896953132908
    ],
    "tr_loss": [
        0.6906599551439285,
        0.6905819773674011,
        0.6904958486557007,
        0.6904351264238358,
        0.6903556436300278,
        0.6902911961078644,
        0.6902049779891968,
        0.6901297867298126,
        0.6900503039360046,
        0.689988449215889,
        0.689891129732132,
        0.6898232996463776,
        0.68974769115448,
        0.6896584928035736,
        0.6895830631256104,
        0.6895010620355606,
        0.6894218921661377
    ],
    "tr_times": 0.08693218231201172,
    "ev_times": 0.00019478797912597656,
    "test_times": 0.00026488304138183594,
    "param_total_size": 370424,
    "param_total_count": 92605,
    "model_size": 475165
}