{
    "args": {
        "output": "finetune_outputs/binclass-0.0/ftt-tuned/train_0472_analcatdata_marketing",
        "dataset": "train_0472_analcatdata_marketing",
        "task": "binclass",
        "batch_size": 64,
        "early_stop": 16,
        "reduce_data": 0.0
    },
    "device": "NVIDIA GeForce RTX 3090",
    "best_eval_score": 0.5973684210526315,
    "final_test_score": 0.511304347826087,
    "ev_metric": [
        0.4710526315789474,
        0.47500000000000003,
        0.4973684210526315,
        0.5026315789473683,
        0.5078947368421053,
        0.519736842105263,
        0.5486842105263158,
        0.5539473684210525,
        0.5815789473684211,
        0.5789473684210527,
        0.5710526315789473,
        0.5789473684210527,
        0.5802631578947368,
        0.5894736842105263,
        0.5907894736842105,
        0.5894736842105264,
        0.5973684210526315,
        0.5855263157894737,
        0.5815789473684211,
        0.5868421052631578,
        0.5802631578947368,
        0.5631578947368421,
        0.5605263157894738,
        0.5460526315789473,
        0.5421052631578946,
        0.5421052631578946,
        0.5473684210526315,
        0.5578947368421052,
        0.575,
        0.581578947368421,
        0.5671052631578947,
        0.5684210526315789,
        0.5592105263157895
    ],
    "test_metric": [
        0.4582608695652174,
        0.5034782608695652,
        0.48173913043478267,
        0.46869565217391307,
        0.4834782608695652,
        0.48,
        0.48,
        0.4956521739130435,
        0.5017391304347826,
        0.5078260869565218,
        0.5095652173913043,
        0.49826086956521737,
        0.49565217391304345,
        0.4973913043478261,
        0.5,
        0.5026086956521739,
        0.511304347826087,
        0.5234782608695653,
        0.5147826086956522,
        0.5226086956521739,
        0.528695652173913,
        0.54,
        0.5373913043478261,
        0.5339130434782609,
        0.5382608695652175,
        0.5391304347826087,
        0.5469565217391305,
        0.537391304347826,
        0.5304347826086957,
        0.5147826086956522,
        0.5165217391304348,
        0.5156521739130435,
        0.5330434782608695
    ],
    "tr_loss": [
        0.6556251049041748,
        0.6421290785074234,
        0.6284781098365784,
        0.6310865730047226,
        0.6067123115062714,
        0.6258931905031204,
        0.6114504784345627,
        0.6152287274599075,
        0.6169968545436859,
        0.6175290644168854,
        0.603378102183342,
        0.6076631247997284,
        0.6059167832136154,
        0.6024466305971146,
        0.5960227102041245,
        0.5916491746902466,
        0.6065213978290558,
        0.5889207273721695,
        0.5842352360486984,
        0.5674509108066559,
        0.584398552775383,
        0.5579397529363632,
        0.5606186389923096,
        0.561750054359436,
        0.5424490720033646,
        0.5335154607892036,
        0.5092508122324944,
        0.5208403691649437,
        0.5679156184196472,
        0.5116255283355713,
        0.5208992585539818,
        0.4685163050889969,
        0.49280068278312683
    ]
}