{
    "args": {
        "model": "tv7.2",
        "output": "finetune_outputs/binclass-0.8/tv7.2-tuned/train_1692_Gender-Classification-Dataset",
        "dataset": "train_1692_Gender-Classification-Dataset",
        "task": "binclass",
        "batch_size": 64,
        "early_stop": 16,
        "reduce_data": 0.8
    },
    "device": "NVIDIA GeForce RTX 3090",
    "best_eval_score": 0.9959374999999999,
    "final_test_score": 0.9982774451097803,
    "ev_metric": [
        0.9940625000000001,
        0.9946875,
        0.9950000000000001,
        0.99546875,
        0.995625,
        0.9959374999999999,
        0.995625,
        0.9954687499999999,
        0.9954687499999999,
        0.9954687499999999,
        0.9954687499999999,
        0.9954687499999999,
        0.9954687499999999,
        0.9954687499999999,
        0.99515625,
        0.99515625,
        0.99515625,
        0.99515625,
        0.995,
        0.995,
        0.995,
        0.995
    ],
    "test_metric": [
        0.9982694610778443,
        0.9983373253493014,
        0.9983652694610777,
        0.9983772455089819,
        0.998313373253493,
        0.9982774451097803,
        0.99825748502994,
        0.9982335329341318,
        0.9981856287425149,
        0.9981616766467066,
        0.9981337325349302,
        0.9981137724550898,
        0.9980858283433134,
        0.9980419161676647,
        0.9980219560878243,
        0.9979940119760478,
        0.9979820359281438,
        0.9979660678642714,
        0.9979221556886227,
        0.997878243512974,
        0.9978383233532935,
        0.9978143712574851
    ],
    "tr_loss": [
        0.6577112972736359,
        0.6461247682571412,
        0.6331712126731872,
        0.6189141571521759,
        0.6041437983512878,
        0.5892839968204499,
        0.5748674154281617,
        0.5611500322818757,
        0.5483995199203491,
        0.5366987645626068,
        0.5259738385677337,
        0.5164912015199661,
        0.5079858869314193,
        0.500392758846283,
        0.4936529159545898,
        0.4876785844564438,
        0.4824000358581543,
        0.4777309477329254,
        0.473544180393219,
        0.4698423117399216,
        0.46648008823394777,
        0.4634789764881134
    ],
    "tr_times": 0.25714850425720215,
    "ev_times": 0.00022745132446289062,
    "test_times": 0.0003342628479003906,
    "param_total_size": 1360580,
    "param_total_count": 340140,
    "model_size": 1470557
}