{
    "metric": "roc_auc",
    "eval_score": 0.9184941520467838,
    "n_trial": 31,
    "dataset": "1489",
    "model": {
        "stacked": false,
        "cross_dropout": 0.263840991717372,
        "d": 255,
        "hidden_dropout": 0.02063774948194238,
        "n_cross_layers": 5,
        "n_hidden_layers": 3
    },
    "training": {
        "batch_size": 64,
        "eval_batch_size": 64,
        "optimizer": "adamw",
        "lr": 0.008733859599750699,
        "weight_decay": 0.00014882240582278386
    }
}