{
    "args": {
        "model": "mlp",
        "output": "finetune_outputs/openml-0.8/mlp-tuned/1480",
        "dataset": "1480",
        "task": "openml",
        "batch_size": 64,
        "early_stop": 16,
        "reduce_data": 0.8
    },
    "device": "NVIDIA GeForce RTX 3090",
    "best_eval_score": 0.6538461538461539,
    "final_test_score": 0.47916666666666674,
    "ev_metric": [
        0.5615384615384615,
        0.523076923076923,
        0.6153846153846154,
        0.6307692307692307,
        0.5076923076923077,
        0.5769230769230769,
        0.6538461538461539,
        0.5,
        0.5076923076923077,
        0.5153846153846153,
        0.5384615384615384,
        0.5153846153846153,
        0.5769230769230769,
        0.5769230769230769,
        0.4230769230769231,
        0.4615384615384615,
        0.5384615384615384,
        0.5307692307692308,
        0.49230769230769234,
        0.5846153846153846,
        0.5153846153846154,
        0.5307692307692308,
        0.5923076923076923
    ],
    "test_metric": [
        0.5281593406593407,
        0.5093864468864469,
        0.5123626373626373,
        0.49313186813186816,
        0.4175824175824175,
        0.4906135531135531,
        0.47916666666666674,
        0.49038461538461536,
        0.3592032967032967,
        0.48557692307692313,
        0.4674908424908425,
        0.5032051282051282,
        0.49416208791208793,
        0.43887362637362637,
        0.3778617216117216,
        0.41620879120879123,
        0.41952838827838823,
        0.3942307692307692,
        0.32978479853479853,
        0.36847527472527475,
        0.4233058608058608,
        0.4056776556776557,
        0.4301739926739927
    ],
    "tr_loss": [
        0.692531019449234,
        0.6882699728012085,
        0.6876187920570374,
        0.6871308088302612,
        0.685248851776123,
        0.6770429015159607,
        0.6758720874786377,
        0.679680198431015,
        0.668583482503891,
        0.6680366396903992,
        0.6836899220943451,
        0.6641584634780884,
        0.6475617289543152,
        0.6434331834316254,
        0.6523916125297546,
        0.657841145992279,
        0.685601681470871,
        0.6678239703178406,
        0.669461578130722,
        0.6397603452205658,
        0.6639720797538757,
        0.7006565928459167,
        0.6640827655792236
    ],
    "tr_times": 0.4008767604827881,
    "ev_times": 0.00023651123046875,
    "test_times": 0.0002560615539550781,
    "param_total_size": 3684408,
    "param_total_count": 921101,
    "model_size": 3697735
}