{
    "args": {
        "model": "xgboost",
        "output": "finetune_outputs/binclass-0.8/xgboost-tuned/train_0356_delta_elevators",
        "dataset": "train_0356_delta_elevators",
        "task": "binclass",
        "reduce_data": 0.8
    },
    "device": "NVIDIA GeForce RTX 3090",
    "configs": {
        "metric": "roc_auc",
        "eval_score": 0.962719298245614,
        "n_trial": 68,
        "dataset": "train_0356_delta_elevators",
        "model": {
            "booster": "gbtree",
            "n_estimators": 2000,
            "n_jobs": -1,
            "tree_method": "hist",
            "alpha": 3.191878811208194e-05,
            "colsample_bylevel": 0.9806950856894225,
            "colsample_bytree": 0.7722332119780027,
            "gamma": 1.3248458032088954,
            "lambda": 5.501821015976556e-07,
            "learning_rate": 0.000671751608400232,
            "max_depth": 10,
            "min_child_weight": 1.390697276753604e-08,
            "subsample": 0.8409239523514159
        },
        "training": {
            "early_stopping_rounds": 20,
            "verbose": false,
            "eval_metric": "error"
        }
    },
    "best_eval_score": 0.962719298245614,
    "final_test_score": 0.9380152248921138,
    "tr_times": 0.0851132869720459,
    "ev_times": 0.0003781318664550781,
    "test_times": 0.00041484832763671875,
    "param_total_size": 0,
    "param_total_count": 0,
    "model_size": 629926
}