{
    "args": {
        "model": "tv7.2",
        "output": "finetune_outputs/binclass-0.8/tv7.2-tuned/train_0445_arsenic-male-bladder",
        "dataset": "train_0445_arsenic-male-bladder",
        "task": "binclass",
        "batch_size": 64,
        "early_stop": 16,
        "reduce_data": 0.8
    },
    "device": "NVIDIA GeForce RTX 3090",
    "best_eval_score": 1.0,
    "final_test_score": 0.6598130841121496,
    "ev_metric": [
        1.0,
        1.0,
        1.0,
        1.0,
        1.0,
        1.0,
        1.0,
        1.0,
        1.0,
        1.0,
        1.0,
        1.0,
        1.0,
        1.0,
        1.0,
        1.0,
        1.0
    ],
    "test_metric": [
        0.6598130841121496,
        0.6598130841121496,
        0.6598130841121496,
        0.6579439252336449,
        0.6598130841121496,
        0.6616822429906543,
        0.663551401869159,
        0.6616822429906543,
        0.6635514018691588,
        0.6635514018691588,
        0.6616822429906541,
        0.6616822429906541,
        0.6598130841121496,
        0.6598130841121496,
        0.6616822429906543,
        0.6598130841121496,
        0.6598130841121496
    ],
    "tr_loss": [
        0.6708694398403168,
        0.6730368435382843,
        0.6632613837718964,
        0.6692667305469513,
        0.6608037352561951,
        0.6591527163982391,
        0.6567027568817139,
        0.6598981618881226,
        0.6570574939250946,
        0.6516295373439789,
        0.6536940336227417,
        0.6499121189117432,
        0.6497398316860199,
        0.6453642547130585,
        0.6520736813545227,
        0.6408849954605103,
        0.6461678743362427
    ],
    "tr_times": 1.8449008464813232,
    "ev_times": 0.0002067089080810547,
    "test_times": 0.00036907196044921875,
    "param_total_size": 82388,
    "param_total_count": 20597,
    "model_size": 125023
}