{
    "args": {
        "model": "tv7.4",
        "output": "finetune_outputs/binclass-0.8/tv7.4-tuned/train_0406_visualizing_environmental",
        "dataset": "train_0406_visualizing_environmental",
        "task": "binclass",
        "batch_size": 64,
        "early_stop": 16,
        "reduce_data": 0.8
    },
    "device": "NVIDIA GeForce RTX 3090",
    "best_eval_score": 0.5,
    "final_test_score": 0.7424242424242424,
    "ev_metric": [
        0.5,
        0.5,
        0.5,
        0.5,
        0.5,
        0.5,
        0.5,
        0.5,
        0.5,
        0.5,
        0.5,
        0.5,
        0.5,
        0.5,
        0.5,
        0.5,
        0.5
    ],
    "test_metric": [
        0.7424242424242424,
        0.7424242424242424,
        0.7424242424242424,
        0.7424242424242424,
        0.7348484848484849,
        0.7348484848484849,
        0.7348484848484849,
        0.7348484848484849,
        0.7348484848484849,
        0.7348484848484849,
        0.7272727272727273,
        0.7272727272727273,
        0.7272727272727273,
        0.7272727272727273,
        0.7272727272727273,
        0.7272727272727273,
        0.7272727272727273
    ],
    "tr_loss": [
        0.630937397480011,
        0.6306678652763367,
        0.6303985714912415,
        0.6301300525665283,
        0.6298640966415405,
        0.6295998692512512,
        0.6293375492095947,
        0.6290773153305054,
        0.6288201808929443,
        0.6285648941993713,
        0.628309428691864,
        0.6280528903007507,
        0.6277966499328613,
        0.6275425553321838,
        0.6272892355918884,
        0.6270351409912109,
        0.6267814040184021
    ],
    "tr_times": 0.5844035148620605,
    "ev_times": 0.00018644332885742188,
    "test_times": 0.00020384788513183594,
    "param_total_size": 14996,
    "param_total_count": 3749,
    "model_size": 25439
}