{
    "args": {
        "output": "finetune_outputs/binclass-0.8/ftt-tuned/train_0948_Ishwar",
        "dataset": "train_0948_Ishwar",
        "task": "binclass",
        "batch_size": 64,
        "early_stop": 16,
        "reduce_data": 0.8
    },
    "device": "NVIDIA GeForce RTX 3090",
    "best_eval_score": 0.9929078014184397,
    "final_test_score": 0.9574788764558118,
    "ev_metric": [
        0.9086879432624113,
        0.9716312056737588,
        0.9831560283687943,
        0.9929078014184397,
        0.9884751773049645,
        0.9884751773049646,
        0.9893617021276596,
        0.9884751773049646,
        0.9893617021276596,
        0.9893617021276596,
        0.9884751773049646,
        0.9884751773049646,
        0.9884751773049646,
        0.9840425531914894,
        0.9840425531914894,
        0.9849290780141844,
        0.9911347517730497,
        0.9902482269503545,
        0.9920212765957447,
        0.9884751773049646
    ],
    "test_metric": [
        0.886617949303494,
        0.9629824160767299,
        0.9531171500342545,
        0.9574788764558118,
        0.9666818908426581,
        0.9701530029687142,
        0.9616807490294588,
        0.9600822105503538,
        0.9634391413564742,
        0.9751541447819136,
        0.9662480018269011,
        0.9641927380680522,
        0.9652203699474766,
        0.9670929435944281,
        0.9675953414021466,
        0.9728020095912309,
        0.9778488239324047,
        0.9769810459008906,
        0.9685544644896096,
        0.9652203699474766
    ],
    "tr_loss": [
        0.5497362852096558,
        0.3654462605714798,
        0.2642532974481583,
        0.21949743032455443,
        0.19411258697509765,
        0.2011048436164856,
        0.2000596582889557,
        0.15755241960287095,
        0.14547509998083114,
        0.12934808433055878,
        0.1357329912483692,
        0.1197117656469345,
        0.13929849117994308,
        0.12670750468969344,
        0.09940132945775985,
        0.0921135451644659,
        0.08764912635087967,
        0.1205556970089674,
        0.12321507036685944,
        0.1197308987379074
    ],
    "tr_times": 0.7702877521514893,
    "ev_times": 0.0007493495941162109,
    "test_times": 0.0008258819580078125,
    "param_total_size": 7580196,
    "param_total_count": 1895045,
    "model_size": 7607921
}