{
    "args": {
        "output": "finetune_outputs/openml-0.8/ftt-tuned/4534",
        "dataset": "4534",
        "task": "openml",
        "batch_size": 64,
        "early_stop": 16,
        "reduce_data": 0.8
    },
    "device": "NVIDIA GeForce RTX 3090",
    "best_eval_score": 0.9870932156646443,
    "final_test_score": 0.9875599050536393,
    "ev_metric": [
        0.961831218974076,
        0.9713550284978856,
        0.9733774590917448,
        0.9732303732303732,
        0.9728994300422872,
        0.9719801434087149,
        0.9758043758043758,
        0.9793712079426367,
        0.9826438683581542,
        0.9807685236256665,
        0.9829012686155543,
        0.984077955506527,
        0.9800330943188086,
        0.983011583011583,
        0.9829012686155543,
        0.9821842250413678,
        0.984739841882699,
        0.9841147269718699,
        0.9829012686155544,
        0.9839308696451554,
        0.9830851259422688,
        0.9870932156646443,
        0.9837102408530981,
        0.9825887111601397,
        0.9852546423974996,
        0.9796286082000367,
        0.98005148005148,
        0.9801250229821659
    ],
    "test_metric": [
        0.968604447627004,
        0.9816329182745223,
        0.9806309424354538,
        0.9824773574147008,
        0.9836489371577091,
        0.98194586996592,
        0.9854645873944119,
        0.9863311718449563,
        0.9861007014891726,
        0.986860007160759,
        0.9863293153518717,
        0.9877365371099708,
        0.9858679768203578,
        0.9872163212263463,
        0.9874962538621687,
        0.9868061688613067,
        0.9866681253398044,
        0.9876445080956359,
        0.9852729707867551,
        0.986761878240575,
        0.9876402646828711,
        0.9875599050536393,
        0.9870069353277373,
        0.9872299797111826,
        0.986416835740144,
        0.9852445929638913,
        0.9854551723223403,
        0.9855668271207118
    ],
    "tr_loss": [
        0.48267320153259097,
        0.24687538260505312,
        0.21369710635571254,
        0.19779999057451883,
        0.18565876604545684,
        0.16804319939443044,
        0.16475537490277065,
        0.16070441334020524,
        0.1532571120631127,
        0.13893921957129524,
        0.1454535974633126,
        0.13017808149258295,
        0.12815568099419275,
        0.13906998045387722,
        0.12438981128590447,
        0.11468438023612612,
        0.11162807827904112,
        0.11672310673055195,
        0.11186312724437032,
        0.12090599536895752,
        0.10763817085396676,
        0.10548377161224683,
        0.1179521174303123,
        0.10917102439062935,
        0.10055322412933622,
        0.09959678848584493,
        0.10362462752631732,
        0.10436359988082022
    ],
    "tr_times": 0,
    "ev_times": 0,
    "test_times": 0,
    "param_total_size": 0,
    "param_total_count": 0,
    "model_size": 0
}