{
    "metric": "roc_auc",
    "eval_score": 0.8466796875,
    "n_trial": 34,
    "dataset": "train_2304_electricity_seed_0_nrows_2000_nclasses_10_ncols_100_stratify_True",
    "model": {
        "attention_dropout": 0.19548956156421962,
        "d_ffn_factor": 2.5121402168879423,
        "d_token": 200,
        "ffn_dropout": 0.4445070929867754,
        "n_blocks": 2,
        "residual_dropout": 0.4374632010221765
    },
    "training": {
        "batch_size": 64,
        "eval_batch_size": 128,
        "optimizer": "adamw",
        "lr": 3.0603956566144266e-05,
        "weight_decay": 5.5321754236395285e-05
    }
}