{
    "args": {
        "output": "finetune_outputs/binclass-0.0/ftt-tuned/train_1600_VulNoneVul",
        "dataset": "train_1600_VulNoneVul",
        "task": "binclass",
        "batch_size": 64,
        "early_stop": 16,
        "reduce_data": 0.0
    },
    "device": "NVIDIA GeForce RTX 3090",
    "best_eval_score": 0.8672480620155039,
    "final_test_score": 0.811411992263056,
    "ev_metric": [
        0.23131229235880396,
        0.7407253599114064,
        0.7890365448504983,
        0.8179678848283499,
        0.834717607973422,
        0.823920265780731,
        0.8362403100775194,
        0.8520210409745294,
        0.8480066445182725,
        0.8448228128460686,
        0.862264673311185,
        0.8514673311184939,
        0.8607419712070875,
        0.8520210409745294,
        0.8665559246954595,
        0.8672480620155039,
        0.8647563676633444,
        0.8665559246954596,
        0.8615725359911406,
        0.8586655592469545,
        0.8596345514950167,
        0.8552048726467332,
        0.8571428571428572,
        0.8579734219269103,
        0.8571428571428572,
        0.8583194905869325,
        0.8576965669988925,
        0.8581118493909192,
        0.8574197120708748,
        0.857281284606866,
        0.8528516057585825
    ],
    "test_metric": [
        0.5304642166344293,
        0.6740006447453256,
        0.6270148291424887,
        0.697856221792392,
        0.7015635074145712,
        0.7059558349451966,
        0.7332366215344939,
        0.7882817537072856,
        0.7807865892972276,
        0.7865087040618955,
        0.7993230174081238,
        0.8000483558994197,
        0.8033526756931012,
        0.8013378465506125,
        0.8060122501611863,
        0.811411992263056,
        0.8127014829142488,
        0.8139103803997421,
        0.8102836879432624,
        0.8127014829142489,
        0.8099613152804642,
        0.8093971631205674,
        0.8110896196002579,
        0.8117343649258543,
        0.8122985170857511,
        0.8110090264345584,
        0.8106866537717601,
        0.810525467440361,
        0.8109284332688589,
        0.8106060606060606,
        0.8025467440361057
    ],
    "tr_loss": [
        0.4940242788247895,
        0.24136683161844286,
        0.15082032024337536,
        0.11096157172792837,
        0.09133887447808918,
        0.0813376374804137,
        0.0747144369964014,
        0.07060699171402998,
        0.06757976519956924,
        0.06342610759301144,
        0.06220352525512377,
        0.06037064556751335,
        0.059805568111570256,
        0.05832027137410222,
        0.05832203310963355,
        0.05728139398260075,
        0.05606760195734208,
        0.05667372015223168,
        0.055795557829633094,
        0.05540678519428822,
        0.05418898903748445,
        0.05503266026968496,
        0.054137002905471285,
        0.05415145657433752,
        0.05326687080556886,
        0.05272418575916897,
        0.05201982352229064,
        0.05078692500593893,
        0.05010792792758398,
        0.04952596206414072,
        0.04900961937872987
    ]
}