{
    "args": {
        "model": "tv7.4",
        "output": "finetune_outputs/binclass-0.8/tv7.4-tuned/train_0446_newton_hema",
        "dataset": "train_0446_newton_hema",
        "task": "binclass",
        "batch_size": 64,
        "early_stop": 16,
        "reduce_data": 0.8
    },
    "device": "NVIDIA GeForce RTX 3090",
    "best_eval_score": 1.0,
    "final_test_score": 0.42346938775510207,
    "ev_metric": [
        1.0,
        1.0,
        1.0,
        1.0,
        1.0,
        1.0,
        1.0,
        1.0,
        1.0,
        1.0,
        1.0,
        1.0,
        1.0,
        1.0,
        1.0,
        1.0,
        1.0
    ],
    "test_metric": [
        0.42346938775510207,
        0.42346938775510207,
        0.42346938775510207,
        0.42346938775510207,
        0.42346938775510207,
        0.42346938775510207,
        0.42346938775510207,
        0.42346938775510207,
        0.42346938775510207,
        0.42346938775510207,
        0.42346938775510207,
        0.42346938775510207,
        0.42346938775510207,
        0.42346938775510207,
        0.42346938775510207,
        0.42346938775510207,
        0.42346938775510207
    ],
    "tr_loss": [
        0.6777589321136475,
        0.6777379512786865,
        0.6777169704437256,
        0.6776959896087646,
        0.6776750087738037,
        0.677653968334198,
        0.6776329278945923,
        0.6776118874549866,
        0.6775907874107361,
        0.6775696873664856,
        0.6775484681129456,
        0.6775273084640503,
        0.677506148815155,
        0.6774849891662598,
        0.6774637699127197,
        0.6774424314498901,
        0.6774211525917053
    ],
    "tr_times": 0.023461580276489258,
    "ev_times": 0.0002257823944091797,
    "test_times": 0.0002636909484863281,
    "param_total_size": 10180,
    "param_total_count": 2544,
    "model_size": 15453
}