{
    "args": {
        "output": "finetune_outputs/binclass-0.0/ftt-tuned/train_1408_national-longitudinal-survey-binary",
        "dataset": "train_1408_national-longitudinal-survey-binary",
        "task": "binclass",
        "batch_size": 64,
        "early_stop": 16,
        "reduce_data": 0.0
    },
    "device": "NVIDIA GeForce RTX 3090",
    "best_eval_score": 1.0,
    "final_test_score": 0.9999735310855342,
    "ev_metric": [
        0.9837502495989204,
        0.9993665351538563,
        0.9979825521747813,
        0.9999931145125419,
        1.0,
        1.0,
        0.9982992845978531,
        0.9995042449030179,
        1.0,
        1.0,
        1.0,
        0.9998691757382964,
        1.0,
        1.0,
        1.0,
        1.0,
        1.0,
        1.0,
        1.0
    ],
    "test_metric": [
        0.9813526497589123,
        0.9999161817708586,
        0.9984074536463136,
        0.9999823540570228,
        0.9999735310855342,
        0.9999867655427672,
        0.9969119599790013,
        0.9998367750274615,
        1.0,
        0.9999955885142557,
        1.0,
        0.9993382771383574,
        1.0,
        1.0,
        1.0,
        0.9999955885142556,
        1.0,
        0.9999955885142556,
        0.9999955885142556
    ],
    "tr_loss": [
        0.5732339495420455,
        0.2416422660648823,
        0.10344360753893853,
        0.07934594698250294,
        0.053348949328064915,
        0.04451160751283169,
        0.04338064171373844,
        0.03487750064581632,
        0.04057652015239,
        0.03473171940073371,
        0.023502140790224075,
        0.022432333659380674,
        0.02361724343150854,
        0.02260143432766199,
        0.021791754756122828,
        0.020234058815985917,
        0.020176917370408772,
        0.017607954125851394,
        0.017936509931460023
    ]
}