{
    "args": {
        "output": "finetune_outputs/binclass-0.8/ftt-tuned/train_0424_autoPrice",
        "dataset": "train_0424_autoPrice",
        "task": "binclass",
        "batch_size": 64,
        "early_stop": 16,
        "reduce_data": 0.8
    },
    "device": "NVIDIA GeForce RTX 3090",
    "best_eval_score": 1.0,
    "final_test_score": 0.7705627705627706,
    "ev_metric": [
        1.0,
        1.0,
        1.0,
        1.0,
        1.0,
        1.0,
        1.0,
        1.0,
        1.0,
        1.0,
        1.0,
        1.0,
        1.0,
        1.0,
        1.0,
        1.0,
        1.0
    ],
    "test_metric": [
        0.7705627705627706,
        0.8398268398268398,
        0.8787878787878788,
        0.9090909090909091,
        0.9134199134199135,
        0.9090909090909091,
        0.9090909090909091,
        0.9090909090909091,
        0.9004329004329005,
        0.9134199134199135,
        0.922077922077922,
        0.922077922077922,
        0.935064935064935,
        0.935064935064935,
        0.9393939393939393,
        0.9437229437229436,
        0.9567099567099566
    ],
    "tr_loss": [
        0.6964695453643799,
        0.7304641604423523,
        0.666913628578186,
        0.6585299372673035,
        0.6829180717468262,
        0.6910021901130676,
        0.6157615780830383,
        0.6150968074798584,
        0.6870631575584412,
        0.6313294768333435,
        0.63050377368927,
        0.6031950116157532,
        0.6389001607894897,
        0.5916599631309509,
        0.599694550037384,
        0.6211029291152954,
        0.6052826046943665
    ],
    "tr_times": 0.3764302730560303,
    "ev_times": 0.0008482933044433594,
    "test_times": 0.0008907318115234375,
    "param_total_size": 645524,
    "param_total_count": 161381,
    "model_size": 672564
}