{
    "args": {
        "model": "tv7.2",
        "output": "finetune_outputs/binclass-0.8/tv7.2-tuned/train_0124_analcatdata_impeach",
        "dataset": "train_0124_analcatdata_impeach",
        "task": "binclass",
        "batch_size": 64,
        "early_stop": 16,
        "reduce_data": 0.8
    },
    "device": "NVIDIA GeForce RTX 3090",
    "best_eval_score": 0.6666666666666667,
    "final_test_score": 0.8541666666666666,
    "ev_metric": [
        0.6666666666666667,
        0.6666666666666667,
        0.6666666666666667,
        0.6666666666666667,
        0.6666666666666667,
        0.6666666666666667,
        0.6666666666666667,
        0.6666666666666667,
        0.6666666666666667,
        0.6666666666666667,
        0.6666666666666667,
        0.6666666666666667,
        0.6666666666666667,
        0.6666666666666667,
        0.6666666666666667,
        0.6666666666666667,
        0.6666666666666667
    ],
    "test_metric": [
        0.8541666666666666,
        0.8541666666666666,
        0.8541666666666666,
        0.8541666666666666,
        0.8541666666666666,
        0.8541666666666666,
        0.8541666666666666,
        0.8541666666666666,
        0.8541666666666666,
        0.8541666666666666,
        0.8541666666666666,
        0.8541666666666666,
        0.84375,
        0.84375,
        0.84375,
        0.84375,
        0.84375
    ],
    "tr_loss": [
        0.6637483239173889,
        0.6630740165710449,
        0.6623914837837219,
        0.661700963973999,
        0.6610024571418762,
        0.6602965593338013,
        0.6595834493637085,
        0.6588635444641113,
        0.6581369638442993,
        0.6574041247367859,
        0.6566652655601501,
        0.6559205651283264,
        0.6551705002784729,
        0.6544151902198792,
        0.6536550521850586,
        0.6528902649879456,
        0.6521211862564087
    ],
    "tr_times": 1.7023789882659912,
    "ev_times": 0.0002086162567138672,
    "test_times": 0.00022721290588378906,
    "param_total_size": 1169900,
    "param_total_count": 292469,
    "model_size": 1188253
}