{
    "args": {
        "output": "finetune_outputs/binclass-0.8/ftt-tuned/audit_risk",
        "dataset": "audit_risk",
        "task": "binclass",
        "batch_size": 64,
        "early_stop": 16,
        "reduce_data": 0.8
    },
    "device": "NVIDIA GeForce RTX 3090",
    "best_eval_score": 1.0,
    "final_test_score": 0.9994823123382226,
    "ev_metric": [
        0.9666666666666668,
        0.98,
        0.98,
        0.98,
        0.9866666666666667,
        0.9866666666666667,
        0.9866666666666667,
        0.9866666666666667,
        0.9866666666666667,
        0.9933333333333334,
        0.9933333333333334,
        0.9933333333333334,
        0.9933333333333334,
        1.0,
        1.0,
        1.0,
        1.0,
        1.0,
        1.0,
        1.0,
        1.0,
        1.0,
        1.0,
        1.0,
        1.0,
        1.0,
        0.9933333333333334,
        0.9933333333333334,
        0.9933333333333334,
        0.9933333333333334
    ],
    "test_metric": [
        0.9668679896462468,
        0.9920621225194133,
        0.9946505608283003,
        0.9955133735979292,
        0.9955133735979292,
        0.995685936151855,
        0.9960310612597066,
        0.9962036238136325,
        0.9963761863675583,
        0.9975841242450387,
        0.9982743744607421,
        0.9987920621225194,
        0.9994823123382226,
        0.9994823123382226,
        0.9991371872303709,
        0.9981018119068162,
        0.9967213114754099,
        0.9951682484900777,
        0.9951682484900777,
        0.9955133735979294,
        0.9972389991371873,
        0.9975841242450388,
        0.9979292493528904,
        0.9986194995685936,
        0.9989646246764452,
        0.999137187230371,
        0.9991371872303711,
        0.9993097497842969,
        0.9993097497842969,
        0.9993097497842968
    ],
    "tr_loss": [
        0.7628064155578613,
        0.6392768323421478,
        0.6430734097957611,
        0.646019846200943,
        0.6273900270462036,
        0.6045787036418915,
        0.5512395799160004,
        0.5053417980670929,
        0.4168328195810318,
        0.37440839409828186,
        0.2939336448907852,
        0.24822695553302765,
        0.23353565484285355,
        0.19566603749990463,
        0.1387544572353363,
        0.14356350526213646,
        0.11446505784988403,
        0.13780640810728073,
        0.10995019599795341,
        0.12540921568870544,
        0.08470539376139641,
        0.10536732152104378,
        0.0644657276570797,
        0.07242692448198795,
        0.0806671641767025,
        0.07686323300004005,
        0.07303181104362011,
        0.05466843396425247,
        0.07443759590387344,
        0.06824782490730286
    ],
    "tr_times": 0.44713473320007324,
    "ev_times": 0.0003535747528076172,
    "test_times": 0.0003528594970703125,
    "param_total_size": 2008196,
    "param_total_count": 502046,
    "model_size": 2021009
}