{
    "args": {
        "model": "tv7.4",
        "output": "finetune_outputs/binclass-0.8/tv7.4-tuned/BankNoteAuthentication",
        "dataset": "BankNoteAuthentication",
        "task": "binclass",
        "batch_size": 64,
        "early_stop": 16,
        "reduce_data": 0.8
    },
    "device": "NVIDIA GeForce RTX 3090",
    "best_eval_score": 0.9663157894736842,
    "final_test_score": 0.985856637737062,
    "ev_metric": [
        0.9663157894736842,
        0.9663157894736842,
        0.9663157894736842,
        0.9663157894736842,
        0.9663157894736842,
        0.9663157894736842,
        0.9663157894736842,
        0.9663157894736842,
        0.9663157894736842,
        0.9663157894736842,
        0.9663157894736842,
        0.9663157894736842,
        0.9663157894736842,
        0.9663157894736842,
        0.9663157894736842,
        0.9663157894736842,
        0.9663157894736842
    ],
    "test_metric": [
        0.985856637737062,
        0.985856637737062,
        0.985856637737062,
        0.985856637737062,
        0.985856637737062,
        0.985856637737062,
        0.9859637844208722,
        0.9859637844208722,
        0.9859637844208722,
        0.9860173577627772,
        0.9860173577627772,
        0.9860173577627772,
        0.9860173577627772,
        0.9860173577627772,
        0.9860173577627772,
        0.9860173577627772,
        0.9860173577627772
    ],
    "tr_loss": [
        0.6385588447252909,
        0.6380073428153992,
        0.6385118961334229,
        0.6381190816561381,
        0.638106087843577,
        0.6383235057195028,
        0.6386954387029012,
        0.638224462668101,
        0.6384192506472269,
        0.6380879680315653,
        0.6382768551508585,
        0.6378291845321655,
        0.638159434000651,
        0.6381343205769857,
        0.6384968956311544,
        0.6380830605824789,
        0.6381323536237081
    ],
    "tr_times": 0.30870938301086426,
    "ev_times": 0.00019097328186035156,
    "test_times": 0.00019884109497070312,
    "param_total_size": 27444,
    "param_total_count": 6861,
    "model_size": 44383
}