{
    "args": {
        "model": "tv7.4",
        "output": "finetune_outputs/binclass-0.8/tv7.4-tuned/audit_data",
        "dataset": "audit_data",
        "task": "binclass",
        "batch_size": 64,
        "early_stop": 16,
        "reduce_data": 0.8
    },
    "device": "NVIDIA GeForce RTX 3090",
    "best_eval_score": 1.0,
    "final_test_score": 0.9998274374460742,
    "ev_metric": [
        1.0,
        1.0,
        1.0,
        1.0,
        1.0,
        1.0,
        1.0,
        1.0,
        1.0,
        1.0,
        1.0,
        1.0,
        1.0,
        1.0,
        1.0,
        1.0,
        1.0
    ],
    "test_metric": [
        0.9998274374460742,
        0.9998274374460742,
        1.0,
        0.9998274374460742,
        0.9998274374460742,
        0.9998274374460742,
        0.9996548748921483,
        0.9994823123382226,
        0.999137187230371,
        0.9989646246764452,
        0.9984469370146679,
        0.9981018119068162,
        0.9981018119068162,
        0.9981018119068162,
        0.9977566867989646,
        0.9977566867989646,
        0.9975841242450388
    ],
    "tr_loss": [
        0.6025802791118622,
        0.5936036705970764,
        0.5915984809398651,
        0.579332560300827,
        0.5805881917476654,
        0.5702205002307892,
        0.5680555105209351,
        0.5572977662086487,
        0.5536400973796844,
        0.5497609972953796,
        0.5450390577316284,
        0.5367285907268524,
        0.5363682806491852,
        0.5340314209461212,
        0.5272940397262573,
        0.5249733328819275,
        0.5253375768661499
    ],
    "tr_times": 0.044109344482421875,
    "ev_times": 0.00019097328186035156,
    "test_times": 0.00022220611572265625,
    "param_total_size": 203880,
    "param_total_count": 50967,
    "model_size": 224285
}