{
    "args": {
        "output": "finetune_outputs/binclass-0.8/ftt-tuned/train_1759_Red--White-wine-Dataset",
        "dataset": "train_1759_Red--White-wine-Dataset",
        "task": "binclass",
        "batch_size": 64,
        "early_stop": 16,
        "reduce_data": 0.8
    },
    "device": "NVIDIA GeForce RTX 3090",
    "best_eval_score": 1.0,
    "final_test_score": 0.993748405612245,
    "ev_metric": [
        0.9988759835144247,
        0.9993755463969027,
        0.9995004371175222,
        0.9998751092793805,
        0.9998751092793805,
        0.9998751092793805,
        1.0,
        0.9998751092793805,
        0.9998751092793805,
        0.9998751092793805,
        1.0,
        1.0,
        1.0,
        0.9998751092793805,
        0.9998751092793805,
        0.9998751092793805,
        0.9998751092793805,
        0.9998751092793805,
        0.9998751092793805,
        0.9997502185587611,
        0.9998751092793805,
        0.9998751092793805,
        0.9997502185587611
    ],
    "test_metric": [
        0.9935809948979591,
        0.9911926020408164,
        0.9946109693877552,
        0.9937117346938776,
        0.9943207908163265,
        0.994030612244898,
        0.993748405612245,
        0.9948915816326531,
        0.9912818877551021,
        0.994811862244898,
        0.9952088647959184,
        0.994641262755102,
        0.9959550382653061,
        0.9939971301020408,
        0.9932700892857144,
        0.9943112244897959,
        0.9947018494897959,
        0.994891581632653,
        0.994595025510204,
        0.9945408163265306,
        0.9946364795918368,
        0.9950542091836735,
        0.9949298469387755
    ],
    "tr_loss": [
        0.565426400074592,
        0.40927361983519334,
        0.19457193120167807,
        0.12042926194576117,
        0.08696786887370624,
        0.06934237795380446,
        0.060352580765118964,
        0.051803724553722605,
        0.05009373005193014,
        0.047489570310482614,
        0.04876769076173122,
        0.048228019275344335,
        0.03502987755032686,
        0.03551697745346106,
        0.031780388922645494,
        0.033130932169464916,
        0.030329523393167898,
        0.02731809951364994,
        0.03274952763548264,
        0.03135698059430489,
        0.02748035152371113,
        0.03017097396346239,
        0.024363363878085062
    ],
    "tr_times": 0.8974850177764893,
    "ev_times": 0.00032210350036621094,
    "test_times": 0.0007376670837402344,
    "param_total_size": 406484,
    "param_total_count": 101620,
    "model_size": 419345
}