{
    "args": {
        "output": "finetune_outputs/binclass-0.8/ftt-tuned/train_1759_Red--White-wine-Dataset",
        "dataset": "train_1759_Red--White-wine-Dataset",
        "task": "binclass",
        "batch_size": 64,
        "early_stop": 16,
        "reduce_data": 0.8
    },
    "device": "NVIDIA GeForce RTX 3090",
    "best_eval_score": 1.0,
    "final_test_score": 0.993748405612245,
    "ev_metric": [
        0.9988759835144247,
        0.9993755463969027,
        0.9995004371175222,
        0.9998751092793805,
        0.9998751092793805,
        0.9998751092793805,
        1.0,
        0.9998751092793805,
        0.9998751092793805,
        0.9998751092793805,
        1.0,
        1.0,
        1.0,
        0.9998751092793805,
        0.9998751092793805
    ],
    "test_metric": [
        0.9935809948979591,
        0.9911926020408164,
        0.9946109693877552,
        0.9937117346938776,
        0.9943207908163265,
        0.994030612244898,
        0.993748405612245,
        0.9948915816326531,
        0.9912818877551021,
        0.994811862244898,
        0.9952088647959184,
        0.994641262755102,
        0.9959550382653061,
        0.9939971301020408,
        0.9932700892857144
    ],
    "tr_loss": [
        0.565426400074592,
        0.40927361983519334,
        0.19457193120167807,
        0.12042926194576117,
        0.08696786887370624,
        0.06934237795380446,
        0.060352580765118964,
        0.051803724553722605,
        0.05009373005193014,
        0.047489570310482614,
        0.04876769076173122,
        0.048228019275344335,
        0.03502987755032686,
        0.03551697745346106,
        0.031780388922645494
    ],
    "tr_times": 0,
    "ev_times": 0,
    "test_times": 0,
    "param_total_size": 0,
    "param_total_count": 0,
    "model_size": 0
}