{
    "args": {
        "model": "tv7.2",
        "output": "finetune_outputs/openml-0.8/tv7.2-tuned/1494",
        "dataset": "1494",
        "task": "openml",
        "batch_size": 64,
        "early_stop": 16,
        "reduce_data": 0.8
    },
    "device": "NVIDIA GeForce RTX 3090",
    "best_eval_score": 0.9090909090909091,
    "final_test_score": 0.8672873194221509,
    "ev_metric": [
        0.9047619047619048,
        0.9047619047619048,
        0.9047619047619048,
        0.9047619047619048,
        0.9090909090909091,
        0.9090909090909091,
        0.9090909090909091,
        0.9090909090909091,
        0.9090909090909091,
        0.9090909090909091,
        0.9090909090909091,
        0.9090909090909091,
        0.9090909090909091,
        0.9090909090909091,
        0.9090909090909091,
        0.9090909090909091,
        0.9090909090909091,
        0.9090909090909091,
        0.9090909090909091,
        0.9090909090909091,
        0.9090909090909091
    ],
    "test_metric": [
        0.861059390048154,
        0.8631781701444623,
        0.8642054574638844,
        0.8657463884430177,
        0.8672873194221509,
        0.8687640449438203,
        0.8696629213483146,
        0.8706902086677367,
        0.8723595505617977,
        0.8737720706260032,
        0.8746709470304975,
        0.8753772070626002,
        0.8757624398073837,
        0.8760834670947031,
        0.8768539325842697,
        0.877239165329053,
        0.8776886035313002,
        0.8786516853932584,
        0.878908507223114,
        0.8791653290529695,
        0.8791653290529695
    ],
    "tr_loss": [
        0.6819825172424316,
        0.6813706755638123,
        0.680799812078476,
        0.6800980567932129,
        0.6795900464057922,
        0.6789905726909637,
        0.6783478558063507,
        0.6777704656124115,
        0.6772542893886566,
        0.6765900552272797,
        0.6760668754577637,
        0.6755524277687073,
        0.6749709248542786,
        0.674406111240387,
        0.6738888025283813,
        0.6733491122722626,
        0.6727931797504425,
        0.6722595989704132,
        0.6717137396335602,
        0.6711954772472382,
        0.6706694960594177
    ],
    "tr_times": 6.124990463256836,
    "ev_times": 0.000186920166015625,
    "test_times": 0.0002243518829345703,
    "param_total_size": 816188,
    "param_total_count": 204047,
    "model_size": 1151135
}