{
    "args": {
        "model": "mlp",
        "output": "finetune_outputs/openml-0.8/mlp-tuned/1063",
        "dataset": "1063",
        "task": "openml",
        "batch_size": 64,
        "early_stop": 16,
        "reduce_data": 0.8
    },
    "device": "NVIDIA GeForce RTX 3090",
    "best_eval_score": 1.0,
    "final_test_score": 0.6014957264957265,
    "ev_metric": [
        0.0,
        0.0,
        0.17948717948717946,
        0.4102564102564102,
        1.0,
        1.0,
        1.0,
        1.0,
        1.0,
        1.0,
        1.0,
        1.0,
        1.0,
        1.0,
        1.0,
        1.0,
        1.0,
        1.0,
        1.0,
        1.0,
        1.0
    ],
    "test_metric": [
        0.2706552706552707,
        0.2952279202279202,
        0.32834757834757833,
        0.4063390313390313,
        0.6014957264957265,
        0.7321937321937322,
        0.7585470085470086,
        0.757834757834758,
        0.7564102564102565,
        0.7567663817663818,
        0.7596153846153846,
        0.7596153846153847,
        0.7592592592592594,
        0.7603276353276353,
        0.7603276353276354,
        0.7606837606837608,
        0.7610398860398861,
        0.7617521367521367,
        0.7617521367521367,
        0.7617521367521367,
        0.761039886039886
    ],
    "tr_loss": [
        0.7133023738861084,
        0.6937609910964966,
        0.6660565137863159,
        0.6091351509094238,
        0.5542955994606018,
        0.5010584592819214,
        0.4867233633995056,
        0.4075518548488617,
        0.36547088623046875,
        0.32795947790145874,
        0.32163766026496887,
        0.2931979298591614,
        0.2946033179759979,
        0.3049769997596741,
        0.3003639876842499,
        0.29246076941490173,
        0.2852853834629059,
        0.2836799621582031,
        0.28197330236434937,
        0.28518006205558777,
        0.2816018760204315
    ],
    "tr_times": 0.3207521438598633,
    "ev_times": 0.00012421607971191406,
    "test_times": 0.00012826919555664062,
    "param_total_size": 9771016,
    "param_total_count": 2442754,
    "model_size": 9775901
}