{
    "args": {
        "model": "tv7.3",
        "output": "finetune_outputs/binclass-0.8/tv7.3-tuned/train_0546_analcatdata_seropositive",
        "dataset": "train_0546_analcatdata_seropositive",
        "task": "binclass",
        "batch_size": 64,
        "early_stop": 16,
        "reduce_data": 0.8
    },
    "device": "NVIDIA GeForce RTX 3090",
    "best_eval_score": 1.0,
    "final_test_score": 0.9444444444444444,
    "ev_metric": [
        1.0,
        1.0,
        1.0,
        1.0,
        1.0,
        1.0,
        1.0,
        1.0,
        1.0,
        1.0,
        1.0,
        1.0,
        1.0,
        1.0,
        1.0,
        1.0,
        1.0
    ],
    "test_metric": [
        0.9444444444444444,
        0.9444444444444444,
        0.9444444444444444,
        0.9444444444444444,
        0.9444444444444444,
        0.9444444444444444,
        0.9444444444444444,
        0.9444444444444444,
        0.9444444444444444,
        0.9444444444444444,
        0.9444444444444444,
        0.9444444444444444,
        0.9444444444444444,
        0.9444444444444444,
        0.9444444444444444,
        0.9444444444444444,
        0.9444444444444444
    ],
    "tr_loss": [
        0.6217818856239319,
        0.6217471361160278,
        0.6217122673988342,
        0.6216775178909302,
        0.6216426491737366,
        0.621607780456543,
        0.6215730905532837,
        0.6215382814407349,
        0.6215034127235413,
        0.6214686036109924,
        0.6214337944984436,
        0.6213990449905396,
        0.6213642358779907,
        0.6213294863700867,
        0.6212947368621826,
        0.6212600469589233,
        0.6212252378463745
    ],
    "tr_times": 1.386131763458252,
    "ev_times": 0.00020551681518554688,
    "test_times": 0.00025582313537597656,
    "param_total_size": 33996,
    "param_total_count": 8499,
    "model_size": 52383
}