{
    "args": {
        "model": "dcnv2",
        "output": "finetune_outputs/binclass-0.8/dcnv2-tuned/train_0446_newton_hema",
        "dataset": "train_0446_newton_hema",
        "task": "binclass",
        "batch_size": 64,
        "early_stop": 16,
        "reduce_data": 0.8
    },
    "device": "NVIDIA GeForce RTX 3090",
    "best_eval_score": 1.0,
    "final_test_score": 0.5,
    "ev_metric": [
        1.0,
        1.0,
        1.0,
        1.0,
        1.0,
        1.0,
        1.0,
        1.0,
        1.0,
        1.0,
        1.0,
        1.0,
        1.0,
        1.0,
        1.0,
        1.0,
        1.0
    ],
    "test_metric": [
        0.5,
        0.5,
        0.4897959183673469,
        0.5102040816326531,
        0.5255102040816326,
        0.5051020408163266,
        0.49489795918367346,
        0.5153061224489797,
        0.5102040816326531,
        0.5357142857142858,
        0.5255102040816326,
        0.5433673469387755,
        0.5331632653061225,
        0.5255102040816326,
        0.5255102040816327,
        0.5408163265306123,
        0.5408163265306123
    ],
    "tr_loss": [
        0.6901506781578064,
        0.6124093532562256,
        0.5537049770355225,
        0.4782593548297882,
        0.3963479995727539,
        0.30956506729125977,
        0.20936577022075653,
        0.10515409708023071,
        0.033517513424158096,
        0.014762971550226212,
        0.0009300874080508947,
        0.0006596497842110693,
        0.0009184132795780897,
        0.0001713242963887751,
        1.7811134966905229e-06,
        2.5944980279746233e-06,
        7.012310732079641e-09
    ],
    "tr_times": 0.3115074634552002,
    "ev_times": 0.00019693374633789062,
    "test_times": 0.0001933574676513672,
    "param_total_size": 2861316,
    "param_total_count": 715328,
    "model_size": 2871383
}