{
    "args": {
        "model": "mlp",
        "output": "finetune_outputs/binclass-0.8/mlp-tuned/train_0419_pm10",
        "dataset": "train_0419_pm10",
        "task": "binclass",
        "batch_size": 64,
        "early_stop": 16,
        "reduce_data": 0.8
    },
    "device": "NVIDIA GeForce RTX 3090",
    "best_eval_score": 0.5703125,
    "final_test_score": 0.4625850340136054,
    "ev_metric": [
        0.5546875,
        0.5546875,
        0.5546875,
        0.5546875,
        0.5703125,
        0.5625,
        0.5625,
        0.5703125,
        0.53125,
        0.5390625,
        0.5,
        0.53125,
        0.53125,
        0.53125,
        0.5234375,
        0.5390625,
        0.5390625,
        0.53125,
        0.4765625,
        0.4765625,
        0.515625
    ],
    "test_metric": [
        0.4815926370548219,
        0.48659463785514206,
        0.48539415766306515,
        0.49799919967987194,
        0.4625850340136054,
        0.47599039615846345,
        0.4899959983993598,
        0.47398959583833533,
        0.4829931972789116,
        0.47498999599839936,
        0.46858743497398964,
        0.46938775510204084,
        0.4903961584633853,
        0.48299319727891155,
        0.46838735494197675,
        0.4881952781112444,
        0.4821928771508603,
        0.4825930372148859,
        0.48759503801520604,
        0.477390956382553,
        0.47519007603041225
    ],
    "tr_loss": [
        0.6927565932273865,
        0.6921252012252808,
        0.6925268173217773,
        0.6920058727264404,
        0.694566547870636,
        0.6927980780601501,
        0.6922627687454224,
        0.6929285526275635,
        0.6936022639274597,
        0.6922023892402649,
        0.6913946866989136,
        0.691359281539917,
        0.6922925710678101,
        0.6930057406425476,
        0.6933280229568481,
        0.6933049559593201,
        0.6921077966690063,
        0.693812370300293,
        0.6924452781677246,
        0.6926400661468506,
        0.6939473152160645
    ],
    "tr_times": 0.35141634941101074,
    "ev_times": 0.00034165382385253906,
    "test_times": 0.0003368854522705078,
    "param_total_size": 1153604,
    "param_total_count": 288401,
    "model_size": 1165577
}