{
    "args": {
        "model": "mlp",
        "output": "finetune_outputs/binclass-0.8/mlp-tuned/Employee Satisfaction Index",
        "dataset": "Employee Satisfaction Index",
        "task": "binclass",
        "batch_size": 64,
        "early_stop": 16,
        "reduce_data": 0.8
    },
    "device": "NVIDIA GeForce RTX 3090",
    "best_eval_score": 0.484375,
    "final_test_score": 0.49337615415495784,
    "ev_metric": [
        0.390625,
        0.46875,
        0.4375,
        0.453125,
        0.484375,
        0.375,
        0.28125,
        0.265625,
        0.28125,
        0.265625,
        0.28125,
        0.28125,
        0.265625,
        0.28125,
        0.28125,
        0.328125,
        0.3125,
        0.328125,
        0.3125,
        0.296875,
        0.34375
    ],
    "test_metric": [
        0.516258530710558,
        0.5367322360497793,
        0.4829385788839824,
        0.5082296266559614,
        0.49337615415495784,
        0.507025291047772,
        0.5058209554395825,
        0.5315134484142914,
        0.4935768767563227,
        0.47571256523484545,
        0.47571256523484545,
        0.4664793255720594,
        0.4660778803693296,
        0.47129666800481734,
        0.467282215977519,
        0.4644720995584103,
        0.4632677639502208,
        0.46848655158570857,
        0.46206342834203135,
        0.467683661180249,
        0.46688077077478923
    ],
    "tr_loss": [
        0.6921617388725281,
        0.6970103979110718,
        0.6912765502929688,
        0.9469560384750366,
        0.7231084704399109,
        0.7138683795928955,
        0.7025923728942871,
        0.7032726407051086,
        0.6976136565208435,
        0.6968671083450317,
        0.6931496262550354,
        0.691968560218811,
        0.6917482018470764,
        0.6920803785324097,
        0.6904116868972778,
        0.6912162899971008,
        0.6953038573265076,
        0.6879677772521973,
        0.6832547187805176,
        0.6802613735198975,
        0.668544590473175
    ],
    "tr_times": 0.3319578170776367,
    "ev_times": 0.00022149085998535156,
    "test_times": 0.00019168853759765625,
    "param_total_size": 13574372,
    "param_total_count": 3393582,
    "model_size": 13581975
}