{
    "args": {
        "model": "xgboost",
        "output": "finetune_outputs/binclass-0.8/xgboost-tuned/train_2306_electricity_seed_2_nrows_2000_nclasses_10_ncols_100_stratify_True",
        "dataset": "train_2306_electricity_seed_2_nrows_2000_nclasses_10_ncols_100_stratify_True",
        "task": "binclass",
        "reduce_data": 0.8
    },
    "device": "NVIDIA GeForce RTX 3090",
    "configs": {
        "metric": "roc_auc",
        "eval_score": 0.8984375,
        "n_trial": 45,
        "dataset": "train_2306_electricity_seed_2_nrows_2000_nclasses_10_ncols_100_stratify_True",
        "model": {
            "booster": "gbtree",
            "n_estimators": 2000,
            "n_jobs": -1,
            "tree_method": "hist",
            "alpha": 4.597520977127285e-05,
            "colsample_bylevel": 0.9533501118752524,
            "colsample_bytree": 0.791403641761021,
            "gamma": 6.195163112258937e-07,
            "lambda": 1.6591244607850258e-07,
            "learning_rate": 0.07000536516208751,
            "max_depth": 7,
            "min_child_weight": 1.6251524670985846e-06,
            "subsample": 0.5014474074574224
        },
        "training": {
            "early_stopping_rounds": 20,
            "verbose": false,
            "eval_metric": "error"
        }
    },
    "best_eval_score": 0.8984375,
    "final_test_score": 0.7781750000000001,
    "tr_times": 0.024226665496826172,
    "ev_times": 0.0002200603485107422,
    "test_times": 0.0001404285430908203,
    "param_total_size": 0,
    "param_total_count": 0,
    "model_size": 125741
}