{
    "args": {
        "output": "finetune_outputs/binclass-0.0/ftt-tuned/trial",
        "dataset": "trial",
        "task": "binclass",
        "batch_size": 64,
        "early_stop": 16,
        "reduce_data": 0.0
    },
    "device": "NVIDIA GeForce RTX 3090",
    "best_eval_score": 1.0,
    "final_test_score": 0.9787121745249825,
    "ev_metric": [
        0.9991638795986623,
        1.0,
        1.0,
        1.0,
        1.0,
        1.0,
        1.0,
        1.0,
        1.0,
        1.0,
        1.0,
        1.0,
        1.0,
        1.0,
        1.0,
        1.0,
        1.0,
        1.0
    ],
    "test_metric": [
        0.9846938775510204,
        0.9787121745249825,
        0.9787121745249824,
        0.9795918367346939,
        0.9824067558057705,
        0.9966572836030964,
        1.0,
        1.0,
        1.0,
        1.0,
        1.0,
        1.0,
        1.0,
        1.0,
        1.0,
        1.0,
        1.0,
        1.0
    ],
    "tr_loss": [
        0.6765809282660484,
        0.6561863124370575,
        0.6125904247164726,
        0.48052095994353294,
        0.2691228911280632,
        0.14097058400511742,
        0.07857137359678745,
        0.04405586188659072,
        0.03012363752350211,
        0.02570195053704083,
        0.017612308962270617,
        0.01475845417007804,
        0.01213988196104765,
        0.010664969449862838,
        0.008976120734587312,
        0.008177181938663125,
        0.007142162416130304,
        0.0064422637806274
    ]
}