{
    "metric": "roc_auc",
    "eval_score": 0.8505747126436781,
    "n_trial": 87,
    "dataset": "train_0447_arsenic-female-lung",
    "model": {
        "booster": "gbtree",
        "n_estimators": 2000,
        "n_jobs": -1,
        "tree_method": "hist",
        "alpha": 1.5060722810973344e-07,
        "colsample_bylevel": 0.5913488251401215,
        "colsample_bytree": 0.8888588265700769,
        "gamma": 1.2086645945040476e-07,
        "lambda": 0.00015807794376964873,
        "learning_rate": 0.035189254321088395,
        "max_depth": 6,
        "min_child_weight": 0.0016059610118286727,
        "subsample": 0.5865879605212619
    },
    "training": {
        "early_stopping_rounds": 20,
        "verbose": false
    }
}