{
    "args": {
        "model": "tv7.3",
        "output": "finetune_outputs/binclass-0.8/tv7.3-tuned/BankNoteAuthentication",
        "dataset": "BankNoteAuthentication",
        "task": "binclass",
        "batch_size": 64,
        "early_stop": 16,
        "reduce_data": 0.8
    },
    "device": "NVIDIA GeForce RTX 3090",
    "best_eval_score": 1.0,
    "final_test_score": 0.997642772956177,
    "ev_metric": [
        1.0,
        1.0,
        1.0,
        1.0,
        1.0,
        1.0,
        1.0,
        1.0,
        1.0,
        1.0,
        1.0,
        1.0,
        1.0,
        1.0,
        1.0,
        1.0,
        1.0
    ],
    "test_metric": [
        0.997642772956177,
        0.997642772956177,
        0.997642772956177,
        0.997642772956177,
        0.997642772956177,
        0.997696346298082,
        0.997696346298082,
        0.997696346298082,
        0.997696346298082,
        0.997696346298082,
        0.997696346298082,
        0.997696346298082,
        0.997696346298082,
        0.997696346298082,
        0.997696346298082,
        0.997696346298082,
        0.997696346298082
    ],
    "tr_loss": [
        0.6496127645174662,
        0.6492962042490641,
        0.6490358908971151,
        0.6490764816602071,
        0.6486155390739441,
        0.6490303079287211,
        0.6490191618601481,
        0.6486204266548157,
        0.6487676501274109,
        0.648750384648641,
        0.6486843427022299,
        0.6481151779492696,
        0.6484230756759644,
        0.6481447418530782,
        0.648418645064036,
        0.647717297077179,
        0.6480839649836222
    ],
    "tr_times": 1.8469774723052979,
    "ev_times": 0.00018358230590820312,
    "test_times": 0.00022125244140625,
    "param_total_size": 248372,
    "param_total_count": 62093,
    "model_size": 373919
}