{
    "args": {
        "model": "mlp",
        "output": "finetune_outputs/binclass-0.8/mlp-tuned/train_2304_electricity_seed_0_nrows_2000_nclasses_10_ncols_100_stratify_True",
        "dataset": "train_2304_electricity_seed_0_nrows_2000_nclasses_10_ncols_100_stratify_True",
        "task": "binclass",
        "batch_size": 64,
        "early_stop": 16,
        "reduce_data": 0.8
    },
    "device": "NVIDIA GeForce RTX 3090",
    "best_eval_score": 0.8232421875,
    "final_test_score": 0.7675124999999999,
    "ev_metric": [
        0.7626953125,
        0.8232421875,
        0.81103515625,
        0.78955078125,
        0.7958984375,
        0.79931640625,
        0.798828125,
        0.80078125,
        0.7958984375,
        0.791015625,
        0.791015625,
        0.7919921875,
        0.7822265625,
        0.7763671875,
        0.771484375,
        0.763671875,
        0.740234375,
        0.7080078125
    ],
    "test_metric": [
        0.6293625,
        0.7675124999999999,
        0.7738125,
        0.7691749999999999,
        0.7708624999999999,
        0.7760750000000001,
        0.77785,
        0.78035,
        0.786875,
        0.7907,
        0.7952125000000001,
        0.800475,
        0.8050750000000001,
        0.8102,
        0.8123750000000001,
        0.816825,
        0.823975,
        0.8268
    ],
    "tr_loss": [
        0.6940495073795319,
        0.6929957568645477,
        0.6924925297498703,
        0.693463996052742,
        0.6934305727481842,
        0.6929031759500504,
        0.6937696784734726,
        0.6932550221681595,
        0.693528950214386,
        0.6929846107959747,
        0.6924682259559631,
        0.6929044425487518,
        0.6904952526092529,
        0.6822476238012314,
        0.6626296937465668,
        0.6080464571714401,
        0.5781719535589218,
        0.5186660438776016
    ],
    "tr_times": 0.4541308879852295,
    "ev_times": 0.0003821849822998047,
    "test_times": 0.0004546642303466797,
    "param_total_size": 2042536,
    "param_total_count": 510633,
    "model_size": 2052815
}