{
    "metric": "roc_auc",
    "eval_score": 0.75,
    "n_trial": 10,
    "dataset": "train_0406_visualizing_environmental",
    "model": {
        "booster": "gbtree",
        "n_estimators": 2000,
        "n_jobs": -1,
        "tree_method": "hist",
        "alpha": 1.6118506347307564e-08,
        "colsample_bylevel": 0.6947224197754063,
        "colsample_bytree": 0.6439302211382238,
        "gamma": 1.2152154018583871e-08,
        "lambda": 1.128349408510673e-08,
        "learning_rate": 0.0010267405080634133,
        "max_depth": 5,
        "min_child_weight": 2.5067127632870987e-05,
        "subsample": 0.5068399459280001
    },
    "training": {
        "early_stopping_rounds": 20,
        "verbose": false
    }
}