{
    "args": {
        "model": "tv7.1",
        "output": "finetune_outputs/binclass-0.8/tv7.1-tuned/train_1600_VulNoneVul",
        "dataset": "train_1600_VulNoneVul",
        "task": "binclass",
        "batch_size": 64,
        "early_stop": 16,
        "reduce_data": 0.8
    },
    "device": "NVIDIA GeForce RTX 3090",
    "best_eval_score": 0.9763888888888889,
    "final_test_score": 0.8114925854287556,
    "ev_metric": [
        0.9763888888888889,
        0.9763888888888889,
        0.9763888888888889,
        0.9763888888888889,
        0.9763888888888889,
        0.9763888888888889,
        0.9763888888888889,
        0.9763888888888889,
        0.9763888888888889,
        0.9763888888888889,
        0.9763888888888889,
        0.9763888888888889,
        0.9763888888888889,
        0.9763888888888889,
        0.9763888888888889,
        0.9763888888888889,
        0.9763888888888889
    ],
    "test_metric": [
        0.8114925854287556,
        0.8116537717601547,
        0.8116537717601547,
        0.8115731785944552,
        0.811411992263056,
        0.811250805931657,
        0.8112911025145069,
        0.8113313990973565,
        0.811411992263056,
        0.811411992263056,
        0.811411992263056,
        0.8114925854287556,
        0.8115731785944552,
        0.8118149580915538,
        0.8117343649258543,
        0.8115731785944552,
        0.8116537717601547
    ],
    "tr_loss": [
        0.6518156478802363,
        0.6520331551631292,
        0.6517287194728851,
        0.6512507299582163,
        0.6518767476081848,
        0.6510226329167684,
        0.6506948520739874,
        0.6513873984416326,
        0.6510221908489863,
        0.6506166309118271,
        0.6502132713794708,
        0.6510592500368754,
        0.64998992284139,
        0.6501287668943405,
        0.6503112117449442,
        0.6493822534879049,
        0.6492770463228226
    ],
    "tr_times": 0.5790386199951172,
    "ev_times": 0.00025343894958496094,
    "test_times": 0.000457763671875,
    "param_total_size": 28820,
    "param_total_count": 7205
}