{
    "args": {
        "output": "finetune_outputs/binclass-0.8/ftt-tuned/train_0356_delta_elevators",
        "dataset": "train_0356_delta_elevators",
        "task": "binclass",
        "batch_size": 64,
        "early_stop": 16,
        "reduce_data": 0.8
    },
    "device": "NVIDIA GeForce RTX 3090",
    "best_eval_score": 0.9624613003095974,
    "final_test_score": 0.9478813919333893,
    "ev_metric": [
        0.9595373237014104,
        0.9588923288613691,
        0.95562435500516,
        0.9551943584451325,
        0.9609133126934983,
        0.9611283109735121,
        0.9624613003095974,
        0.961687306501548,
        0.9618163054695562,
        0.9616873065015479,
        0.96203130374957,
        0.9593653250773995,
        0.9589783281733747,
        0.9552373581011352,
        0.9552373581011352,
        0.9542053663570691,
        0.9571723426212589,
        0.9556243550051601,
        0.9603973168214655
    ],
    "test_metric": [
        0.9470212815258878,
        0.9457694595152265,
        0.9440348943316573,
        0.9440779274373564,
        0.9489616332277366,
        0.9474168550744307,
        0.9478813919333893,
        0.9464966086602469,
        0.9465727441549456,
        0.9466676376700772,
        0.9472976864740328,
        0.9465617100252792,
        0.94670625712391,
        0.9436189076432313,
        0.9443306090067187,
        0.9456238090036291,
        0.9453909888676666,
        0.9444255025218503,
        0.9434997390428334
    ],
    "tr_loss": [
        0.40169115029275415,
        0.3584713079035282,
        0.3860494151711464,
        0.32566295713186266,
        0.3088356971740723,
        0.3011330649256706,
        0.3003013778477907,
        0.29295217618346214,
        0.2918112877756357,
        0.28040540907531974,
        0.32461064755916597,
        0.29356972090899947,
        0.301352821290493,
        0.28574133291840553,
        0.28646717928349974,
        0.27455523125827314,
        0.31877273321151733,
        0.3060178354382515,
        0.2888203365728259
    ],
    "tr_times": 0,
    "ev_times": 0,
    "test_times": 0,
    "param_total_size": 0,
    "param_total_count": 0,
    "model_size": 0
}