{
    "metric": "roc_auc",
    "eval_score": 0.6544492562605913,
    "n_trial": 84,
    "dataset": "Bank_Personal_Loan_Modelling",
    "model": {
        "attention_dropout": 0.49425271833573214,
        "d_ffn_factor": 2.379889830816042,
        "d_token": 184,
        "ffn_dropout": 0.02759652348565632,
        "n_blocks": 2,
        "residual_dropout": 0.3138293991482256
    },
    "training": {
        "batch_size": 64,
        "eval_batch_size": 128,
        "optimizer": "adamw",
        "lr": 0.00016304293636253773,
        "weight_decay": 1.6919551997741062e-06
    }
}