{
    "args": {
        "model": "tv7.2",
        "output": "finetune_outputs/binclass-0.8/tv7.2-tuned/train_1774_Early-Stage-Diabetes-Risk-Prediction-Dataset",
        "dataset": "train_1774_Early-Stage-Diabetes-Risk-Prediction-Dataset",
        "task": "binclass",
        "batch_size": 64,
        "early_stop": 16,
        "reduce_data": 0.8
    },
    "device": "NVIDIA GeForce RTX 3090",
    "best_eval_score": 0.8571428571428572,
    "final_test_score": 0.978515625,
    "ev_metric": [
        0.8571428571428571,
        0.8571428571428571,
        0.8571428571428571,
        0.8571428571428571,
        0.8571428571428572,
        0.8571428571428572,
        0.8571428571428572,
        0.8571428571428572,
        0.8571428571428571,
        0.8571428571428571,
        0.8428571428571429,
        0.8285714285714285,
        0.8428571428571429,
        0.8428571428571429,
        0.8285714285714285,
        0.8428571428571429,
        0.8428571428571429,
        0.8571428571428571,
        0.8428571428571429,
        0.8428571428571429,
        0.8428571428571429
    ],
    "test_metric": [
        0.96875,
        0.9699218749999999,
        0.971484375,
        0.9773437500000001,
        0.978515625,
        0.9769531249999999,
        0.971484375,
        0.9640625,
        0.9578125,
        0.946484375,
        0.936328125,
        0.9363281250000001,
        0.9484374999999999,
        0.949609375,
        0.95078125,
        0.9480468750000001,
        0.9500000000000001,
        0.947265625,
        0.944921875,
        0.9421874999999998,
        0.94296875
    ],
    "tr_loss": [
        0.6181634366512299,
        0.6568787693977356,
        0.5610734224319458,
        0.5400794148445129,
        0.5426922738552094,
        0.5333729982376099,
        0.5126689076423645,
        0.5378030240535736,
        0.5520269572734833,
        0.513831377029419,
        0.48752787709236145,
        0.504845917224884,
        0.5294018387794495,
        0.49409008026123047,
        0.5043497681617737,
        0.4873552918434143,
        0.4954170733690262,
        0.5809797048568726,
        0.4461531490087509,
        0.45405223965644836,
        0.4812178611755371
    ],
    "tr_times": 0.05466723442077637,
    "ev_times": 0.0002334117889404297,
    "test_times": 0.0002467632293701172,
    "param_total_size": 3575120,
    "param_total_count": 893765,
    "model_size": 3694109
}