{
    "args": {
        "model": "tv7.3",
        "output": "finetune_outputs/binclass-0.8/tv7.3-tuned/train_1592_Diabetes-Data-Set",
        "dataset": "train_1592_Diabetes-Data-Set",
        "task": "binclass",
        "batch_size": 64,
        "early_stop": 16,
        "reduce_data": 0.8
    },
    "device": "NVIDIA GeForce RTX 3090",
    "best_eval_score": 0.7361111111111112,
    "final_test_score": 0.7564814814814814,
    "ev_metric": [
        0.7291666666666667,
        0.7291666666666667,
        0.7291666666666667,
        0.7291666666666667,
        0.7291666666666667,
        0.7291666666666667,
        0.7361111111111112,
        0.7361111111111112,
        0.7361111111111112,
        0.7361111111111112,
        0.7361111111111112,
        0.7361111111111112,
        0.7361111111111112,
        0.7361111111111112,
        0.7361111111111112,
        0.7361111111111112,
        0.7361111111111112,
        0.7361111111111112,
        0.7361111111111112,
        0.7361111111111112,
        0.7361111111111112,
        0.7361111111111112,
        0.7361111111111112
    ],
    "test_metric": [
        0.7566666666666667,
        0.7566666666666667,
        0.7568518518518519,
        0.7562962962962964,
        0.7562962962962964,
        0.7562037037037036,
        0.7564814814814814,
        0.7562962962962964,
        0.7561111111111111,
        0.755925925925926,
        0.7557407407407407,
        0.7557407407407407,
        0.755,
        0.755,
        0.7548148148148148,
        0.7544444444444444,
        0.7544444444444444,
        0.755,
        0.7546296296296298,
        0.7546296296296297,
        0.7542592592592593,
        0.7538888888888889,
        0.7540740740740741
    ],
    "tr_loss": [
        0.6950304210186005,
        0.6951129734516144,
        0.6958137452602386,
        0.6951395869255066,
        0.6951279044151306,
        0.6949200332164764,
        0.6946433186531067,
        0.6948458850383759,
        0.6942885220050812,
        0.6943808197975159,
        0.6940600275993347,
        0.6938741505146027,
        0.69410240650177,
        0.6941266357898712,
        0.6938188374042511,
        0.693789541721344,
        0.6934269964694977,
        0.6930037438869476,
        0.6930514872074127,
        0.6929023861885071,
        0.6936805546283722,
        0.693166971206665,
        0.6922127902507782
    ],
    "tr_times": 4.278653383255005,
    "ev_times": 0.00021529197692871094,
    "test_times": 0.00019884109497070312,
    "param_total_size": 330412,
    "param_total_count": 82603,
    "model_size": 490079
}