{
    "metric": "roc_auc",
    "eval_score": 0.9835164835164836,
    "n_trial": 89,
    "dataset": "train_1564_Mammographic-Mass-Data-Set",
    "model": {
        "booster": "gbtree",
        "n_estimators": 2000,
        "n_jobs": -1,
        "tree_method": "hist",
        "alpha": 3.5823389922610792e-06,
        "colsample_bylevel": 0.8390517839052019,
        "colsample_bytree": 0.845774803157403,
        "gamma": 7.926354563470047e-06,
        "lambda": 0.625977321145569,
        "learning_rate": 0.09374270076141641,
        "max_depth": 4,
        "min_child_weight": 6.376251706512578e-08,
        "subsample": 0.6225444815635792
    },
    "training": {
        "early_stopping_rounds": 20,
        "verbose": false
    }
}