{
    "args": {
        "model": "tv7.2",
        "output": "finetune_outputs/binclass-0.8/tv7.2-tuned/train_0546_analcatdata_seropositive",
        "dataset": "train_0546_analcatdata_seropositive",
        "task": "binclass",
        "batch_size": 64,
        "early_stop": 16,
        "reduce_data": 0.8
    },
    "device": "NVIDIA GeForce RTX 3090",
    "best_eval_score": 1.0,
    "final_test_score": 0.9506172839506173,
    "ev_metric": [
        1.0,
        1.0,
        1.0,
        1.0,
        1.0,
        1.0,
        1.0,
        1.0,
        1.0,
        1.0,
        1.0,
        1.0,
        1.0,
        1.0,
        1.0,
        1.0,
        1.0
    ],
    "test_metric": [
        0.9506172839506173,
        0.9506172839506173,
        0.9506172839506173,
        0.9506172839506173,
        0.9506172839506173,
        0.9506172839506173,
        0.9506172839506173,
        0.9506172839506173,
        0.9506172839506173,
        0.9506172839506173,
        0.9506172839506173,
        0.9506172839506173,
        0.9506172839506173,
        0.9506172839506173,
        0.9506172839506173,
        0.9506172839506173,
        0.9506172839506173
    ],
    "tr_loss": [
        0.6341413259506226,
        0.6339932680130005,
        0.6338467597961426,
        0.633700430393219,
        0.6335551142692566,
        0.6334102153778076,
        0.63326495885849,
        0.6331186294555664,
        0.6329724788665771,
        0.6328266859054565,
        0.6326805353164673,
        0.6325344443321228,
        0.6323890686035156,
        0.6322444677352905,
        0.6320999264717102,
        0.6319553256034851,
        0.6318105459213257
    ],
    "tr_times": 1.138260841369629,
    "ev_times": 0.0002567768096923828,
    "test_times": 0.00022077560424804688,
    "param_total_size": 217608,
    "param_total_count": 54401,
    "model_size": 237085
}