{
    "metric": "roc_auc",
    "eval_score": 1.0,
    "n_trial": 0,
    "dataset": "train_1333_ricci_vs_destefano",
    "model": {
        "booster": "gbtree",
        "n_estimators": 2000,
        "n_jobs": -1,
        "tree_method": "hist",
        "alpha": 1.2146684443289179e-08,
        "colsample_bylevel": 0.684618655758102,
        "colsample_bytree": 0.5242313102432816,
        "gamma": 7.195544714503711e-08,
        "lambda": 0.33115847980500285,
        "learning_rate": 0.25253222168061656,
        "max_depth": 10,
        "min_child_weight": 2.1607903386096097e-07,
        "subsample": 0.7040013848006652
    },
    "training": {
        "early_stopping_rounds": 20,
        "verbose": false
    }
}