{
    "args": {
        "model": "mlp",
        "output": "finetune_outputs/binclass-0.8/mlp-tuned/train_1600_VulNoneVul",
        "dataset": "train_1600_VulNoneVul",
        "task": "binclass",
        "batch_size": 64,
        "early_stop": 16,
        "reduce_data": 0.8
    },
    "device": "NVIDIA GeForce RTX 3090",
    "best_eval_score": 0.49444444444444446,
    "final_test_score": 0.5816408768536429,
    "ev_metric": [
        0.39305555555555555,
        0.49444444444444446,
        0.30694444444444446,
        0.21666666666666665,
        0.07499999999999998,
        0.033333333333333326,
        0.0763888888888889,
        0.0708333333333333,
        0.0625,
        0.054166666666666696,
        0.05138888888888887,
        0.05138888888888887,
        0.05138888888888887,
        0.05694444444444441,
        0.07361111111111113,
        0.09583333333333333,
        0.12916666666666665,
        0.1486111111111111
    ],
    "test_metric": [
        0.595341715022566,
        0.5816408768536429,
        0.5013700838168923,
        0.38571889103804,
        0.32696647324306893,
        0.38579948420373955,
        0.410541586073501,
        0.4144503546099291,
        0.41344294003868476,
        0.4143294648613798,
        0.4193262411347517,
        0.42222759509993557,
        0.42778852353320446,
        0.43665377176015474,
        0.44568020631850425,
        0.4556737588652483,
        0.4638942617666022,
        0.4744519664732431
    ],
    "tr_loss": [
        0.6736302127440771,
        0.667481005191803,
        0.6608574340740839,
        0.6544641753037771,
        0.6466342359781265,
        0.6373953322569529,
        0.6262764583031336,
        0.6115380873282751,
        0.5881009598573049,
        0.5474871397018433,
        0.462292601664861,
        0.27135144422451657,
        0.08494882673646013,
        0.06292499136179686,
        0.07575753866694868,
        0.07486223592422903,
        0.07204156512549768,
        0.05955955541382233
    ],
    "tr_times": 0.7759437561035156,
    "ev_times": 0.00027823448181152344,
    "test_times": 0.0005919933319091797,
    "param_total_size": 10791192,
    "param_total_count": 2697798,
    "model_size": 10803147
}