{
    "args": {
        "model": "dcnv2",
        "output": "finetune_outputs/binclass-0.8/dcnv2-tuned/train_0424_autoPrice",
        "dataset": "train_0424_autoPrice",
        "task": "binclass",
        "batch_size": 64,
        "early_stop": 16,
        "reduce_data": 0.8
    },
    "device": "NVIDIA GeForce RTX 3090",
    "best_eval_score": 1.0,
    "final_test_score": 0.9653679653679653,
    "ev_metric": [
        1.0,
        1.0,
        1.0,
        0.8333333333333333,
        0.8333333333333333,
        0.8333333333333333,
        0.8333333333333333,
        0.8333333333333333,
        0.8333333333333333,
        0.8333333333333333,
        0.8333333333333333,
        0.8333333333333333,
        0.8333333333333333,
        0.8333333333333333,
        0.8333333333333333,
        0.8333333333333333,
        0.8333333333333333
    ],
    "test_metric": [
        0.9653679653679653,
        0.9696969696969697,
        0.987012987012987,
        0.987012987012987,
        0.987012987012987,
        0.987012987012987,
        0.9913419913419913,
        0.9956709956709956,
        0.9956709956709956,
        0.9956709956709956,
        0.9956709956709956,
        0.9956709956709956,
        1.0,
        1.0,
        1.0,
        1.0,
        1.0
    ],
    "tr_loss": [
        1.0460777282714844,
        0.26524072885513306,
        0.19594049453735352,
        0.15698106586933136,
        0.1290297955274582,
        0.10751686245203018,
        0.08997049182653427,
        0.0819062739610672,
        0.07376229017972946,
        0.07138839364051819,
        0.06586930900812149,
        0.06112561747431755,
        0.05480390787124634,
        0.05316651612520218,
        0.0493500716984272,
        0.04535990580916405,
        0.042636044323444366
    ],
    "tr_times": 0.3127479553222656,
    "ev_times": 0.00017189979553222656,
    "test_times": 0.00017070770263671875,
    "param_total_size": 2610652,
    "param_total_count": 652663,
    "model_size": 2618395
}