{
    "args": {
        "output": "finetune_outputs/binclass-0.0/ftt-tuned/train_1635_Is-this-a-good-customer",
        "dataset": "train_1635_Is-this-a-good-customer",
        "task": "binclass",
        "batch_size": 64,
        "early_stop": 16,
        "reduce_data": 0.0
    },
    "device": "NVIDIA GeForce RTX 3090",
    "best_eval_score": 0.6909809084924292,
    "final_test_score": 0.655186861069214,
    "ev_metric": [
        0.5973666886109282,
        0.6837393021724819,
        0.6828176431863068,
        0.680842659644503,
        0.6836076366030284,
        0.6909809084924292,
        0.6884792626728111,
        0.6867676102699144,
        0.6845292955892034,
        0.6882159315339039,
        0.6896642527978933,
        0.6862409479921001,
        0.6855826201448321,
        0.689795918367347,
        0.6817643186306781,
        0.6815009874917709,
        0.6795260039499671,
        0.6793943383805134,
        0.6778143515470705,
        0.6753127057274523,
        0.6784726793943383,
        0.6736010533245557
    ],
    "test_metric": [
        0.5855538796715267,
        0.6602145131556897,
        0.6628121334003687,
        0.6741243505949388,
        0.6653259594436065,
        0.655186861069214,
        0.6564437740908329,
        0.6577006871124518,
        0.6585386291268644,
        0.6553544494720965,
        0.6608848667672197,
        0.6633148986090163,
        0.6680073738897269,
        0.6639852522205463,
        0.6645718116306352,
        0.6697670521199933,
        0.6654097536450478,
        0.6626445449974862,
        0.6643204290263114,
        0.6806602983073571,
        0.679989944695827,
        0.6837606837606838
    ],
    "tr_loss": [
        0.3911041733291414,
        0.34832942568593556,
        0.3489218047923512,
        0.33908064746194416,
        0.34645434551768833,
        0.334929791589578,
        0.3424021245704757,
        0.32692774881919223,
        0.3337373808026314,
        0.33386263830794227,
        0.3214023783802986,
        0.32849464731083977,
        0.31399571316109764,
        0.32373109128740096,
        0.31949903898768955,
        0.31560830854707295,
        0.3126758105225033,
        0.3232123512360785,
        0.32132274988624787,
        0.3144436354438464,
        0.3237774893641472,
        0.32440128922462463
    ]
}