{
    "args": {
        "output": "finetune_outputs/binclass-0.0/ftt-tuned/train_1635_Is-this-a-good-customer",
        "dataset": "train_1635_Is-this-a-good-customer",
        "task": "binclass",
        "batch_size": 64,
        "early_stop": 16,
        "reduce_data": 0.0
    },
    "device": "NVIDIA GeForce RTX 3090",
    "best_eval_score": 0.6909809084924292,
    "final_test_score": 0.655186861069214,
    "ev_metric": [
        0.5973666886109282,
        0.6837393021724819,
        0.6828176431863068,
        0.680842659644503,
        0.6836076366030284,
        0.6909809084924292,
        0.6884792626728111,
        0.6867676102699144,
        0.6845292955892034,
        0.6882159315339039,
        0.6896642527978933
    ],
    "test_metric": [
        0.5855538796715267,
        0.6602145131556897,
        0.6628121334003687,
        0.6741243505949388,
        0.6653259594436065,
        0.655186861069214,
        0.6564437740908329,
        0.6577006871124518,
        0.6585386291268644,
        0.6553544494720965,
        0.6608848667672197
    ],
    "tr_loss": [
        0.3911041733291414,
        0.34832942568593556,
        0.3489218047923512,
        0.33908064746194416,
        0.34645434551768833,
        0.334929791589578,
        0.3424021245704757,
        0.32692774881919223,
        0.3337373808026314,
        0.33386263830794227,
        0.3214023783802986
    ]
}