{
    "args": {
        "model": "mlp",
        "output": "finetune_outputs/binclass-0.8/mlp-tuned/train_2620_sf-police-incidents_seed_1_nrows_2000_nclasses_10_ncols_100_stratify_True",
        "dataset": "train_2620_sf-police-incidents_seed_1_nrows_2000_nclasses_10_ncols_100_stratify_True",
        "task": "binclass",
        "batch_size": 64,
        "early_stop": 16,
        "reduce_data": 0.8
    },
    "device": "NVIDIA GeForce RTX 3090",
    "best_eval_score": 0.5970982142857143,
    "final_test_score": 0.4984882842025699,
    "ev_metric": [
        0.5089285714285715,
        0.5970982142857143,
        0.5,
        0.49107142857142855,
        0.5803571428571428,
        0.5390625,
        0.5133928571428572,
        0.45424107142857145,
        0.5412946428571428,
        0.4988839285714286,
        0.5412946428571428,
        0.5524553571428572,
        0.5412946428571428,
        0.5401785714285715,
        0.5535714285714286,
        0.5491071428571428,
        0.5513392857142857,
        0.5546875
    ],
    "test_metric": [
        0.5019768591197162,
        0.4984882842025699,
        0.5042735042735043,
        0.5030815745101459,
        0.48840048840048844,
        0.4837781266352695,
        0.5309901738473167,
        0.51994301994302,
        0.5523286237571952,
        0.5267748124890981,
        0.5404383975812548,
        0.5489272632129775,
        0.5460491889063317,
        0.5485784057212629,
        0.5420954706668991,
        0.541630327344613,
        0.5405546834118262,
        0.5412523983952555
    ],
    "tr_loss": [
        0.6673308461904526,
        0.6657689660787582,
        0.6637474596500397,
        0.661798506975174,
        0.6602426469326019,
        0.6582222431898117,
        0.6565297245979309,
        0.6548004001379013,
        0.6529278457164764,
        0.6509547382593155,
        0.6487436294555664,
        0.6468676626682281,
        0.6446543633937836,
        0.6424751430749893,
        0.6400405764579773,
        0.636864110827446,
        0.6344859898090363,
        0.6309501826763153
    ],
    "tr_times": 0.4574403762817383,
    "ev_times": 0.0002846717834472656,
    "test_times": 0.00032639503479003906,
    "param_total_size": 5418688,
    "param_total_count": 1354669,
    "model_size": 5432007
}