{
    "metric": "roc_auc",
    "eval_score": 0.5710009976720986,
    "n_trial": 52,
    "dataset": "train_0437_quake",
    "model": {
        "attention_dropout": 0.12730953465266534,
        "d_ffn_factor": 2.5053216724860445,
        "d_token": 192,
        "ffn_dropout": 0.2724937997759914,
        "n_blocks": 2,
        "residual_dropout": 0.4975335513372937
    },
    "training": {
        "batch_size": 64,
        "eval_batch_size": 128,
        "optimizer": "adamw",
        "lr": 0.0007307631250927364,
        "weight_decay": 0.0001179305611724253
    }
}