{
    "args": {
        "model": "xgboost",
        "output": "finetune_outputs/openml-0.8/xgboost-tuned/40983",
        "dataset": "40983",
        "task": "openml",
        "reduce_data": 0.8
    },
    "device": "NVIDIA GeForce RTX 3090",
    "configs": {
        "metric": "roc_auc",
        "eval_score": 0.9863138686131386,
        "n_trial": 84,
        "dataset": "40983",
        "model": {
            "booster": "gbtree",
            "n_estimators": 2000,
            "n_jobs": -1,
            "tree_method": "hist",
            "alpha": 0.0011902551530161528,
            "colsample_bylevel": 0.9302423975804828,
            "colsample_bytree": 0.9828086767665924,
            "gamma": 9.73902106724987e-06,
            "lambda": 1.298933759920512e-05,
            "learning_rate": 0.8469153678377221,
            "max_depth": 6,
            "min_child_weight": 1.3976175790546009e-07,
            "subsample": 0.7788104258037606
        },
        "training": {
            "early_stopping_rounds": 20,
            "verbose": false,
            "eval_metric": "error"
        }
    },
    "best_eval_score": 0.9863138686131386,
    "final_test_score": 0.9811756802149815,
    "tr_times": 0.025406360626220703,
    "ev_times": 0.0002949237823486328,
    "test_times": 0.0003094673156738281,
    "param_total_size": 0,
    "param_total_count": 0,
    "model_size": 39711
}