{
    "args": {
        "model": "tv7.4",
        "output": "finetune_outputs/binclass-0.8/tv7.4-tuned/train_0284_bank8FM",
        "dataset": "train_0284_bank8FM",
        "task": "binclass",
        "batch_size": 64,
        "early_stop": 16,
        "reduce_data": 0.8
    },
    "device": "NVIDIA GeForce RTX 3090",
    "best_eval_score": 0.9565795839380745,
    "final_test_score": 0.9706172480650119,
    "ev_metric": [
        0.9556119980648281,
        0.9560353168843735,
        0.9565795839380745,
        0.9558538945331398,
        0.9553096274794388,
        0.9538582486695695,
        0.9527092404450895,
        0.9520440251572327,
        0.9484155781325593,
        0.9488993710691824,
        0.946298984034833,
        0.9462385099177553,
        0.9467827769714563,
        0.9436985970004838,
        0.9416424770198355,
        0.9412191582002902,
        0.9403120464441219,
        0.9401306240928883,
        0.9386792452830188
    ],
    "test_metric": [
        0.9709187444145869,
        0.9708731334283691,
        0.9706172480650119,
        0.9704023352824943,
        0.9699701905147702,
        0.9688175467783182,
        0.9682872224300915,
        0.9677367983252265,
        0.9666730573585209,
        0.9662231320368475,
        0.965470164230473,
        0.9647805879642657,
        0.964618243776033,
        0.9642595404267952,
        0.9633519591078181,
        0.9625788915448055,
        0.9622294650063237,
        0.9618321082789352,
        0.9619929063320418
    ],
    "tr_loss": [
        0.671545056735768,
        0.6643715641077828,
        0.6551314136561226,
        0.6430398716646082,
        0.6303944798076854,
        0.6160978254149941,
        0.6029712662977331,
        0.5902760098962223,
        0.5797885375864366,
        0.5686081612811369,
        0.5623354420942419,
        0.5561599486014422,
        0.5504063718459186,
        0.5474712988909554,
        0.5429113857886371,
        0.5401249282500323,
        0.5389126118491677,
        0.5339619131649241,
        0.5328527022810543
    ],
    "tr_times": 20.64941906929016,
    "ev_times": 0.0002262592315673828,
    "test_times": 0.0005981922149658203,
    "param_total_size": 2494812,
    "param_total_count": 623702,
    "model_size": 3558045
}