{
    "args": {
        "output": "finetune_outputs/binclass-0.0/ftt-tuned/train_0400_analcatdata_supreme",
        "dataset": "train_0400_analcatdata_supreme",
        "task": "binclass",
        "batch_size": 64,
        "early_stop": 16,
        "reduce_data": 0.0
    },
    "device": "NVIDIA GeForce RTX 3090",
    "best_eval_score": 0.9997724554012586,
    "final_test_score": 0.9987050744373339,
    "ev_metric": [
        0.9977570603838353,
        0.997080927861861,
        0.99526057107193,
        0.9960147188849015,
        0.9987192489727987,
        0.999369376397774,
        0.9989792999427888,
        0.9986672387788007,
        0.9989012846517917,
        0.9995644146252666,
        0.9995644146252666,
        0.9997334477557602,
        0.9996164248192646,
        0.9997204452072607,
        0.9997334477557601,
        0.9997334477557601,
        0.9996814375617621,
        0.9996944401102617,
        0.9997204452072606,
        0.9997724554012586,
        0.9997464503042597,
        0.9997334477557602,
        0.9996554324647632,
        0.9995644146252667,
        0.9996554324647631,
        0.9996424299162635,
        0.9996424299162636,
        0.9997204452072607,
        0.9996424299162635,
        0.9996684350132625,
        0.9996944401102617,
        0.9996684350132626,
        0.9996814375617622,
        0.9996814375617621,
        0.9996814375617622,
        0.9997464503042597
    ],
    "test_metric": [
        0.9925228491704121,
        0.9854383531888586,
        0.977242727530953,
        0.9819880031412388,
        0.9906765359488044,
        0.991186151815402,
        0.9908185600427744,
        0.9881284566158165,
        0.9902337549499574,
        0.9974017945161991,
        0.9974268575916054,
        0.997986599609016,
        0.9977359688549515,
        0.9982455847215492,
        0.9986800113619274,
        0.9986716570034587,
        0.9988554528897726,
        0.9988554528897726,
        0.9987552005881468,
        0.9987050744373339,
        0.9986883657203962,
        0.9986465939280522,
        0.9986883657203964,
        0.9986883657203963,
        0.9986883657203963,
        0.9986549482865211,
        0.9986800113619276,
        0.9987384918712092,
        0.9986465939280522,
        0.998654948286521,
        0.9985964677772393,
        0.9986633026449899,
        0.9986633026449899,
        0.998613176494177,
        0.9985797590603018,
        0.9985881134187705
    ],
    "tr_loss": [
        0.540008577631741,
        0.3110460973367458,
        0.13607631478367782,
        0.08852090268600278,
        0.07109117934980043,
        0.060363807874481853,
        0.05581722644771018,
        0.053914869931049464,
        0.048015653087598524,
        0.04702486724751752,
        0.04685715099842083,
        0.04942968737606595,
        0.04516935039584229,
        0.03977566539514356,
        0.03802263468685674,
        0.03742321616992718,
        0.03521433633911174,
        0.033118109650364734,
        0.03248601131958932,
        0.03378121775188824,
        0.03146289925022823,
        0.029811936657784914,
        0.029824690416273548,
        0.029495957296159937,
        0.028621785467626844,
        0.028303036523028846,
        0.027135710731693883,
        0.0248029065977146,
        0.025877741926417844,
        0.029236153324657097,
        0.02529812852920192,
        0.02805736783619334,
        0.028862985657391753,
        0.027083020941240758,
        0.02426417469524029,
        0.02372214380969725
    ]
}