{
    "args": {
        "model": "tv7.3",
        "output": "finetune_outputs/binclass-0.8/tv7.3-tuned/UniversalBank",
        "dataset": "UniversalBank",
        "task": "binclass",
        "batch_size": 64,
        "early_stop": 16,
        "reduce_data": 0.8
    },
    "device": "NVIDIA GeForce RTX 3090",
    "best_eval_score": 0.5838825080022595,
    "final_test_score": 0.5002601607215124,
    "ev_metric": [
        0.5838825080022595,
        0.5801167388439089,
        0.5761626812276408,
        0.5723969120692901,
        0.571267181321785,
        0.5710788928638674,
        0.5718320466955374,
        0.5708906044059499,
        0.571267181321785,
        0.5727734889851253,
        0.57164375823762,
        0.5720203351534552,
        0.5729617774430428,
        0.5737149312747128,
        0.5757861043118057,
        0.5771041235172284,
        0.5765392581434758
    ],
    "test_metric": [
        0.5002601607215124,
        0.5024137133606984,
        0.5036711568480083,
        0.50475515985431,
        0.505586228825808,
        0.5064727023954058,
        0.5074868474301901,
        0.5085106280472529,
        0.5094043283035594,
        0.5099487387022797,
        0.5103630687402441,
        0.5109604748414946,
        0.5119577576072922,
        0.5126467017401861,
        0.5134416372781407,
        0.5138704206895223,
        0.5145569559268466
    ],
    "tr_loss": [
        0.6895392179489136,
        0.6878307640552521,
        0.6861047208309173,
        0.6844020545482635,
        0.682660061120987,
        0.6809668362140655,
        0.6792855560779572,
        0.6776505172252655,
        0.6758797645568848,
        0.6741696059703827,
        0.6724630117416381,
        0.6707915961742401,
        0.6690325677394867,
        0.6674146354198456,
        0.6655944585800171,
        0.6638799011707306,
        0.6621955573558808
    ],
    "tr_times": 17.329891681671143,
    "ev_times": 0.00040531158447265625,
    "test_times": 0.00055694580078125,
    "param_total_size": 625252,
    "param_total_count": 156313,
    "model_size": 925663
}