{
    "metric": "roc_auc",
    "eval_score": 0.7710300186556617,
    "n_trial": 60,
    "dataset": "NFL",
    "model": {
        "booster": "gbtree",
        "n_estimators": 2000,
        "n_jobs": -1,
        "tree_method": "hist",
        "alpha": 0.00011223726372865232,
        "colsample_bylevel": 0.6021989844921315,
        "colsample_bytree": 0.599808835079813,
        "gamma": 0.0013710241400382366,
        "lambda": 1.0623772540894076e-08,
        "learning_rate": 0.15920274562591644,
        "max_depth": 4,
        "min_child_weight": 26.762831020863302,
        "subsample": 0.8797593138792668
    },
    "training": {
        "early_stopping_rounds": 20,
        "verbose": false
    }
}