{
    "args": {
        "model": "xgboost",
        "output": "finetune_outputs/openml-0.8/xgboost-tuned/4534",
        "dataset": "4534",
        "task": "openml",
        "reduce_data": 0.8
    },
    "device": "NVIDIA GeForce RTX 3090",
    "configs": {
        "metric": "roc_auc",
        "eval_score": 0.9874977017834161,
        "n_trial": 67,
        "dataset": "4534",
        "model": {
            "booster": "gbtree",
            "n_estimators": 2000,
            "n_jobs": -1,
            "tree_method": "hist",
            "alpha": 1.6943625762508293e-06,
            "colsample_bylevel": 0.662888830273116,
            "colsample_bytree": 0.5189191099244563,
            "gamma": 2.9281708777252954e-07,
            "lambda": 2.3268292371162345e-06,
            "learning_rate": 0.2870572831624723,
            "max_depth": 6,
            "min_child_weight": 2.534912137326573e-06,
            "subsample": 0.9446819455755273
        },
        "training": {
            "early_stopping_rounds": 20,
            "verbose": false,
            "eval_metric": "error"
        }
    },
    "best_eval_score": 0.9874977017834161,
    "final_test_score": 0.9903491533065467,
    "tr_times": 0.0613551139831543,
    "ev_times": 0.0002989768981933594,
    "test_times": 0.0007050037384033203,
    "param_total_size": 0,
    "param_total_count": 0,
    "model_size": 410573
}