{
    "args": {
        "model": "tv7.4",
        "output": "finetune_outputs/binclass-0.8/tv7.4-tuned/train_2393_airlines_seed_4_nrows_2000_nclasses_10_ncols_100_stratify_True",
        "dataset": "train_2393_airlines_seed_4_nrows_2000_nclasses_10_ncols_100_stratify_True",
        "task": "binclass",
        "batch_size": 64,
        "early_stop": 16,
        "reduce_data": 0.8
    },
    "device": "NVIDIA GeForce RTX 3090",
    "best_eval_score": 0.6315270935960591,
    "final_test_score": 0.5099453385970241,
    "ev_metric": [
        0.6315270935960591,
        0.6295566502463054,
        0.6295566502463054,
        0.6275862068965518,
        0.6275862068965518,
        0.625615763546798,
        0.625615763546798,
        0.625615763546798,
        0.6246305418719212,
        0.6246305418719212,
        0.6236453201970443,
        0.6246305418719212,
        0.6246305418719212,
        0.6226600985221674,
        0.6236453201970443,
        0.6236453201970443,
        0.6226600985221674
    ],
    "test_metric": [
        0.5099453385970241,
        0.5098694199817795,
        0.509995951007187,
        0.5102490130580017,
        0.510249013058002,
        0.5104261564935721,
        0.5106032999291427,
        0.5102490130580019,
        0.5103502378783278,
        0.5104008502884907,
        0.5103249316732463,
        0.5106286061342241,
        0.5103755440834092,
        0.5103755440834092,
        0.5102490130580017,
        0.5102743192630832,
        0.5101984006478388
    ],
    "tr_loss": [
        0.6899797767400742,
        0.6899045258760452,
        0.689832329750061,
        0.6897626221179962,
        0.6896936446428299,
        0.689623698592186,
        0.6895546168088913,
        0.6894849687814713,
        0.6894172877073288,
        0.6893513947725296,
        0.689283013343811,
        0.6892168074846268,
        0.6891514956951141,
        0.6890876889228821,
        0.6890220195055008,
        0.6889584213495255,
        0.6888941675424576
    ],
    "tr_times": 4.14937686920166,
    "ev_times": 0.0002548694610595703,
    "test_times": 0.00036525726318359375,
    "param_total_size": 440884,
    "param_total_count": 110220,
    "model_size": 599837
}