{
    "args": {
        "model": "tv7.2",
        "output": "finetune_outputs/binclass-0.8/tv7.2-tuned/UniversalBank",
        "dataset": "UniversalBank",
        "task": "binclass",
        "batch_size": 64,
        "early_stop": 16,
        "reduce_data": 0.8
    },
    "device": "NVIDIA GeForce RTX 3090",
    "best_eval_score": 0.6243645264545283,
    "final_test_score": 0.5357431924611205,
    "ev_metric": [
        0.6237996610807758,
        0.6243645264545283,
        0.61890416117492,
        0.6226699303332707,
        0.6168329881378272,
        0.6228582187911882,
        0.6136320843532291,
        0.6149501035586519,
        0.6207870457540953,
        0.6160798343061571,
        0.6093014498211259,
        0.6155149689324044,
        0.6185275842590849,
        0.6130672189794766,
        0.6070419883261156,
        0.6126906420636415,
        0.6226699303332707,
        0.6106194690265486
    ],
    "test_metric": [
        0.531033801622632,
        0.5357431924611205,
        0.5340906901004028,
        0.5403345474167004,
        0.5421484457805785,
        0.5391758686477424,
        0.5352517777649304,
        0.5397443680021583,
        0.5432758089071323,
        0.5334884662080129,
        0.5468168853943843,
        0.5392264554547032,
        0.5422014414831088,
        0.5451788364070841,
        0.5394215759958374,
        0.5441092867741999,
        0.5469011967393189,
        0.5426519049546165
    ],
    "tr_loss": [
        0.6728333055973053,
        0.6613865196704865,
        0.6512099027633667,
        0.6437112271785737,
        0.6373818159103394,
        0.6327888786792755,
        0.6288127541542053,
        0.6257766425609589,
        0.6233288228511811,
        0.6210509419441224,
        0.6191729009151459,
        0.6171808063983917,
        0.6155279874801636,
        0.6139902710914612,
        0.6126020669937133,
        0.6111568927764892,
        0.6097426474094391,
        0.6083776891231537
    ],
    "tr_times": 0.22946739196777344,
    "ev_times": 0.0002739429473876953,
    "test_times": 0.0002732276916503906,
    "param_total_size": 1516688,
    "param_total_count": 379166,
    "model_size": 1683485
}