{
    "args": {
        "output": "finetune_outputs/binclass-0.8/ftt-tuned/bt_dataset_t3",
        "dataset": "bt_dataset_t3",
        "task": "binclass",
        "batch_size": 64,
        "early_stop": 16,
        "reduce_data": 0.8
    },
    "device": "NVIDIA GeForce RTX 3090",
    "best_eval_score": 1.0,
    "final_test_score": 0.9887709991158267,
    "ev_metric": [
        0.7304964539007093,
        0.7553191489361702,
        0.7801418439716312,
        0.7836879432624113,
        0.8085106382978724,
        0.8297872340425532,
        0.900709219858156,
        0.9609929078014184,
        0.9964539007092199,
        0.9964539007092199,
        0.9929078014184398,
        1.0,
        0.9929078014184398,
        1.0,
        1.0,
        1.0,
        1.0,
        1.0,
        1.0,
        1.0,
        1.0,
        1.0,
        1.0,
        1.0,
        1.0,
        1.0,
        1.0,
        1.0
    ],
    "test_metric": [
        0.8612732095490716,
        0.8313881520778073,
        0.8685234305923961,
        0.8869142351900973,
        0.8984969053934572,
        0.9128205128205129,
        0.938815207780725,
        0.9730327144120248,
        0.9778956675508399,
        0.9857648099027408,
        0.9717064544650751,
        0.9887709991158267,
        0.983289124668435,
        0.9894783377541998,
        0.9890362511052165,
        0.9927497789566755,
        0.9922192749778955,
        0.9923961096374888,
        0.9923076923076922,
        0.9920424403183022,
        0.9871794871794871,
        0.9905393457117594,
        0.9924845269672855,
        0.9925729442970822,
        0.9895667550839964,
        0.9893899204244031,
        0.98841732979664,
        0.9862953138815207
    ],
    "tr_loss": [
        0.43834854662418365,
        0.40255772322416306,
        0.35948386415839195,
        0.33536215871572495,
        0.2857734337449074,
        0.3095949739217758,
        0.24266551807522774,
        0.230881255120039,
        0.1816633753478527,
        0.15850290097296238,
        0.16376594826579094,
        0.12216812837868929,
        0.16158515959978104,
        0.12966467253863811,
        0.12451443448662758,
        0.14357511885464191,
        0.1276881992816925,
        0.12150311470031738,
        0.13140088692307472,
        0.11395200714468956,
        0.10847830958664417,
        0.15066386386752129,
        0.1039657760411501,
        0.11875994503498077,
        0.18678093142807484,
        0.11401292122900486,
        0.10516024567186832,
        0.08076223288662732
    ],
    "tr_times": 0.8042502403259277,
    "ev_times": 0.0007398128509521484,
    "test_times": 0.0007982254028320312,
    "param_total_size": 5925412,
    "param_total_count": 1481353,
    "model_size": 5951604
}