{
    "args": {
        "output": "finetune_outputs/binclass-0.0/ftt-tuned/train_1742_Loan-Predication",
        "dataset": "train_1742_Loan-Predication",
        "task": "binclass",
        "batch_size": 64,
        "early_stop": 16,
        "reduce_data": 0.0
    },
    "device": "NVIDIA GeForce RTX 3090",
    "best_eval_score": 0.793168880455408,
    "final_test_score": 0.7959752321981424,
    "ev_metric": [
        0.7101518026565464,
        0.793168880455408,
        0.7922201138519924,
        0.7518975332068311,
        0.7642314990512334,
        0.7381404174573055,
        0.7357685009487667,
        0.7395635673624288,
        0.7485768500948767,
        0.7817836812144213,
        0.7917457305502846,
        0.7618595825426945,
        0.7182163187855788,
        0.7680265654648957,
        0.7808349146110057,
        0.7495256166982922,
        0.7205882352941176,
        0.7438330170777989
    ],
    "test_metric": [
        0.7603715170278638,
        0.7959752321981424,
        0.7885448916408668,
        0.755108359133127,
        0.7352941176470589,
        0.7665634674922601,
        0.7773993808049536,
        0.7956656346749226,
        0.7773993808049535,
        0.7665634674922601,
        0.7647058823529412,
        0.7597523219814242,
        0.7229102167182662,
        0.7637770897832816,
        0.7879256965944273,
        0.7736842105263159,
        0.7619195046439629,
        0.7637770897832817
    ],
    "tr_loss": [
        0.6943298237664359,
        0.6074847323553902,
        0.5445770451000759,
        0.4717073610850743,
        0.4938266021864755,
        0.4631733809198652,
        0.4326901435852051,
        0.49217627729688374,
        0.43882460253579275,
        0.4563875070640019,
        0.4283258893660137,
        0.47635275551251005,
        0.47408094150679453,
        0.48475442613874165,
        0.4686455173151834,
        0.463251599243709,
        0.5184577533176967,
        0.4578689251627241
    ]
}