{
    "args": {
        "model": "tv7.1",
        "output": "finetune_outputs/binclass-0.8/tv7.1-tuned/new_model",
        "dataset": "new_model",
        "task": "binclass",
        "batch_size": 64,
        "early_stop": 16,
        "reduce_data": 0.8
    },
    "device": "NVIDIA GeForce RTX 3090",
    "best_eval_score": 1.0,
    "final_test_score": 0.9706666666666667,
    "ev_metric": [
        1.0,
        1.0,
        1.0,
        1.0,
        1.0,
        1.0,
        1.0,
        1.0,
        1.0,
        1.0,
        1.0,
        1.0,
        1.0,
        1.0,
        1.0,
        1.0,
        1.0
    ],
    "test_metric": [
        0.9706666666666667,
        0.9706666666666667,
        0.9706666666666667,
        0.9706666666666667,
        0.9706666666666667,
        0.9706666666666667,
        0.9706666666666667,
        0.9706666666666667,
        0.9706666666666667,
        0.9706666666666667,
        0.9706666666666667,
        0.9706666666666667,
        0.9706666666666667,
        0.9706666666666667,
        0.9706666666666667,
        0.9713333333333333,
        0.9713333333333333
    ],
    "tr_loss": [
        0.6825759410858154,
        0.6825512647628784,
        0.6825266480445862,
        0.6825019717216492,
        0.6824772357940674,
        0.6824525594711304,
        0.6824278831481934,
        0.6824031472206116,
        0.6823784708976746,
        0.6823538541793823,
        0.6823290586471558,
        0.6823043823242188,
        0.682279646396637,
        0.6822549104690552,
        0.6822302341461182,
        0.6822053790092468,
        0.682180643081665
    ],
    "tr_times": 0.3337693214416504,
    "ev_times": 0.0002269744873046875,
    "test_times": 0.0002942085266113281,
    "param_total_size": 67148,
    "param_total_count": 16787
}