{
    "args": {
        "output": "finetune_outputs/binclass-0.0/ftt-tuned/train_1752_Wisconsin-breast-cancer-cytology-features",
        "dataset": "train_1752_Wisconsin-breast-cancer-cytology-features",
        "task": "binclass",
        "batch_size": 64,
        "early_stop": 16,
        "reduce_data": 0.0
    },
    "device": "NVIDIA GeForce RTX 3090",
    "best_eval_score": 0.9887600983491395,
    "final_test_score": 0.9997735507246376,
    "ev_metric": [
        0.7938180540920268,
        0.9564453811029154,
        0.9676852827537759,
        0.9729539866526167,
        0.9778714436248683,
        0.982086406743941,
        0.982086406743941,
        0.9838426413768879,
        0.985598876009835,
        0.9859501229364243,
        0.986652616789603,
        0.9873551106427818,
        0.9880576044959607,
        0.9887600983491395,
        0.9880576044959607,
        0.9880576044959606,
        0.9877063575693712,
        0.9877063575693712,
        0.9863013698630138,
        0.9859501229364243,
        0.9852476290832456,
        0.9852476290832456,
        0.985598876009835,
        0.9852476290832455,
        0.9848963821566562,
        0.9845451352300666,
        0.9841938883034773,
        0.9841938883034773
    ],
    "test_metric": [
        0.822463768115942,
        0.9612771739130435,
        0.9848278985507246,
        0.9936594202898551,
        0.9966032608695652,
        0.9970561594202899,
        0.9977355072463768,
        0.9979619565217391,
        0.9988677536231885,
        0.9990942028985508,
        0.9990942028985508,
        0.9997735507246376,
        0.9997735507246376,
        0.9997735507246376,
        1.0,
        0.9997735507246376,
        0.9995471014492753,
        0.9995471014492753,
        0.9995471014492753,
        0.9995471014492753,
        0.9995471014492753,
        0.9995471014492753,
        0.9995471014492753,
        0.9995471014492753,
        0.9995471014492753,
        0.9995471014492753,
        0.9995471014492753,
        0.9995471014492753
    ],
    "tr_loss": [
        0.6564250588417053,
        0.6464501704488482,
        0.637764402798244,
        0.6234695996556964,
        0.6163020474570138,
        0.6031402775219509,
        0.596798735005515,
        0.5766487973076957,
        0.5636528474943978,
        0.5336487293243408,
        0.4892028101852962,
        0.4560054625783648,
        0.41384091547557283,
        0.3876893137182508,
        0.3658728173800877,
        0.34439019220215933,
        0.3174149819782802,
        0.3025612533092499,
        0.29024440475872587,
        0.2839747284139906,
        0.27808909118175507,
        0.2597429645912988,
        0.2686164230108261,
        0.24714075241770064,
        0.22464437782764435,
        0.23537567470754897,
        0.21749547762530191,
        0.22301808638232096
    ]
}