{
    "metric": "roc_auc",
    "eval_score": 1.0,
    "n_trial": 0,
    "dataset": "train_0124_analcatdata_impeach",
    "model": {
        "booster": "gbtree",
        "n_estimators": 2000,
        "n_jobs": -1,
        "tree_method": "hist",
        "alpha": 0.0002951193312917822,
        "colsample_bylevel": 0.9012583713519273,
        "colsample_bytree": 0.7728300152101832,
        "gamma": 6.805671821557419,
        "lambda": 0.012754966648281551,
        "learning_rate": 0.00014223299665022738,
        "max_depth": 9,
        "min_child_weight": 2.180031409497126e-05,
        "subsample": 0.7092925619831159
    },
    "training": {
        "early_stopping_rounds": 20,
        "verbose": false
    }
}