{
    "args": {
        "model": "mlp",
        "output": "finetune_outputs/openml-0.8/mlp-tuned/1462",
        "dataset": "1462",
        "task": "openml",
        "batch_size": 64,
        "early_stop": 16,
        "reduce_data": 0.8
    },
    "device": "NVIDIA GeForce RTX 3090",
    "best_eval_score": 0.9118357487922705,
    "final_test_score": 0.9473511986773216,
    "ev_metric": [
        0.10386473429951691,
        0.5,
        0.2355072463768116,
        0.9118357487922705,
        0.1135265700483092,
        0.2572463768115942,
        0.7560386473429952,
        0.8647342995169083,
        0.8985507246376812,
        0.8864734299516908,
        0.13526570048309178,
        0.8478260869565217,
        0.8357487922705314,
        0.7765700483091788,
        0.6545893719806763,
        0.7198067632850241,
        0.7584541062801933,
        0.7753623188405797,
        0.7826086956521738,
        0.7946859903381642
    ],
    "test_metric": [
        0.02929526040231469,
        0.4769736842105263,
        0.15596583080738496,
        0.9473511986773216,
        0.09108914301460458,
        0.34477473133094516,
        0.6717415265913474,
        0.9017291264811242,
        0.962282998071094,
        0.9649352438688344,
        0.05037544778175805,
        0.9465073022871314,
        0.9472995315513916,
        0.8228678699366216,
        0.7924875998897768,
        0.8360085422981538,
        0.8605676494902177,
        0.8723649765775695,
        0.8796155965830806,
        0.9026074676219344
    ],
    "tr_loss": [
        6.0244444608688354,
        0.6882407267888387,
        0.6916009386380514,
        0.6915745536486307,
        0.689853847026825,
        0.6896732846895853,
        0.6861927310625712,
        0.6916801929473877,
        0.6916621128718058,
        0.6884059309959412,
        0.6870163083076477,
        0.6862197120984396,
        0.6822671095530192,
        0.688753088315328,
        0.6821457147598267,
        0.6890753706296285,
        0.6902871330579122,
        0.6892840266227722,
        0.6901624004046122,
        0.6864448388417562
    ],
    "tr_times": 0.45322227478027344,
    "ev_times": 0.0002422332763671875,
    "test_times": 0.00024580955505371094,
    "param_total_size": 47027856,
    "param_total_count": 11756964,
    "model_size": 47040713
}