{
    "args": {
        "model": "tv7.2",
        "output": "finetune_outputs/binclass-0.8/tv7.2-tuned/train_0446_newton_hema",
        "dataset": "train_0446_newton_hema",
        "task": "binclass",
        "batch_size": 64,
        "early_stop": 16,
        "reduce_data": 0.8
    },
    "device": "NVIDIA GeForce RTX 3090",
    "best_eval_score": 1.0,
    "final_test_score": 0.40816326530612246,
    "ev_metric": [
        1.0,
        1.0,
        1.0,
        1.0,
        1.0,
        1.0,
        1.0,
        1.0,
        1.0,
        1.0,
        1.0,
        1.0,
        1.0,
        1.0,
        1.0,
        1.0,
        1.0
    ],
    "test_metric": [
        0.40816326530612246,
        0.40816326530612246,
        0.40816326530612246,
        0.40816326530612246,
        0.413265306122449,
        0.413265306122449,
        0.41836734693877553,
        0.42346938775510207,
        0.42346938775510207,
        0.42346938775510207,
        0.42346938775510207,
        0.42346938775510207,
        0.42346938775510207,
        0.42346938775510207,
        0.4285714285714286,
        0.4285714285714286,
        0.4285714285714286
    ],
    "tr_loss": [
        0.6476244926452637,
        0.6471481919288635,
        0.6466749906539917,
        0.6462019681930542,
        0.6457273364067078,
        0.6452488899230957,
        0.6447694301605225,
        0.6442881226539612,
        0.6438053250312805,
        0.6433223485946655,
        0.6428370475769043,
        0.642350435256958,
        0.6418629884719849,
        0.6413741111755371,
        0.6408830881118774,
        0.6403911113739014,
        0.6398985981941223
    ],
    "tr_times": 1.5194487571716309,
    "ev_times": 0.0002117156982421875,
    "test_times": 0.0002384185791015625,
    "param_total_size": 189768,
    "param_total_count": 47441,
    "model_size": 223069
}