{
    "args": {
        "output": "finetune_outputs/binclass-0.0/ftt-tuned/train_0541_plasma_retinol",
        "dataset": "train_0541_plasma_retinol",
        "task": "binclass",
        "batch_size": 64,
        "early_stop": 16,
        "reduce_data": 0.0
    },
    "device": "NVIDIA GeForce RTX 3090",
    "best_eval_score": 0.653968253968254,
    "final_test_score": 0.3991769547325103,
    "ev_metric": [
        0.653968253968254,
        0.5920634920634921,
        0.6,
        0.5904761904761905,
        0.6158730158730159,
        0.6476190476190475,
        0.6365079365079366,
        0.6412698412698412,
        0.6412698412698413,
        0.6380952380952382,
        0.6380952380952382,
        0.6285714285714287,
        0.6365079365079365,
        0.6253968253968255,
        0.6333333333333334,
        0.6412698412698413,
        0.6317460317460317
    ],
    "test_metric": [
        0.3991769547325103,
        0.3827160493827161,
        0.4032921810699589,
        0.41975308641975306,
        0.4465020576131688,
        0.4660493827160494,
        0.4660493827160494,
        0.48148148148148145,
        0.4989711934156379,
        0.5102880658436214,
        0.5113168724279835,
        0.5,
        0.5020576131687243,
        0.51440329218107,
        0.51440329218107,
        0.522633744855967,
        0.5123456790123457
    ],
    "tr_loss": [
        0.7398193776607513,
        0.6991901397705078,
        0.6582892686128616,
        0.692772626876831,
        0.658084899187088,
        0.6564525067806244,
        0.6483187973499298,
        0.659967377781868,
        0.609980046749115,
        0.609430804848671,
        0.6249832510948181,
        0.6193495392799377,
        0.630097046494484,
        0.5984011292457581,
        0.6148583739995956,
        0.602138489484787,
        0.6088608652353287
    ]
}