{
    "args": {
        "model": "tv7.3",
        "output": "finetune_outputs/binclass-0.8/tv7.3-tuned/train_0447_arsenic-female-lung",
        "dataset": "train_0447_arsenic-female-lung",
        "task": "binclass",
        "batch_size": 64,
        "early_stop": 16,
        "reduce_data": 0.8
    },
    "device": "NVIDIA GeForce RTX 3090",
    "best_eval_score": 1.0,
    "final_test_score": 0.9953703703703703,
    "ev_metric": [
        1.0,
        1.0,
        1.0,
        1.0,
        1.0,
        1.0,
        1.0,
        1.0,
        1.0,
        1.0,
        1.0,
        1.0,
        1.0,
        1.0,
        1.0,
        1.0,
        1.0
    ],
    "test_metric": [
        0.9953703703703703,
        0.9953703703703703,
        0.9953703703703703,
        0.9953703703703703,
        0.9953703703703703,
        0.9953703703703703,
        0.9953703703703703,
        0.9953703703703703,
        0.9953703703703703,
        0.9953703703703703,
        0.9953703703703703,
        0.9953703703703703,
        0.9953703703703703,
        0.9953703703703703,
        0.9953703703703703,
        0.9953703703703703,
        0.9953703703703703
    ],
    "tr_loss": [
        0.6675612926483154,
        0.6665925681591034,
        0.6682884991168976,
        0.6699859201908112,
        0.6717736423015594,
        0.6657715737819672,
        0.6693090200424194,
        0.6710819005966187,
        0.6714758276939392,
        0.6759078204631805,
        0.667025238275528,
        0.666320413351059,
        0.6668099462985992,
        0.6677343845367432,
        0.664471298456192,
        0.6747174561023712,
        0.6729646623134613
    ],
    "tr_times": 2.952465534210205,
    "ev_times": 0.00026226043701171875,
    "test_times": 0.00022459030151367188,
    "param_total_size": 60644,
    "param_total_count": 15161,
    "model_size": 91359
}