{
    "args": {
        "model": "tv7.4",
        "output": "finetune_outputs/binclass-0.8/tv7.4-tuned/train_0419_pm10",
        "dataset": "train_0419_pm10",
        "task": "binclass",
        "batch_size": 64,
        "early_stop": 16,
        "reduce_data": 0.8
    },
    "device": "NVIDIA GeForce RTX 3090",
    "best_eval_score": 0.515625,
    "final_test_score": 0.7386954781912765,
    "ev_metric": [
        0.515625,
        0.515625,
        0.515625,
        0.515625,
        0.515625,
        0.515625,
        0.515625,
        0.515625,
        0.515625,
        0.515625,
        0.515625,
        0.515625,
        0.515625,
        0.515625,
        0.515625,
        0.515625,
        0.515625
    ],
    "test_metric": [
        0.7386954781912765,
        0.738295318127251,
        0.738295318127251,
        0.7386954781912765,
        0.7382953181272509,
        0.7382953181272509,
        0.7382953181272509,
        0.7382953181272509,
        0.7382953181272509,
        0.7382953181272509,
        0.7382953181272509,
        0.7382953181272509,
        0.7386954781912765,
        0.7386954781912765,
        0.7386954781912765,
        0.7386954781912765,
        0.7390956382553021
    ],
    "tr_loss": [
        0.6857391595840454,
        0.6857059597969055,
        0.6856729388237,
        0.6856397390365601,
        0.6856065988540649,
        0.685573399066925,
        0.6855402588844299,
        0.68550705909729,
        0.6854737997055054,
        0.6854405403137207,
        0.6854073405265808,
        0.6853740215301514,
        0.6853407621383667,
        0.6853073835372925,
        0.685274064540863,
        0.6852406859397888,
        0.6852073669433594
    ],
    "tr_times": 0.22798943519592285,
    "ev_times": 0.00017881393432617188,
    "test_times": 0.00021076202392578125,
    "param_total_size": 7952,
    "param_total_count": 1988,
    "model_size": 15007
}