{
    "metric": "roc_auc",
    "eval_score": 0.9739226164537511,
    "n_trial": 71,
    "dataset": "1486",
    "model": {
        "booster": "gbtree",
        "n_estimators": 2000,
        "n_jobs": -1,
        "tree_method": "hist",
        "alpha": 1.1674619207445411,
        "colsample_bylevel": 0.7714044581987652,
        "colsample_bytree": 0.7195920004483122,
        "gamma": 0.31887633578235086,
        "lambda": 1.2659768231820241e-08,
        "learning_rate": 0.6834260390871303,
        "max_depth": 10,
        "min_child_weight": 7.3071674525416464e-06,
        "subsample": 0.9455888228408981
    },
    "training": {
        "early_stopping_rounds": 20,
        "verbose": false
    }
}