{
    "args": {
        "output": "finetune_outputs/binclass-0.8/ftt-tuned/train_0124_analcatdata_impeach",
        "dataset": "train_0124_analcatdata_impeach",
        "task": "binclass",
        "batch_size": 64,
        "early_stop": 16,
        "reduce_data": 0.8
    },
    "device": "NVIDIA GeForce RTX 3090",
    "best_eval_score": 1.0,
    "final_test_score": 0.38541666666666663,
    "ev_metric": [
        1.0,
        1.0,
        1.0,
        1.0,
        1.0,
        1.0,
        1.0,
        1.0,
        0.6666666666666667,
        0.6666666666666667,
        0.6666666666666667,
        0.6666666666666667,
        0.6666666666666667,
        0.6666666666666667,
        0.6666666666666667,
        0.6666666666666667,
        0.6666666666666667
    ],
    "test_metric": [
        0.38541666666666663,
        0.5625,
        0.7083333333333334,
        0.84375,
        0.8958333333333333,
        0.9375,
        0.90625,
        0.8854166666666666,
        0.8854166666666666,
        0.875,
        0.8645833333333334,
        0.8645833333333333,
        0.8645833333333333,
        0.8645833333333334,
        0.8645833333333334,
        0.8645833333333334,
        0.8645833333333334
    ],
    "tr_loss": [
        0.8001234531402588,
        0.785190761089325,
        0.8002686500549316,
        0.6911429762840271,
        0.7117928266525269,
        0.6366943120956421,
        0.6554892063140869,
        0.6586818695068359,
        0.6218096017837524,
        0.6325494050979614,
        0.6508576273918152,
        0.6461784839630127,
        0.6577641367912292,
        0.6534734964370728,
        0.6411814093589783,
        0.6030251383781433,
        0.6358741521835327
    ],
    "tr_times": 0.33480334281921387,
    "ev_times": 0.0003561973571777344,
    "test_times": 0.00037288665771484375,
    "param_total_size": 2405028,
    "param_total_count": 601251,
    "model_size": 2418321
}