{
    "args": {
        "model": "tv7.2",
        "output": "finetune_outputs/openml-0.8/tv7.2-tuned/1067",
        "dataset": "1067",
        "task": "openml",
        "batch_size": 64,
        "early_stop": 16,
        "reduce_data": 0.8
    },
    "device": "NVIDIA GeForce RTX 3090",
    "best_eval_score": 0.8740740740740741,
    "final_test_score": 0.796948485179919,
    "ev_metric": [
        0.8740740740740741,
        0.8722222222222222,
        0.8722222222222221,
        0.8722222222222222,
        0.8666666666666667,
        0.8648148148148148,
        0.8611111111111112,
        0.8611111111111112,
        0.8574074074074074,
        0.8574074074074074,
        0.8592592592592593,
        0.8592592592592593,
        0.8592592592592593,
        0.861111111111111,
        0.861111111111111,
        0.862962962962963,
        0.862962962962963
    ],
    "test_metric": [
        0.796948485179919,
        0.7976867548944547,
        0.7974953516351307,
        0.797604724926173,
        0.7987258011593569,
        0.7985617412227933,
        0.7989992343869626,
        0.7990539210324838,
        0.798917204418681,
        0.7984250246089906,
        0.798452367931751,
        0.798917204418681,
        0.7989992343869626,
        0.7991086076780051,
        0.7988625177731599,
        0.7987531444821176,
        0.7986984578365963
    ],
    "tr_loss": [
        0.6314534246921539,
        0.6276891678571701,
        0.6242001801729202,
        0.6206788122653961,
        0.617903858423233,
        0.615465372800827,
        0.6132372319698334,
        0.6111113131046295,
        0.6093572527170181,
        0.6072813272476196,
        0.6056683212518692,
        0.6036760807037354,
        0.6021721959114075,
        0.6002995669841766,
        0.5985000133514404,
        0.5974449515342712,
        0.5958413183689117
    ],
    "tr_times": 0.059281349182128906,
    "ev_times": 0.0001728534698486328,
    "test_times": 0.00033473968505859375,
    "param_total_size": 27588,
    "param_total_count": 6897,
    "model_size": 38431
}