{
    "args": {
        "model": "dcnv2",
        "output": "finetune_outputs/binclass-0.8/dcnv2-tuned/train_2305_electricity_seed_1_nrows_2000_nclasses_10_ncols_100_stratify_True",
        "dataset": "train_2305_electricity_seed_1_nrows_2000_nclasses_10_ncols_100_stratify_True",
        "task": "binclass",
        "batch_size": 64,
        "early_stop": 16,
        "reduce_data": 0.8
    },
    "device": "NVIDIA GeForce RTX 3090",
    "best_eval_score": 0.8408203125,
    "final_test_score": 0.8383499999999999,
    "ev_metric": [
        0.6123046875,
        0.78125,
        0.83984375,
        0.8408203125,
        0.8203125,
        0.7958984375,
        0.806640625,
        0.78515625,
        0.779296875,
        0.7421875,
        0.7509765625,
        0.7431640625,
        0.7099609375,
        0.7373046875,
        0.7509765625,
        0.72900390625,
        0.69189453125,
        0.7119140625,
        0.705078125,
        0.6923828125
    ],
    "test_metric": [
        0.8383000000000002,
        0.855275,
        0.836275,
        0.8383499999999999,
        0.8346624999999999,
        0.839475,
        0.83405,
        0.8195499999999999,
        0.7948999999999999,
        0.799375,
        0.77905,
        0.776475,
        0.7953749999999999,
        0.7692874999999999,
        0.76065,
        0.790375,
        0.7792874999999999,
        0.7649375,
        0.7883124999999999,
        0.7823125
    ],
    "tr_loss": [
        0.6559800058603287,
        0.5539316236972809,
        0.4906162619590759,
        0.4572708532214165,
        0.42447466403245926,
        0.4125557243824005,
        0.38476648926734924,
        0.36494212597608566,
        0.3415568321943283,
        0.31655220687389374,
        0.2996436133980751,
        0.2694290652871132,
        0.27096588909626007,
        0.24395368248224258,
        0.28279324620962143,
        0.24997860193252563,
        0.21596506610512733,
        0.1969323232769966,
        0.1888841614127159,
        0.17012190073728561
    ],
    "tr_times": 0.4453699588775635,
    "ev_times": 0.00028634071350097656,
    "test_times": 0.00026416778564453125,
    "param_total_size": 9524644,
    "param_total_count": 2381160,
    "model_size": 9539661
}