{
    "args": {
        "model": "tv7.2",
        "output": "finetune_outputs/openml-0.8/tv7.2-tuned/15",
        "dataset": "15",
        "task": "openml",
        "batch_size": 64,
        "early_stop": 16,
        "reduce_data": 0.8
    },
    "device": "NVIDIA GeForce RTX 3090",
    "best_eval_score": 1.0,
    "final_test_score": 0.9942028985507247,
    "ev_metric": [
        1.0,
        1.0,
        1.0,
        1.0,
        1.0,
        1.0,
        1.0,
        1.0,
        1.0,
        1.0,
        1.0,
        1.0,
        1.0,
        1.0,
        1.0,
        1.0,
        1.0
    ],
    "test_metric": [
        0.9942028985507247,
        0.9942028985507247,
        0.9942028985507247,
        0.9942028985507247,
        0.9942028985507247,
        0.9942028985507247,
        0.9942028985507247,
        0.9942028985507247,
        0.9942028985507247,
        0.9942028985507247,
        0.9942028985507247,
        0.9942028985507247,
        0.9942028985507247,
        0.9942028985507247,
        0.9942028985507247,
        0.9942028985507247,
        0.9942028985507247
    ],
    "tr_loss": [
        0.5327025651931763,
        0.5346416234970093,
        0.5497007071971893,
        0.5427147746086121,
        0.5379854142665863,
        0.5419216454029083,
        0.5404247045516968,
        0.5403500199317932,
        0.529470294713974,
        0.5378115475177765,
        0.5330395996570587,
        0.5365341603755951,
        0.5353952348232269,
        0.5326023995876312,
        0.5454911291599274,
        0.5458320081233978,
        0.548561155796051
    ],
    "tr_times": 3.534281015396118,
    "ev_times": 0.00019979476928710938,
    "test_times": 0.00023818016052246094,
    "param_total_size": 334204,
    "param_total_count": 83551,
    "model_size": 493215
}