{
    "args": {
        "output": "finetune_outputs/binclass-0.0/ftt-tuned/train_0447_arsenic-female-lung",
        "dataset": "train_0447_arsenic-female-lung",
        "task": "binclass",
        "batch_size": 64,
        "early_stop": 16,
        "reduce_data": 0.0
    },
    "device": "NVIDIA GeForce RTX 3090",
    "best_eval_score": 0.89272030651341,
    "final_test_score": 0.875,
    "ev_metric": [
        0.4827586206896552,
        0.48659003831417624,
        0.49425287356321845,
        0.7854406130268199,
        0.8467432950191571,
        0.8544061302681992,
        0.8620689655172414,
        0.8697318007662834,
        0.8697318007662834,
        0.8735632183908045,
        0.8773946360153256,
        0.8812260536398467,
        0.8850574712643678,
        0.8850574712643678,
        0.8831417624521073,
        0.8850574712643678,
        0.888888888888889,
        0.8850574712643678,
        0.8850574712643678,
        0.8850574712643678,
        0.8850574712643678,
        0.888888888888889,
        0.888888888888889,
        0.888888888888889,
        0.888888888888889,
        0.8773946360153256,
        0.8735632183908045,
        0.8620689655172413,
        0.8620689655172413,
        0.89272030651341,
        0.8831417624521073,
        0.8505747126436781,
        0.8620689655172414
    ],
    "test_metric": [
        0.9930555555555556,
        1.0,
        1.0,
        1.0,
        0.9375,
        0.8680555555555556,
        0.8194444444444444,
        0.7708333333333334,
        0.7592592592592593,
        0.7546296296296297,
        0.7546296296296297,
        0.7523148148148148,
        0.7523148148148148,
        0.7546296296296297,
        0.7546296296296297,
        0.7546296296296297,
        0.7708333333333334,
        0.7708333333333334,
        0.7638888888888888,
        0.7662037037037037,
        0.7754629629629629,
        0.8483796296296297,
        0.8703703703703703,
        0.8703703703703703,
        0.9351851851851851,
        0.9444444444444444,
        0.9467592592592593,
        0.9652777777777778,
        0.9583333333333334,
        0.875,
        0.9328703703703703,
        0.9583333333333334,
        0.9328703703703703
    ],
    "tr_loss": [
        0.2899431123708685,
        0.15048996979991594,
        0.09985518393417199,
        0.057100662806381784,
        0.04895513147736589,
        0.04693083853150407,
        0.046251469291746616,
        0.04447356270005306,
        0.04555408346156279,
        0.04526764511441191,
        0.04584419742847482,
        0.04394803397978345,
        0.044145582554241024,
        0.041421758166203894,
        0.05060638953000307,
        0.043089968307564654,
        0.040341358709459506,
        0.04231699191344281,
        0.048137524320433535,
        0.03977033526947101,
        0.04012546641752124,
        0.04410319495946169,
        0.032525217005362116,
        0.035262515069916844,
        0.04346841868634025,
        0.030144943079600733,
        0.030334525702831645,
        0.03081485691169898,
        0.02696147607639432,
        0.03238775674253702,
        0.027927397672707837,
        0.039884308353066444,
        0.03274517560688158
    ]
}