{
    "args": {
        "output": "finetune_outputs/binclass-0.0/ftt-tuned/loan_train",
        "dataset": "loan_train",
        "task": "binclass",
        "batch_size": 64,
        "early_stop": 16,
        "reduce_data": 0.0
    },
    "device": "NVIDIA GeForce RTX 3090",
    "best_eval_score": 0.7898481973434535,
    "final_test_score": 0.8303405572755418,
    "ev_metric": [
        0.7348197343453511,
        0.7400379506641367,
        0.7224857685009488,
        0.7452561669829222,
        0.7699240986717267,
        0.7898481973434535,
        0.7556925996204933,
        0.7618595825426945,
        0.7504743833017078,
        0.7661290322580645,
        0.7670777988614801,
        0.7817836812144212,
        0.7656546489563567,
        0.7556925996204933,
        0.7528462998102468,
        0.7481024667931689,
        0.7533206831119545,
        0.7571157495256168,
        0.7628083491461102,
        0.7466793168880456,
        0.747628083491461,
        0.7547438330170778
    ],
    "test_metric": [
        0.7931888544891641,
        0.8269349845201239,
        0.8377708978328174,
        0.8294117647058824,
        0.8269349845201238,
        0.8303405572755418,
        0.8284829721362229,
        0.8377708978328173,
        0.8390092879256966,
        0.8343653250773995,
        0.8210526315789474,
        0.8204334365325077,
        0.8170278637770898,
        0.8191950464396285,
        0.8219814241486069,
        0.8207430340557276,
        0.8126934984520124,
        0.8157894736842105,
        0.8092879256965944,
        0.8145510835913312,
        0.8046439628482972,
        0.8030959752321982
    ],
    "tr_loss": [
        0.6301281026431492,
        0.5921374048505511,
        0.5702702786241259,
        0.5194248514516013,
        0.549302978175027,
        0.48064167158944265,
        0.4879864198820932,
        0.44644283396857126,
        0.46424361637660433,
        0.4818319593157087,
        0.4829633321080889,
        0.48136805636542185,
        0.47874103699411663,
        0.45651898213795256,
        0.5020328802721841,
        0.4490240684577397,
        0.4853474029472896,
        0.47455782549721853,
        0.4887350414480482,
        0.4658853071076529,
        0.46873303396361216,
        0.4224230263914381
    ]
}