{
    "args": {
        "model": "mlp",
        "output": "finetune_outputs/binclass-0.8/mlp-tuned/train_2389_airlines_seed_0_nrows_2000_nclasses_10_ncols_100_stratify_True",
        "dataset": "train_2389_airlines_seed_0_nrows_2000_nclasses_10_ncols_100_stratify_True",
        "task": "binclass",
        "batch_size": 64,
        "early_stop": 16,
        "reduce_data": 0.8
    },
    "device": "NVIDIA GeForce RTX 3090",
    "best_eval_score": 0.7068965517241379,
    "final_test_score": 0.5998962445591659,
    "ev_metric": [
        0.5901477832512315,
        0.6886699507389162,
        0.6935960591133006,
        0.6975369458128079,
        0.6876847290640393,
        0.7068965517241379,
        0.6364532019704433,
        0.41379310344827586,
        0.35763546798029555,
        0.4527093596059113,
        0.3817733990147783,
        0.41724137931034483,
        0.39507389162561574,
        0.45369458128078816,
        0.647783251231527,
        0.6379310344827586,
        0.6344827586206896,
        0.6334975369458128,
        0.6330049261083744,
        0.6369458128078819,
        0.634975369458128,
        0.6389162561576355
    ],
    "test_metric": [
        0.5462470897864156,
        0.5831435367952221,
        0.5895080473732159,
        0.598162769511084,
        0.6028317643486183,
        0.5998962445591659,
        0.5838521105375037,
        0.45842190505111857,
        0.42537200121469776,
        0.47218848061544694,
        0.462977021965786,
        0.43584877011843304,
        0.4253466950096164,
        0.4987346897459257,
        0.5705536997671828,
        0.5698451260249013,
        0.5808912845429699,
        0.5803725073387994,
        0.5816125113877924,
        0.5828778216418666,
        0.5843329284340522,
        0.586648446199008
    ],
    "tr_loss": [
        0.6889109015464783,
        0.6877235919237137,
        0.6897963732481003,
        0.6840676814317703,
        0.6762912720441818,
        0.6953622847795486,
        0.6894767880439758,
        0.6894901245832443,
        0.6896371841430664,
        0.6891740560531616,
        0.6887005567550659,
        0.6879338175058365,
        0.6878757476806641,
        0.6874254941940308,
        0.6879812330007553,
        0.6872430294752121,
        0.6872203946113586,
        0.6871645897626877,
        0.6879920959472656,
        0.6878420859575272,
        0.6872044056653976,
        0.6873428523540497
    ],
    "tr_times": 0.520930290222168,
    "ev_times": 0.0002834796905517578,
    "test_times": 0.00027489662170410156,
    "param_total_size": 23081880,
    "param_total_count": 5770469,
    "model_size": 23095175
}