{
    "args": {
        "model": "mlp",
        "output": "finetune_outputs/openml-0.8/mlp-tuned/50",
        "dataset": "50",
        "task": "openml",
        "batch_size": 64,
        "early_stop": 16,
        "reduce_data": 0.8
    },
    "device": "NVIDIA GeForce RTX 3090",
    "best_eval_score": 0.9578947368421054,
    "final_test_score": 0.6548231141125008,
    "ev_metric": [
        0.8184210526315789,
        0.34736842105263155,
        0.5,
        0.2210526315789474,
        0.7526315789473684,
        0.9105263157894736,
        0.9578947368421054,
        0.9368421052631579,
        0.9157894736842105,
        0.931578947368421,
        0.9263157894736842,
        0.9263157894736842,
        0.9263157894736842,
        0.9210526315789473,
        0.9421052631578948,
        0.9421052631578948,
        0.9421052631578948,
        0.9052631578947369,
        0.894736842105263,
        0.8842105263157893,
        0.8947368421052632,
        0.9105263157894737,
        0.9421052631578948
    ],
    "test_metric": [
        0.6200598572634487,
        0.5761645307344025,
        0.5410559435193001,
        0.5505333435653442,
        0.6855958867316398,
        0.6620366817588826,
        0.6548231141125008,
        0.6749290154247564,
        0.676463817051646,
        0.6953418770623897,
        0.7052413475558285,
        0.7256542091934618,
        0.7393906837541248,
        0.7469112117258844,
        0.7551991405110888,
        0.7678996239736015,
        0.7771468037756121,
        0.7744609009285549,
        0.7614918271813368,
        0.7449159696109278,
        0.7259611695188396,
        0.7265750901695955,
        0.7475635024173125
    ],
    "tr_loss": [
        0.6526565849781036,
        2.038894861936569,
        0.67613685131073,
        0.6746923923492432,
        0.6660953164100647,
        0.6202901601791382,
        0.5560074150562286,
        0.42358943819999695,
        0.4984156936407089,
        0.2761327624320984,
        0.2278558611869812,
        0.2246207892894745,
        0.15953581780195236,
        0.07476726919412613,
        0.0631042867898941,
        0.10955949127674103,
        0.21113158017396927,
        0.0741806598380208,
        0.12962009385228157,
        0.08750368095934391,
        0.08626504056155682,
        0.14214250072836876,
        0.0691126137971878
    ],
    "tr_times": 0.3355977535247803,
    "ev_times": 0.0001583099365234375,
    "test_times": 0.00015425682067871094,
    "param_total_size": 7272580,
    "param_total_count": 1818136,
    "model_size": 7278555
}