{
    "args": {
        "model": "dcnv2",
        "output": "finetune_outputs/binclass-0.8/dcnv2-tuned/UniversalBank",
        "dataset": "UniversalBank",
        "task": "binclass",
        "batch_size": 64,
        "early_stop": 16,
        "reduce_data": 0.8
    },
    "device": "NVIDIA GeForce RTX 3090",
    "best_eval_score": 0.71342496704952,
    "final_test_score": 0.6019637316683046,
    "ev_metric": [
        0.6382978723404256,
        0.6791564677085296,
        0.5878365656185276,
        0.6332140839766522,
        0.6866880060252307,
        0.6480888721521371,
        0.71342496704952,
        0.651289775936735,
        0.6373564300508379,
        0.6642816795330447,
        0.6625870834117868,
        0.6100546036527961,
        0.6993033327057051,
        0.6612690642063641,
        0.6503483336471475,
        0.6629636603276219,
        0.6578798719638487,
        0.6966672942948597,
        0.6682357371493128,
        0.6650348333647148,
        0.6590096027113539,
        0.6708717755601582,
        0.6710600640180757
    ],
    "test_metric": [
        0.5707685340425122,
        0.5773640901119654,
        0.5482068181380201,
        0.5785878090613015,
        0.6041172843074907,
        0.5709371567323813,
        0.6019637316683046,
        0.5924485941685456,
        0.5942480391590064,
        0.5919860862191902,
        0.5813050432637645,
        0.5807317261182093,
        0.5761355533714902,
        0.6085881944845927,
        0.5850147424408857,
        0.5793971979726735,
        0.6059769516871905,
        0.5837621167447149,
        0.5823215971941185,
        0.5961872000925016,
        0.576371625137307,
        0.6024262396176601,
        0.5823408683586749
    ],
    "tr_loss": [
        0.6210306286811829,
        0.570191764831543,
        0.5817180931568146,
        0.5485446274280548,
        0.5401510953903198,
        0.5312866032123565,
        0.5183720648288727,
        0.5145952433347702,
        0.4959845393896103,
        0.4839575469493866,
        0.4916973501443863,
        0.5295842558145523,
        0.5121208995580673,
        0.4954375118017197,
        0.4844314157962799,
        0.4734656810760498,
        0.49039483070373535,
        0.5501155525445938,
        0.47424752116203306,
        0.4928052365779877,
        0.48316421210765836,
        0.49820121228694914,
        0.4576636880636215
    ],
    "tr_times": 0.5067968368530273,
    "ev_times": 0.0001373291015625,
    "test_times": 0.00016617774963378906,
    "param_total_size": 2405032,
    "param_total_count": 601252,
    "model_size": 2410463
}