{
    "args": {
        "model": "tv7.1",
        "output": "finetune_outputs/binclass-0.8/tv7.1-tuned/BankNoteAuthentication",
        "dataset": "BankNoteAuthentication",
        "task": "binclass",
        "batch_size": 64,
        "early_stop": 16,
        "reduce_data": 0.8
    },
    "device": "NVIDIA GeForce RTX 3090",
    "best_eval_score": 0.9978947368421052,
    "final_test_score": 0.9961962927247402,
    "ev_metric": [
        0.9978947368421052,
        0.9978947368421052,
        0.9978947368421052,
        0.9978947368421052,
        0.9978947368421052,
        0.9978947368421052,
        0.9978947368421052,
        0.9978947368421052,
        0.9978947368421052,
        0.9978947368421052,
        0.9978947368421052,
        0.9978947368421052,
        0.9978947368421052,
        0.9978947368421052,
        0.9978947368421052,
        0.9978947368421052,
        0.9978947368421052
    ],
    "test_metric": [
        0.9961962927247402,
        0.9961962927247402,
        0.9961962927247402,
        0.9961962927247402,
        0.9961962927247402,
        0.9961962927247402,
        0.9961962927247402,
        0.9961962927247402,
        0.9961962927247402,
        0.9961962927247402,
        0.9961962927247402,
        0.9961962927247402,
        0.9961962927247402,
        0.9961962927247402,
        0.9961962927247402,
        0.9961962927247402,
        0.9961962927247402
    ],
    "tr_loss": [
        0.6465797026952108,
        0.6469946702321371,
        0.6466956933339437,
        0.6469946304957072,
        0.6470562815666199,
        0.6467015743255615,
        0.6469642718633016,
        0.6467208663622538,
        0.6465603709220886,
        0.6463312109311422,
        0.6463791529337565,
        0.6467892527580261,
        0.6467338999112447,
        0.6467119256655375,
        0.6464539567629496,
        0.6462151408195496,
        0.6464312672615051
    ],
    "tr_times": 0.3629419803619385,
    "ev_times": 0.00022935867309570312,
    "test_times": 0.0002601146697998047,
    "param_total_size": 70652,
    "param_total_count": 17663
}