{
    "metric": "roc_auc",
    "eval_score": 1.0,
    "n_trial": 11,
    "dataset": "train_0526_colleges_aaup",
    "model": {
        "booster": "gbtree",
        "n_estimators": 2000,
        "n_jobs": -1,
        "tree_method": "hist",
        "alpha": 1.8735911667324592e-08,
        "colsample_bylevel": 0.998511088535547,
        "colsample_bytree": 0.6936390138997569,
        "gamma": 0.18370677473437017,
        "lambda": 0.03919604695221155,
        "learning_rate": 0.05540224315899721,
        "max_depth": 3,
        "min_child_weight": 2.901539907789363e-08,
        "subsample": 0.910130222807694
    },
    "training": {
        "early_stopping_rounds": 20,
        "verbose": false
    }
}