{
    "args": {
        "model": "xgboost",
        "output": "finetune_outputs/binclass-0.8/xgboost-tuned/train_0472_analcatdata_marketing",
        "dataset": "train_0472_analcatdata_marketing",
        "task": "binclass",
        "reduce_data": 0.8
    },
    "device": "NVIDIA GeForce RTX 3090",
    "configs": {
        "metric": "roc_auc",
        "eval_score": 0.984375,
        "n_trial": 58,
        "dataset": "train_0472_analcatdata_marketing",
        "model": {
            "booster": "gbtree",
            "n_estimators": 2000,
            "n_jobs": -1,
            "tree_method": "hist",
            "alpha": 1.7328525713024555e-06,
            "colsample_bylevel": 0.9693231678767198,
            "colsample_bytree": 0.70413288254962,
            "gamma": 0.02140212984425005,
            "lambda": 6.4706691922734345,
            "learning_rate": 0.00035380350798364893,
            "max_depth": 8,
            "min_child_weight": 0.298770275276859,
            "subsample": 0.980196506089064
        },
        "training": {
            "early_stopping_rounds": 20,
            "verbose": false,
            "eval_metric": "error"
        }
    },
    "best_eval_score": 0.984375,
    "final_test_score": 0.4434782608695652,
    "tr_times": 0.01842784881591797,
    "ev_times": 0.0001862049102783203,
    "test_times": 0.00014019012451171875,
    "param_total_size": 0,
    "param_total_count": 0,
    "model_size": 27206
}