{
    "args": {
        "model": "tv7.1",
        "output": "finetune_outputs/openml-0.8/tv7.1-tuned/37",
        "dataset": "37",
        "task": "openml",
        "batch_size": 64,
        "early_stop": 16,
        "reduce_data": 0.8
    },
    "device": "NVIDIA GeForce RTX 3090",
    "best_eval_score": 0.7416666666666667,
    "final_test_score": 0.7893731343283581,
    "ev_metric": [
        0.7416666666666667,
        0.7416666666666667,
        0.7416666666666667,
        0.7416666666666667,
        0.7416666666666667,
        0.7416666666666667,
        0.7416666666666667,
        0.7416666666666667,
        0.7416666666666667,
        0.7416666666666667,
        0.7416666666666667,
        0.7416666666666667,
        0.7416666666666667,
        0.7416666666666667,
        0.7416666666666667,
        0.7416666666666667,
        0.7416666666666667
    ],
    "test_metric": [
        0.7893731343283581,
        0.7893731343283581,
        0.7893731343283581,
        0.7893731343283581,
        0.7893731343283581,
        0.7893731343283581,
        0.7893731343283582,
        0.7893731343283581,
        0.7893731343283581,
        0.7892537313432836,
        0.7892537313432836,
        0.7892537313432836,
        0.7892537313432836,
        0.7892537313432836,
        0.7892537313432836,
        0.7892537313432836,
        0.7892537313432836
    ],
    "tr_loss": [
        0.6807778477668762,
        0.6804527640342712,
        0.6801207959651947,
        0.6808217465877533,
        0.6815747022628784,
        0.6808026432991028,
        0.6815488934516907,
        0.681014358997345,
        0.6809472441673279,
        0.6807406842708588,
        0.680533766746521,
        0.6812900304794312,
        0.6805189847946167,
        0.6811404228210449,
        0.6799548268318176,
        0.6815220415592194,
        0.6806355118751526
    ],
    "tr_times": 2.9678244590759277,
    "ev_times": 0.00020265579223632812,
    "test_times": 0.0001983642578125,
    "param_total_size": 130676,
    "param_total_count": 32669,
    "model_size": 191007
}