{
    "metric": "roc_auc",
    "eval_score": 0.7029556650246306,
    "n_trial": 76,
    "dataset": "train_2393_airlines_seed_4_nrows_2000_nclasses_10_ncols_100_stratify_True",
    "model": {
        "booster": "gbtree",
        "n_estimators": 2000,
        "n_jobs": -1,
        "tree_method": "hist",
        "alpha": 7.466767986751911e-06,
        "colsample_bylevel": 0.583162742733077,
        "colsample_bytree": 0.508998282160046,
        "gamma": 0.005708826054202954,
        "lambda": 8.590861700889038,
        "learning_rate": 0.6082886153509741,
        "max_depth": 4,
        "min_child_weight": 19.485158817913025,
        "subsample": 0.9359327864213334
    },
    "training": {
        "early_stopping_rounds": 20,
        "verbose": false
    }
}