{
    "args": {
        "output": "finetune_outputs/openml-0.8/ftt-tuned/1480",
        "dataset": "1480",
        "task": "openml",
        "batch_size": 64,
        "early_stop": 16,
        "reduce_data": 0.8
    },
    "device": "NVIDIA GeForce RTX 3090",
    "best_eval_score": 0.5846153846153846,
    "final_test_score": 0.6678113553113553,
    "ev_metric": [
        0.4153846153846154,
        0.5692307692307692,
        0.5692307692307692,
        0.5692307692307692,
        0.5846153846153845,
        0.5692307692307692,
        0.5846153846153846,
        0.5846153846153846,
        0.5692307692307692,
        0.5538461538461539,
        0.5692307692307692,
        0.5692307692307692,
        0.5846153846153846,
        0.5692307692307692,
        0.5846153846153846,
        0.5846153846153846,
        0.5692307692307692,
        0.5692307692307692,
        0.5692307692307692,
        0.5846153846153846,
        0.5846153846153846,
        0.5846153846153846,
        0.5692307692307692
    ],
    "test_metric": [
        0.5311355311355311,
        0.6176739926739927,
        0.6327838827838828,
        0.6380494505494505,
        0.6423992673992674,
        0.654532967032967,
        0.6678113553113553,
        0.6673534798534798,
        0.6703296703296703,
        0.6648351648351649,
        0.660485347985348,
        0.6584249084249084,
        0.6586538461538461,
        0.6591117216117216,
        0.660485347985348,
        0.6625457875457875,
        0.6625457875457875,
        0.6646062271062271,
        0.6666666666666666,
        0.6698717948717948,
        0.6698717948717949,
        0.6707875457875457,
        0.6707875457875458
    ],
    "tr_loss": [
        0.7223079204559326,
        0.644245058298111,
        0.4838380962610245,
        0.6716052889823914,
        0.9459612369537354,
        0.5979874432086945,
        0.6660185754299164,
        0.6131524741649628,
        0.6193733513355255,
        0.49897798895835876,
        0.661984384059906,
        0.9237696528434753,
        0.544549286365509,
        0.45452140271663666,
        0.46269915997982025,
        0.5629919469356537,
        0.5427736341953278,
        0.6639521420001984,
        0.5300193428993225,
        0.4592641741037369,
        0.5426575839519501,
        0.43723930418491364,
        0.6465352475643158
    ],
    "tr_times": 0.4802563190460205,
    "ev_times": 0.0005180835723876953,
    "test_times": 0.0006868839263916016,
    "param_total_size": 1152572,
    "param_total_count": 288142,
    "model_size": 1173569
}