{
    "metric": "roc_auc",
    "eval_score": 0.8125,
    "n_trial": 19,
    "dataset": "train_1592_Diabetes-Data-Set",
    "model": {
        "booster": "gbtree",
        "n_estimators": 2000,
        "n_jobs": -1,
        "tree_method": "hist",
        "alpha": 0.00010283343314348806,
        "colsample_bylevel": 0.5717675968519342,
        "colsample_bytree": 0.6528491039255891,
        "gamma": 0.0014506432817154565,
        "lambda": 0.0008772304706570598,
        "learning_rate": 0.9792109349072068,
        "max_depth": 8,
        "min_child_weight": 0.01251060733610529,
        "subsample": 0.6821897092392658
    },
    "training": {
        "early_stopping_rounds": 20,
        "verbose": false
    }
}