{
    "args": {
        "model": "tv7.3",
        "output": "finetune_outputs/binclass-0.8/tv7.3-tuned/train_0555_socmob",
        "dataset": "train_0555_socmob",
        "task": "binclass",
        "batch_size": 64,
        "early_stop": 16,
        "reduce_data": 0.8
    },
    "device": "NVIDIA GeForce RTX 3090",
    "best_eval_score": 0.9655172413793103,
    "final_test_score": 0.9763297584227062,
    "ev_metric": [
        0.9655172413793103,
        0.9655172413793103,
        0.9655172413793103,
        0.9655172413793103,
        0.9655172413793103,
        0.9655172413793103,
        0.9655172413793103,
        0.9655172413793103,
        0.9655172413793103,
        0.9655172413793103,
        0.9655172413793103,
        0.9655172413793103,
        0.9655172413793103,
        0.9655172413793103,
        0.9655172413793103,
        0.9655172413793103,
        0.9655172413793103
    ],
    "test_metric": [
        0.9763297584227062,
        0.9763297584227062,
        0.9763297584227062,
        0.9763297584227062,
        0.9763297584227062,
        0.9763297584227062,
        0.9762214277976384,
        0.9762214277976384,
        0.9762214277976384,
        0.9762214277976384,
        0.9762214277976384,
        0.9762214277976384,
        0.9762214277976384,
        0.9762214277976384,
        0.9762214277976384,
        0.9762214277976384,
        0.9762214277976384
    ],
    "tr_loss": [
        0.5750307440757751,
        0.5772609710693359,
        0.576982319355011,
        0.5794095396995544,
        0.5815643469492594,
        0.5711079041163126,
        0.5763998627662659,
        0.5859208106994629,
        0.5767014424006144,
        0.5821797649065653,
        0.581601878007253,
        0.5803905725479126,
        0.5806359847386678,
        0.5820367932319641,
        0.584087093671163,
        0.5747043093045553,
        0.5796480576197306
    ],
    "tr_times": 1.380495309829712,
    "ev_times": 0.00017833709716796875,
    "test_times": 0.00021409988403320312,
    "param_total_size": 49456,
    "param_total_count": 12364,
    "model_size": 77279
}