{
    "metric": "roc_auc",
    "eval_score": 0.7408866995073892,
    "n_trial": 94,
    "dataset": "train_2393_airlines_seed_4_nrows_2000_nclasses_10_ncols_100_stratify_True",
    "model": {
        "attention_dropout": 0.3832649541523393,
        "d_ffn_factor": 1.8370609368979633,
        "d_token": 88,
        "ffn_dropout": 0.3745491236886204,
        "n_blocks": 3,
        "residual_dropout": 0.2579680661928962
    },
    "training": {
        "batch_size": 64,
        "eval_batch_size": 128,
        "optimizer": "adamw",
        "lr": 1.800072901886497e-05,
        "weight_decay": 0.0009831395460895792
    }
}