{
    "args": {
        "model": "xgboost",
        "output": "finetune_outputs/binclass-0.8/xgboost-tuned/train_2391_airlines_seed_2_nrows_2000_nclasses_10_ncols_100_stratify_True",
        "dataset": "train_2391_airlines_seed_2_nrows_2000_nclasses_10_ncols_100_stratify_True",
        "task": "binclass",
        "reduce_data": 0.8
    },
    "device": "NVIDIA GeForce RTX 3090",
    "configs": {
        "metric": "roc_auc",
        "eval_score": 0.7246305418719212,
        "n_trial": 45,
        "dataset": "train_2391_airlines_seed_2_nrows_2000_nclasses_10_ncols_100_stratify_True",
        "model": {
            "booster": "gbtree",
            "n_estimators": 2000,
            "n_jobs": -1,
            "tree_method": "hist",
            "alpha": 4.568851452958619e-07,
            "colsample_bylevel": 0.5211144743454257,
            "colsample_bytree": 0.5517537675436854,
            "gamma": 0.003216502472278776,
            "lambda": 0.014291025592354048,
            "learning_rate": 0.38579884701823414,
            "max_depth": 3,
            "min_child_weight": 0.001022147114912974,
            "subsample": 0.9316661696968626
        },
        "training": {
            "early_stopping_rounds": 20,
            "verbose": false,
            "eval_metric": "error"
        }
    },
    "best_eval_score": 0.7246305418719212,
    "final_test_score": 0.5568756959206398,
    "tr_times": 0.016881227493286133,
    "ev_times": 0.0001494884490966797,
    "test_times": 0.00015616416931152344,
    "param_total_size": 0,
    "param_total_count": 0,
    "model_size": 30366
}