{
    "args": {
        "output": "finetune_outputs/binclass-0.0/ftt-tuned/train_0408_pharynx",
        "dataset": "train_0408_pharynx",
        "task": "binclass",
        "batch_size": 64,
        "early_stop": 16,
        "reduce_data": 0.0
    },
    "device": "NVIDIA GeForce RTX 3090",
    "best_eval_score": 0.7875,
    "final_test_score": 0.825,
    "ev_metric": [
        0.7374999999999999,
        0.7583333333333334,
        0.7583333333333333,
        0.7625,
        0.7708333333333334,
        0.7708333333333334,
        0.7583333333333333,
        0.7541666666666667,
        0.75,
        0.7583333333333333,
        0.7458333333333333,
        0.7333333333333334,
        0.7416666666666667,
        0.7333333333333334,
        0.7833333333333333,
        0.76875,
        0.75,
        0.7833333333333333,
        0.7791666666666667,
        0.7875,
        0.7875,
        0.7875,
        0.7791666666666667,
        0.7541666666666667,
        0.7833333333333333,
        0.7791666666666667,
        0.7416666666666667,
        0.7791666666666667,
        0.7791666666666667,
        0.7625,
        0.7708333333333333,
        0.7708333333333333,
        0.7666666666666667,
        0.7458333333333333,
        0.75,
        0.775
    ],
    "test_metric": [
        0.6916666666666667,
        0.7888888888888889,
        0.8027777777777778,
        0.8111111111111111,
        0.8111111111111111,
        0.8138888888888889,
        0.8138888888888889,
        0.8166666666666667,
        0.8166666666666667,
        0.8055555555555556,
        0.8111111111111111,
        0.8222222222222222,
        0.8444444444444444,
        0.8500000000000001,
        0.8361111111111111,
        0.8583333333333334,
        0.8777777777777779,
        0.8138888888888889,
        0.8138888888888889,
        0.825,
        0.8166666666666667,
        0.8194444444444444,
        0.8305555555555555,
        0.8694444444444445,
        0.8111111111111111,
        0.8194444444444444,
        0.8361111111111111,
        0.8194444444444444,
        0.8388888888888889,
        0.825,
        0.8138888888888889,
        0.8166666666666667,
        0.8166666666666667,
        0.8166666666666667,
        0.8222222222222222,
        0.8138888888888889
    ],
    "tr_loss": [
        0.7091629803180695,
        0.6439586877822876,
        0.5989386737346649,
        0.6284708082675934,
        0.5596315264701843,
        0.5056404769420624,
        0.4683479219675064,
        0.4225783944129944,
        0.3760431110858917,
        0.34853360056877136,
        0.3223113566637039,
        0.32224422693252563,
        0.2955240458250046,
        0.32830071449279785,
        0.2926974892616272,
        0.26447349786758423,
        0.31756390631198883,
        0.2531113177537918,
        0.25400178134441376,
        0.2586755305528641,
        0.26153163611888885,
        0.2261756956577301,
        0.23604966700077057,
        0.2766731008887291,
        0.23581498116254807,
        0.28177711367607117,
        0.21784155815839767,
        0.2715836837887764,
        0.28993524610996246,
        0.20963922142982483,
        0.2239464670419693,
        0.1952197179198265,
        0.2369150072336197,
        0.22506806999444962,
        0.20899002999067307,
        0.2200452759861946
    ]
}