{
    "args": {
        "model": "tv7.1",
        "output": "finetune_outputs/binclass-0.8/tv7.1-tuned/train_1742_Loan-Predication",
        "dataset": "train_1742_Loan-Predication",
        "task": "binclass",
        "batch_size": 64,
        "early_stop": 16,
        "reduce_data": 0.8
    },
    "device": "NVIDIA GeForce RTX 3090",
    "best_eval_score": 0.9404761904761906,
    "final_test_score": 0.7120743034055728,
    "ev_metric": [
        0.9404761904761906,
        0.9404761904761906,
        0.9404761904761906,
        0.9404761904761906,
        0.9404761904761906,
        0.9404761904761906,
        0.9404761904761906,
        0.9404761904761906,
        0.9404761904761906,
        0.9404761904761906,
        0.9404761904761906,
        0.9404761904761906,
        0.9404761904761906,
        0.9404761904761906,
        0.9404761904761906,
        0.9404761904761906,
        0.9404761904761906
    ],
    "test_metric": [
        0.7120743034055728,
        0.7111455108359133,
        0.7105263157894737,
        0.7099071207430341,
        0.7095975232198142,
        0.7089783281733746,
        0.7092879256965945,
        0.7092879256965945,
        0.7092879256965945,
        0.7089783281733746,
        0.7080495356037151,
        0.7080495356037151,
        0.7074303405572755,
        0.7071207430340558,
        0.7068111455108359,
        0.7071207430340558,
        0.7068111455108359
    ],
    "tr_loss": [
        0.6907337605953217,
        0.6920293569564819,
        0.7054851949214935,
        0.6956987082958221,
        0.6882529854774475,
        0.6973282992839813,
        0.6824228167533875,
        0.6811276972293854,
        0.6991542875766754,
        0.6829141676425934,
        0.6913852095603943,
        0.688337504863739,
        0.6844772398471832,
        0.6917412579059601,
        0.6802760362625122,
        0.6914353370666504,
        0.6930752694606781
    ],
    "tr_times": 0.060770273208618164,
    "ev_times": 0.0002853870391845703,
    "test_times": 0.0002880096435546875,
    "param_total_size": 555816,
    "param_total_count": 138948
}