{
    "args": {
        "output": "finetune_outputs/binclass-0.8/ftt-tuned/train_0446_arsenic-female-bladder",
        "dataset": "train_0446_arsenic-female-bladder",
        "task": "binclass",
        "batch_size": 64,
        "early_stop": 16,
        "reduce_data": 0.8
    },
    "device": "NVIDIA GeForce RTX 3090",
    "best_eval_score": 0.5555555555555556,
    "final_test_score": 0.775390625,
    "ev_metric": [
        0.48888888888888893,
        0.48888888888888893,
        0.4666666666666667,
        0.4666666666666667,
        0.4666666666666667,
        0.4666666666666667,
        0.5111111111111111,
        0.5555555555555556,
        0.5555555555555556,
        0.5555555555555556,
        0.5555555555555556,
        0.5555555555555556,
        0.5333333333333334,
        0.5333333333333334,
        0.5333333333333334,
        0.5333333333333334,
        0.5111111111111112,
        0.5111111111111112,
        0.5111111111111112,
        0.5111111111111112,
        0.48888888888888893,
        0.48888888888888893,
        0.48888888888888893,
        0.5111111111111112
    ],
    "test_metric": [
        0.6875,
        0.7089843750000001,
        0.7311197916666667,
        0.7486979166666666,
        0.76171875,
        0.767578125,
        0.7727864583333333,
        0.775390625,
        0.7779947916666666,
        0.7766927083333333,
        0.7799479166666666,
        0.783203125,
        0.783203125,
        0.787109375,
        0.7890625,
        0.791015625,
        0.7929687499999999,
        0.7884114583333333,
        0.7851562499999999,
        0.7819010416666666,
        0.7799479166666667,
        0.7786458333333333,
        0.7747395833333334,
        0.7740885416666667
    ],
    "tr_loss": [
        0.790472537279129,
        0.7467250227928162,
        0.7212329208850861,
        0.70895054936409,
        0.7283397316932678,
        0.6805658340454102,
        0.6374222636222839,
        0.6448998153209686,
        0.6103719770908356,
        0.5908026397228241,
        0.5352297872304916,
        0.5073035955429077,
        0.5397331714630127,
        0.5535892844200134,
        0.4971812963485718,
        0.5033906996250153,
        0.48547297716140747,
        0.48170173168182373,
        0.506419837474823,
        0.47662872076034546,
        0.40423911809921265,
        0.43421098589897156,
        0.4362592548131943,
        0.46755455434322357
    ],
    "tr_times": 0.44684576988220215,
    "ev_times": 0.0005028247833251953,
    "test_times": 0.0005066394805908203,
    "param_total_size": 1816548,
    "param_total_count": 454137,
    "model_size": 1835972
}