{
    "args": {
        "model": "tv7.4",
        "output": "finetune_outputs/binclass-0.8/tv7.4-tuned/train_1413_shill-bidding",
        "dataset": "train_1413_shill-bidding",
        "task": "binclass",
        "batch_size": 64,
        "early_stop": 16,
        "reduce_data": 0.8
    },
    "device": "NVIDIA GeForce RTX 3090",
    "best_eval_score": 0.9997488699146158,
    "final_test_score": 0.996165191740413,
    "ev_metric": [
        0.9997488699146158,
        0.9992466097438474,
        0.9987443495730789,
        0.9979909593169262,
        0.9974886991461577,
        0.9969864389753893,
        0.9969864389753893,
        0.9962330487192366,
        0.9959819186338523,
        0.995479658463084,
        0.9954796584630838,
        0.995479658463084,
        0.9949773982923155,
        0.9952285283776997,
        0.9952285283776997,
        0.9952285283776997,
        0.9952285283776997
    ],
    "test_metric": [
        0.996165191740413,
        0.9959619796787939,
        0.9961324156014422,
        0.9962176335627663,
        0.9961717469682072,
        0.9960340871845297,
        0.9958308751229105,
        0.9956014421501147,
        0.9951819075712881,
        0.9947951491314323,
        0.9948082595870207,
        0.994506719108489,
        0.9943035070468699,
        0.994467387741724,
        0.9940740740740741,
        0.993556211078335,
        0.9944149459193707
    ],
    "tr_loss": [
        0.6270310466106122,
        0.590898334980011,
        0.5498219820169302,
        0.5039150164677546,
        0.4587719669708839,
        0.4203616770414206,
        0.391642506305988,
        0.36975667568353504,
        0.35554393438192516,
        0.34292160776945263,
        0.3334042429924011,
        0.32624907676990217,
        0.31981485852828395,
        0.31477490755227894,
        0.31130886994875395,
        0.30722851019639236,
        0.3036830723285675
    ],
    "tr_times": 14.692936420440674,
    "ev_times": 0.00023365020751953125,
    "test_times": 0.0006263256072998047,
    "param_total_size": 728368,
    "param_total_count": 182090,
    "model_size": 869917
}