{
    "args": {
        "model": "tv7.1",
        "output": "finetune_outputs/binclass-0.8/tv7.1-tuned/bt_dataset_t3",
        "dataset": "bt_dataset_t3",
        "task": "binclass",
        "batch_size": 64,
        "early_stop": 16,
        "reduce_data": 0.8
    },
    "device": "NVIDIA GeForce RTX 3090",
    "best_eval_score": 0.8652482269503546,
    "final_test_score": 0.9127320954907161,
    "ev_metric": [
        0.8652482269503546,
        0.8652482269503546,
        0.8652482269503546,
        0.8652482269503546,
        0.8652482269503546,
        0.8652482269503546,
        0.8652482269503546,
        0.8617021276595744,
        0.8617021276595744,
        0.8617021276595744,
        0.8581560283687943,
        0.8581560283687943,
        0.8581560283687943,
        0.8581560283687943,
        0.8581560283687943,
        0.8546099290780141,
        0.8546099290780141
    ],
    "test_metric": [
        0.9127320954907161,
        0.9114942528735632,
        0.9095490716180371,
        0.9084880636604775,
        0.907603890362511,
        0.9065428824049513,
        0.9052166224580016,
        0.9047745358090187,
        0.9037135278514589,
        0.903183023872679,
        0.9026525198938993,
        0.9018567639257294,
        0.9015030946065429,
        0.900707338638373,
        0.9001768346595933,
        0.8995579133510168,
        0.898762157382847
    ],
    "tr_loss": [
        0.6755754351615906,
        0.6734127253293991,
        0.6711559146642685,
        0.6695596277713776,
        0.668301060795784,
        0.6652369946241379,
        0.6632579565048218,
        0.6628799289464951,
        0.6629908382892609,
        0.6613648235797882,
        0.6581792235374451,
        0.6586823463439941,
        0.6564080119132996,
        0.6558556854724884,
        0.6551692336797714,
        0.6525514274835587,
        0.6511508226394653
    ],
    "tr_times": 0.3792283535003662,
    "ev_times": 0.00023603439331054688,
    "test_times": 0.0002465248107910156,
    "param_total_size": 136276,
    "param_total_count": 34069
}