{
    "args": {
        "model": "xgboost",
        "output": "finetune_outputs/binclass-0.8/xgboost-tuned/train_0546_analcatdata_seropositive",
        "dataset": "train_0546_analcatdata_seropositive",
        "task": "binclass",
        "reduce_data": 0.8
    },
    "device": "NVIDIA GeForce RTX 3090",
    "configs": {
        "metric": "roc_auc",
        "eval_score": 1.0,
        "n_trial": 0,
        "dataset": "train_0546_analcatdata_seropositive",
        "model": {
            "booster": "gbtree",
            "n_estimators": 2000,
            "n_jobs": -1,
            "tree_method": "hist",
            "alpha": 1.3570961856725884e-07,
            "colsample_bylevel": 0.9768272529681683,
            "colsample_bytree": 0.5009252089359593,
            "gamma": 0.005606910717529356,
            "lambda": 1.2801662438134947e-05,
            "learning_rate": 0.0709457637974818,
            "max_depth": 5,
            "min_child_weight": 0.0012446177457697176,
            "subsample": 0.7568044033237529
        },
        "training": {
            "early_stopping_rounds": 20,
            "verbose": false,
            "eval_metric": "error"
        }
    },
    "best_eval_score": 1.0,
    "final_test_score": 0.8765432098765432,
    "tr_times": 0.014397144317626953,
    "ev_times": 0.00018525123596191406,
    "test_times": 0.00013303756713867188,
    "param_total_size": 0,
    "param_total_count": 0,
    "model_size": 20029
}