{
    "args": {
        "model": "xgboost",
        "output": "finetune_outputs/binclass-0.8/xgboost-tuned/train_2621_sf-police-incidents_seed_2_nrows_2000_nclasses_10_ncols_100_stratify_True",
        "dataset": "train_2621_sf-police-incidents_seed_2_nrows_2000_nclasses_10_ncols_100_stratify_True",
        "task": "binclass",
        "reduce_data": 0.8
    },
    "device": "NVIDIA GeForce RTX 3090",
    "configs": {
        "metric": "roc_auc",
        "eval_score": 0.7444196428571428,
        "n_trial": 78,
        "dataset": "train_2621_sf-police-incidents_seed_2_nrows_2000_nclasses_10_ncols_100_stratify_True",
        "model": {
            "booster": "gbtree",
            "n_estimators": 2000,
            "n_jobs": -1,
            "tree_method": "hist",
            "alpha": 0.1993221346121559,
            "colsample_bylevel": 0.5797438999233019,
            "colsample_bytree": 0.9187064345255276,
            "gamma": 0.010471801561369492,
            "lambda": 0.0011236440984385258,
            "learning_rate": 9.212540853788477e-05,
            "max_depth": 10,
            "min_child_weight": 4.331332535652029e-05,
            "subsample": 0.9872251081006351
        },
        "training": {
            "early_stopping_rounds": 20,
            "verbose": false,
            "eval_metric": "error"
        }
    },
    "best_eval_score": 0.7444196428571428,
    "final_test_score": 0.4752601895459038,
    "tr_times": 0.02592611312866211,
    "ev_times": 0.00019407272338867188,
    "test_times": 0.00015592575073242188,
    "param_total_size": 0,
    "param_total_count": 0,
    "model_size": 114101
}