{
    "args": {
        "model": "mlp",
        "output": "finetune_outputs/openml-0.8/mlp-tuned/37",
        "dataset": "37",
        "task": "openml",
        "batch_size": 64,
        "early_stop": 16,
        "reduce_data": 0.8
    },
    "device": "NVIDIA GeForce RTX 3090",
    "best_eval_score": 0.5,
    "final_test_score": 0.5,
    "ev_metric": [
        0.5,
        0.5,
        0.5,
        0.5,
        0.5,
        0.5,
        0.5,
        0.5,
        0.5,
        0.5,
        0.5,
        0.5,
        0.5,
        0.5,
        0.5,
        0.5,
        0.5
    ],
    "test_metric": [
        0.5,
        0.5,
        0.5,
        0.5,
        0.5,
        0.5,
        0.5,
        0.5,
        0.5,
        0.5,
        0.5,
        0.5,
        0.5,
        0.5,
        0.5,
        0.5,
        0.5
    ],
    "tr_loss": [
        0.6621689200401306,
        0.6436753273010254,
        0.6508600115776062,
        0.6349114179611206,
        0.6646191477775574,
        0.6493771970272064,
        0.6418488621711731,
        0.6560036838054657,
        0.6486332714557648,
        0.6276393234729767,
        0.6552045345306396,
        0.6345821917057037,
        0.6549004018306732,
        0.6413429379463196,
        0.634678989648819,
        0.6545903384685516,
        0.6479131281375885
    ],
    "tr_times": 0.38499927520751953,
    "ev_times": 0.00021982192993164062,
    "test_times": 0.00022101402282714844,
    "param_total_size": 132708,
    "param_total_count": 33177,
    "model_size": 146247
}