{
    "args": {
        "output": "finetune_outputs/openml-0.8/ftt-tuned/1485",
        "dataset": "1485",
        "task": "openml",
        "batch_size": 64,
        "early_stop": 16,
        "reduce_data": 0.8
    },
    "device": "NVIDIA GeForce RTX 3090",
    "best_eval_score": 0.5756081525312294,
    "final_test_score": 0.4997917159763313,
    "ev_metric": [
        0.5121630506245891,
        0.5364891518737672,
        0.5562130177514792,
        0.5723208415516108,
        0.5723208415516108,
        0.5756081525312294,
        0.5502958579881657,
        0.5641025641025641,
        0.5220249835634451,
        0.4930966469428008,
        0.49901380670611434,
        0.5220249835634452,
        0.5213675213675213,
        0.5502958579881656,
        0.5216962524654832,
        0.5055884286653517,
        0.49901380670611445,
        0.5276134122287969,
        0.5049309664694279,
        0.520052596975674,
        0.48980933596318216,
        0.472715318869165
    ],
    "test_metric": [
        0.48410414201183427,
        0.510392899408284,
        0.49190295857988164,
        0.4870544378698225,
        0.49385325443786976,
        0.4997917159763313,
        0.5205372781065088,
        0.5479715976331361,
        0.5587467455621302,
        0.557207100591716,
        0.5468094674556213,
        0.5304958579881657,
        0.5140710059171597,
        0.5237585798816567,
        0.5232544378698225,
        0.5166603550295858,
        0.5380497041420118,
        0.5621372781065088,
        0.5663005917159764,
        0.5590414201183432,
        0.5626958579881658,
        0.569024852071006
    ],
    "tr_loss": [
        0.697251296043396,
        0.7157535076141357,
        0.7095589995384216,
        0.701750910282135,
        0.6918692231178284,
        0.6996832609176635,
        0.6996931910514832,
        0.6953432083129882,
        0.68957599401474,
        0.6920526146888732,
        0.6943310737609864,
        0.6918306708335876,
        0.7002567648887634,
        0.6982959985733033,
        0.7002171158790589,
        0.7014338731765747,
        0.6903868794441224,
        0.7009872794151306,
        0.692966079711914,
        0.7020976543426514,
        0.6923942923545837,
        0.6943664789199829
    ],
    "tr_times": 0.597104549407959,
    "ev_times": 0.0004994869232177734,
    "test_times": 0.0009937286376953125,
    "param_total_size": 2147732,
    "param_total_count": 536933,
    "model_size": 2159572
}