{
    "args": {
        "model": "tv7.2",
        "output": "finetune_outputs/binclass-0.8/tv7.2-tuned/train_1592_Diabetes-Data-Set",
        "dataset": "train_1592_Diabetes-Data-Set",
        "task": "binclass",
        "batch_size": 64,
        "early_stop": 16,
        "reduce_data": 0.8
    },
    "device": "NVIDIA GeForce RTX 3090",
    "best_eval_score": 0.7291666666666667,
    "final_test_score": 0.7033333333333334,
    "ev_metric": [
        0.7291666666666667,
        0.7291666666666667,
        0.7291666666666667,
        0.7291666666666667,
        0.7291666666666667,
        0.7291666666666667,
        0.7291666666666667,
        0.7291666666666667,
        0.7291666666666667,
        0.7291666666666667,
        0.7291666666666667,
        0.7291666666666667,
        0.7291666666666667,
        0.7222222222222222,
        0.7222222222222222,
        0.7222222222222222,
        0.7222222222222222
    ],
    "test_metric": [
        0.7033333333333334,
        0.7035185185185185,
        0.7035185185185185,
        0.7038888888888889,
        0.7040740740740741,
        0.7038888888888889,
        0.7037037037037037,
        0.7037037037037037,
        0.7038888888888889,
        0.7038888888888889,
        0.7040740740740741,
        0.7040740740740741,
        0.7042592592592593,
        0.7044444444444444,
        0.7046296296296297,
        0.7053703703703704,
        0.705
    ],
    "tr_loss": [
        0.6875502169132233,
        0.6870651543140411,
        0.6863764226436615,
        0.687017023563385,
        0.6865417659282684,
        0.6859420239925385,
        0.6863239109516144,
        0.6862477958202362,
        0.6861627399921417,
        0.6855652332305908,
        0.6856482923030853,
        0.6851592361927032,
        0.6857202053070068,
        0.6850613355636597,
        0.6850367188453674,
        0.6853163242340088,
        0.6844994425773621
    ],
    "tr_times": 0.18617534637451172,
    "ev_times": 0.0001957416534423828,
    "test_times": 0.00023293495178222656,
    "param_total_size": 18692,
    "param_total_count": 4673,
    "model_size": 30687
}