{
    "args": {
        "output": "finetune_outputs/binclass-0.8/ftt-tuned/train_0555_socmob",
        "dataset": "train_0555_socmob",
        "task": "binclass",
        "batch_size": 64,
        "early_stop": 16,
        "reduce_data": 0.8
    },
    "device": "NVIDIA GeForce RTX 3090",
    "best_eval_score": 0.9698275862068966,
    "final_test_score": 0.9734048315458781,
    "ev_metric": [
        0.2543103448275862,
        0.8405172413793104,
        0.9137931034482758,
        0.9655172413793103,
        0.9655172413793103,
        0.9655172413793103,
        0.9655172413793103,
        0.9698275862068966,
        0.9698275862068966,
        0.9698275862068966,
        0.9698275862068966,
        0.9698275862068966,
        0.9698275862068966,
        0.9698275862068966,
        0.9698275862068966,
        0.9698275862068966,
        0.9698275862068966,
        0.9698275862068966,
        0.9698275862068966,
        0.9698275862068966,
        0.9698275862068966,
        0.9698275862068966,
        0.9655172413793103,
        0.9655172413793103
    ],
    "test_metric": [
        0.29980500487487816,
        0.8199003358249377,
        0.9496804246560503,
        0.9609468096630918,
        0.966796663416748,
        0.9727548477954718,
        0.9730798396706749,
        0.9734048315458781,
        0.9735131621709456,
        0.9735131621709457,
        0.9735131621709456,
        0.9736214927960134,
        0.9734048315458781,
        0.973404831545878,
        0.9735131621709457,
        0.9735131621709457,
        0.9735131621709457,
        0.9736214927960134,
        0.9736214927960134,
        0.9736214927960134,
        0.973404831545878,
        0.9732965009208103,
        0.9731881702957427,
        0.9731881702957426
    ],
    "tr_loss": [
        0.5844513575236002,
        0.6064032912254333,
        0.5242120126883189,
        0.5360089540481567,
        0.5561122298240662,
        0.5299400587876638,
        0.49337538083394367,
        0.46441491444905597,
        0.49181713660558063,
        0.4668118456999461,
        0.4462116062641144,
        0.4597061475118001,
        0.4639381170272827,
        0.411642183860143,
        0.4430915216604869,
        0.44443057974179584,
        0.3815476397673289,
        0.3746204078197479,
        0.4033174316088359,
        0.37366267045338947,
        0.3474360505739848,
        0.4037310878435771,
        0.3417382438977559,
        0.31124718983968097
    ],
    "tr_times": 0.5998034477233887,
    "ev_times": 0.0008809566497802734,
    "test_times": 0.0008211135864257812,
    "param_total_size": 1542668,
    "param_total_count": 385665,
    "model_size": 1571313
}