{
    "args": {
        "model": "tv7.2",
        "output": "finetune_outputs/openml-0.8/tv7.2-tuned/37",
        "dataset": "37",
        "task": "openml",
        "batch_size": 64,
        "early_stop": 16,
        "reduce_data": 0.8
    },
    "device": "NVIDIA GeForce RTX 3090",
    "best_eval_score": 0.725,
    "final_test_score": 0.7804179104477612,
    "ev_metric": [
        0.725,
        0.725,
        0.725,
        0.725,
        0.725,
        0.725,
        0.725,
        0.725,
        0.725,
        0.725,
        0.725,
        0.725,
        0.725,
        0.725,
        0.725,
        0.725,
        0.725
    ],
    "test_metric": [
        0.7804179104477612,
        0.7804179104477612,
        0.7804179104477612,
        0.7804179104477612,
        0.7804179104477612,
        0.7805373134328358,
        0.7804179104477612,
        0.7804179104477612,
        0.7805373134328358,
        0.7805373134328358,
        0.7805373134328358,
        0.7805373134328358,
        0.7805373134328358,
        0.7806567164179105,
        0.7806567164179105,
        0.7806567164179105,
        0.7806567164179105
    ],
    "tr_loss": [
        0.6647318303585052,
        0.6651000082492828,
        0.6670346856117249,
        0.6630843281745911,
        0.6664709150791168,
        0.6679344773292542,
        0.6629436016082764,
        0.6667615473270416,
        0.6670803725719452,
        0.6628409922122955,
        0.6662656366825104,
        0.6668194234371185,
        0.6686794757843018,
        0.66292804479599,
        0.6639347672462463,
        0.6643306612968445,
        0.6648346483707428
    ],
    "tr_times": 4.009131669998169,
    "ev_times": 0.00020122528076171875,
    "test_times": 0.0001914501190185547,
    "param_total_size": 163204,
    "param_total_count": 40801,
    "model_size": 237343
}