{
    "args": {
        "model": "tv7.2",
        "output": "finetune_outputs/openml-0.8/tv7.2-tuned/1063",
        "dataset": "1063",
        "task": "openml",
        "batch_size": 64,
        "early_stop": 16,
        "reduce_data": 0.8
    },
    "device": "NVIDIA GeForce RTX 3090",
    "best_eval_score": 1.0,
    "final_test_score": 0.7624643874643873,
    "ev_metric": [
        1.0,
        1.0,
        1.0,
        1.0,
        1.0,
        1.0,
        1.0,
        1.0,
        1.0,
        1.0,
        1.0,
        1.0,
        1.0,
        1.0,
        1.0,
        1.0,
        1.0
    ],
    "test_metric": [
        0.7624643874643873,
        0.7631766381766381,
        0.7631766381766381,
        0.7631766381766381,
        0.7635327635327636,
        0.7635327635327636,
        0.7635327635327636,
        0.7642450142450143,
        0.7642450142450143,
        0.7642450142450143,
        0.7638888888888888,
        0.7638888888888888,
        0.7638888888888888,
        0.7646011396011396,
        0.7646011396011396,
        0.7646011396011396,
        0.7656695156695157
    ],
    "tr_loss": [
        0.5980087518692017,
        0.5970815420150757,
        0.5961648225784302,
        0.5952490568161011,
        0.5943387150764465,
        0.5934364199638367,
        0.5925452709197998,
        0.5916617512702942,
        0.5907875895500183,
        0.5899261832237244,
        0.5890682339668274,
        0.5882207751274109,
        0.5873857140541077,
        0.5865627527236938,
        0.5857505202293396,
        0.584942102432251,
        0.5841445922851562
    ],
    "tr_times": 0.21024322509765625,
    "ev_times": 0.00020551681518554688,
    "test_times": 0.00021076202392578125,
    "param_total_size": 26632,
    "param_total_count": 6658,
    "model_size": 39967
}