{
    "args": {
        "model": "mlp",
        "output": "finetune_outputs/binclass-0.8/mlp-tuned/b_depressed",
        "dataset": "b_depressed",
        "task": "binclass",
        "batch_size": 64,
        "early_stop": 16,
        "reduce_data": 0.8
    },
    "device": "NVIDIA GeForce RTX 3090",
    "best_eval_score": 0.669407894736842,
    "final_test_score": 0.46424194677871145,
    "ev_metric": [
        0.4736842105263158,
        0.669407894736842,
        0.4342105263157895,
        0.506578947368421,
        0.506578947368421,
        0.5427631578947368,
        0.5361842105263158,
        0.506578947368421,
        0.5098684210526316,
        0.549342105263158,
        0.5164473684210527,
        0.5032894736842105,
        0.5789473684210527,
        0.6151315789473685,
        0.6480263157894737,
        0.5394736842105263,
        0.549342105263158,
        0.5427631578947368
    ],
    "test_metric": [
        0.4512429971988795,
        0.46424194677871145,
        0.5160189075630253,
        0.4865196078431373,
        0.47338935574229696,
        0.478203781512605,
        0.4526435574229692,
        0.42813375350140054,
        0.43443627450980393,
        0.4431022408963585,
        0.4694502801120448,
        0.4833683473389356,
        0.4729516806722689,
        0.5036764705882353,
        0.5080532212885154,
        0.4966299019607843,
        0.49728641456582634,
        0.4843312324929972
    ],
    "tr_loss": [
        33.9288363357385,
        0.6017408569653829,
        0.6538064877192179,
        0.6464600165685018,
        0.6248103380203247,
        0.5125837624073029,
        0.6025913854440054,
        0.5176445444424947,
        0.5173102418581644,
        0.3981162707010905,
        0.3880225320657094,
        0.34225783745447796,
        0.3183120787143707,
        0.31532368063926697,
        0.315886269013087,
        0.328693429629008,
        0.29815666874249774,
        0.2924673755963643
    ],
    "tr_times": 0.4249875545501709,
    "ev_times": 0.0003197193145751953,
    "test_times": 0.0002639293670654297,
    "param_total_size": 21835908,
    "param_total_count": 5458968,
    "model_size": 21845713
}