{
    "args": {
        "model": "tv7.1",
        "output": "finetune_outputs/binclass-0.8/tv7.1-tuned/train_0546_analcatdata_seropositive",
        "dataset": "train_0546_analcatdata_seropositive",
        "task": "binclass",
        "batch_size": 64,
        "early_stop": 16,
        "reduce_data": 0.8
    },
    "device": "NVIDIA GeForce RTX 3090",
    "best_eval_score": 1.0,
    "final_test_score": 0.9506172839506173,
    "ev_metric": [
        1.0,
        1.0,
        1.0,
        1.0,
        1.0,
        1.0,
        1.0,
        1.0,
        1.0,
        1.0,
        1.0,
        1.0,
        1.0,
        1.0,
        1.0,
        1.0,
        1.0
    ],
    "test_metric": [
        0.9506172839506173,
        0.9506172839506173,
        0.9506172839506173,
        0.9506172839506173,
        0.9444444444444444,
        0.9444444444444444,
        0.9444444444444444,
        0.9444444444444444,
        0.9444444444444444,
        0.9444444444444444,
        0.9444444444444444,
        0.9444444444444444,
        0.9444444444444444,
        0.9444444444444444,
        0.9444444444444444,
        0.9444444444444444,
        0.9444444444444444
    ],
    "tr_loss": [
        0.6136531829833984,
        0.613195538520813,
        0.6127403974533081,
        0.6122882962226868,
        0.6118330955505371,
        0.6113772988319397,
        0.6109236478805542,
        0.6104729175567627,
        0.6100218296051025,
        0.6095690131187439,
        0.6091166734695435,
        0.6086634993553162,
        0.6082115173339844,
        0.6077632308006287,
        0.607317328453064,
        0.6068735718727112,
        0.6064318418502808
    ],
    "tr_times": 0.3343513011932373,
    "ev_times": 0.0002658367156982422,
    "test_times": 0.00028634071350097656,
    "param_total_size": 458896,
    "param_total_count": 114723
}