{
    "args": {
        "model": "dcnv2",
        "output": "finetune_outputs/binclass-0.8/dcnv2-tuned/train_0400_analcatdata_supreme",
        "dataset": "train_0400_analcatdata_supreme",
        "task": "binclass",
        "batch_size": 64,
        "early_stop": 16,
        "reduce_data": 0.8
    },
    "device": "NVIDIA GeForce RTX 3090",
    "best_eval_score": 1.0,
    "final_test_score": 0.9982038129292052,
    "ev_metric": [
        0.8253502769631802,
        0.8875855327468231,
        0.9833822091886608,
        0.9947865754317367,
        0.996415770609319,
        0.9941348973607038,
        0.9977191267513849,
        1.0,
        0.9902248289345064,
        0.9990224828934506,
        0.999348321928967,
        0.9993483219289672,
        0.9863147605083089,
        0.9739328771586836,
        0.9954382535027696,
        0.999348321928967,
        0.9967416096448355,
        0.9999999999999999,
        1.0,
        1.0,
        0.9999999999999999,
        0.9986966438579342,
        1.0,
        1.0
    ],
    "test_metric": [
        0.8690704940767598,
        0.9315527410650135,
        0.9861150562248325,
        0.9901752744406758,
        0.9910942538722453,
        0.9934251198850441,
        0.99486206954168,
        0.9982038129292052,
        0.9933415763003559,
        0.9958478838409998,
        0.9969757222342897,
        0.9981703954953299,
        0.9957977576901869,
        0.991194506173871,
        0.9955137095022473,
        0.9964493976507544,
        0.9977276144964828,
        0.9982455847215492,
        0.9987384918712092,
        0.9987384918712092,
        0.9987384918712092,
        0.9972764791391668,
        0.9974352119500743,
        0.998922287757523
    ],
    "tr_loss": [
        0.551496704419454,
        0.45063769817352295,
        0.2985119041469362,
        0.18338242255979115,
        0.1762755902277099,
        0.15712596000068718,
        0.096363403989623,
        0.092322519256009,
        0.09229480744236046,
        0.06456411902844492,
        0.06086938062475787,
        0.0606930498033762,
        0.04198205326166418,
        0.042980814145670995,
        0.11735436313837352,
        0.08089553468203627,
        0.07411869149655104,
        0.05204962250880069,
        0.03578523960378435,
        0.026577146654879473,
        0.0373690128326416,
        0.025916829401265003,
        0.026470188258422747,
        0.023850051117026143
    ],
    "tr_times": 0.7226831912994385,
    "ev_times": 0.000240325927734375,
    "test_times": 0.0002696514129638672,
    "param_total_size": 743092,
    "param_total_count": 185767,
    "model_size": 759179
}