{
    "args": {
        "output": "finetune_outputs/binclass-0.8/ftt-tuned/loan_train",
        "dataset": "loan_train",
        "task": "binclass",
        "batch_size": 64,
        "early_stop": 16,
        "reduce_data": 0.8
    },
    "device": "NVIDIA GeForce RTX 3090",
    "best_eval_score": 0.8928571428571429,
    "final_test_score": 0.7613003095975233,
    "ev_metric": [
        0.5714285714285714,
        0.8928571428571429,
        0.8928571428571429,
        0.8690476190476191,
        0.8928571428571429,
        0.880952380952381,
        0.8571428571428572,
        0.8571428571428572,
        0.869047619047619,
        0.880952380952381,
        0.8452380952380952,
        0.8333333333333333,
        0.8333333333333334,
        0.8214285714285714,
        0.8214285714285714,
        0.8333333333333333,
        0.8452380952380952,
        0.8333333333333334
    ],
    "test_metric": [
        0.7309597523219815,
        0.7613003095975233,
        0.7517027863777089,
        0.7526315789473685,
        0.7554179566563468,
        0.7538699690402477,
        0.7544891640866873,
        0.7535603715170279,
        0.751702786377709,
        0.7476780185758514,
        0.7359133126934985,
        0.7232198142414861,
        0.7229102167182663,
        0.7195046439628483,
        0.7263157894736842,
        0.7160990712074304,
        0.7068111455108359,
        0.7184210526315791
    ],
    "tr_loss": [
        0.6799450814723969,
        0.6827292442321777,
        0.6255150735378265,
        0.5790020525455475,
        0.624149352312088,
        0.594486653804779,
        0.6325588822364807,
        0.5545143485069275,
        0.5882956683635712,
        0.4860381633043289,
        0.4779106080532074,
        0.48117801547050476,
        0.3318486362695694,
        0.39618009328842163,
        0.38370443880558014,
        0.3831050246953964,
        0.3308499678969383,
        0.4367050975561142
    ],
    "tr_times": 0.4190640449523926,
    "ev_times": 0.0006005764007568359,
    "test_times": 0.0006747245788574219,
    "param_total_size": 3284900,
    "param_total_count": 821219,
    "model_size": 3305921
}