{
    "args": {
        "model": "mlp",
        "output": "finetune_outputs/binclass-0.8/mlp-tuned/train_1006_Titanic",
        "dataset": "train_1006_Titanic",
        "task": "binclass",
        "batch_size": 64,
        "early_stop": 16,
        "reduce_data": 0.8
    },
    "device": "NVIDIA GeForce RTX 3090",
    "best_eval_score": 0.776268115942029,
    "final_test_score": 0.6498186443073155,
    "ev_metric": [
        0.776268115942029,
        0.7137681159420289,
        0.5960144927536232,
        0.49547101449275355,
        0.49547101449275355,
        0.47644927536231874,
        0.49909420289855067,
        0.4121376811594203,
        0.526268115942029,
        0.526268115942029,
        0.526268115942029,
        0.526268115942029,
        0.526268115942029,
        0.526268115942029,
        0.5670289855072463,
        0.5670289855072463,
        0.6077898550724637
    ],
    "test_metric": [
        0.6498186443073155,
        0.6409392811719817,
        0.6443544208394179,
        0.5211267605633803,
        0.5215978143106128,
        0.501389608554336,
        0.4884827358801639,
        0.4320976023364266,
        0.544255499552499,
        0.544255499552499,
        0.544255499552499,
        0.544255499552499,
        0.5449149747986245,
        0.5449149747986245,
        0.5850016486881154,
        0.5849545433133921,
        0.6279146450610015
    ],
    "tr_loss": [
        0.6353821754455566,
        0.6215232610702515,
        0.6119519829750061,
        0.6007577538490295,
        0.5771044731140137,
        0.5763344645500184,
        0.5508585810661316,
        0.5386382818222046,
        0.5118563890457153,
        0.4629692554473877,
        0.4185761332511902,
        0.36117933988571166,
        0.304293292760849,
        0.16698953211307527,
        -0.04884583055973053,
        -0.2852681398391724,
        -0.32707598209381106
    ],
    "tr_times": 0.38420605659484863,
    "ev_times": 0.0001304149627685547,
    "test_times": 0.00014662742614746094,
    "param_total_size": 269252,
    "param_total_count": 67313,
    "model_size": 274843
}