{
    "args": {
        "model": "dcnv2",
        "output": "finetune_outputs/openml-0.8/dcnv2-tuned/1049",
        "dataset": "1049",
        "task": "openml",
        "batch_size": 64,
        "early_stop": 16,
        "reduce_data": 0.8
    },
    "device": "NVIDIA GeForce RTX 3090",
    "best_eval_score": 0.8769230769230769,
    "final_test_score": 0.811875,
    "ev_metric": [
        0.7846153846153846,
        0.635897435897436,
        0.8769230769230769,
        0.6717948717948719,
        0.6820512820512821,
        0.6820512820512821,
        0.6743589743589745,
        0.6871794871794873,
        0.7512820512820514,
        0.7410256410256412,
        0.6897435897435897,
        0.7461538461538462,
        0.7333333333333334,
        0.7512820512820514,
        0.7717948717948718,
        0.7871794871794872,
        0.7897435897435897,
        0.7923076923076923,
        0.8051282051282053
    ],
    "test_metric": [
        0.7775000000000001,
        0.8013194444444445,
        0.811875,
        0.8155555555555556,
        0.8370833333333333,
        0.8448611111111112,
        0.8461805555555555,
        0.8470833333333334,
        0.8529861111111111,
        0.8347916666666667,
        0.8272222222222223,
        0.8427083333333333,
        0.8427777777777778,
        0.8402083333333333,
        0.8317361111111111,
        0.8274305555555556,
        0.814513888888889,
        0.8034722222222221,
        0.8000347222222222
    ],
    "tr_loss": [
        0.48899556199709576,
        0.29982417821884155,
        0.2812588115533193,
        0.26255788405736286,
        0.23477433125178018,
        0.22174746294816336,
        0.2013828158378601,
        0.18739541868368784,
        0.15804166595141092,
        0.16757113734881082,
        0.1912998929619789,
        0.18545895318190256,
        0.1585849275191625,
        0.13922573626041412,
        0.13109141339858374,
        0.10818249235550563,
        0.0941394567489624,
        0.07985034336646397,
        0.07821508621176083
    ],
    "tr_times": 0.3915901184082031,
    "ev_times": 0.0002257823944091797,
    "test_times": 0.00020956993103027344,
    "param_total_size": 4428004,
    "param_total_count": 1107001,
    "model_size": 4439189
}