{
    "args": {
        "output": "finetune_outputs/binclass-0.8/ftt-tuned/train_0509_pollen",
        "dataset": "train_0509_pollen",
        "task": "binclass",
        "batch_size": 64,
        "early_stop": 16,
        "reduce_data": 0.8
    },
    "device": "NVIDIA GeForce RTX 3090",
    "best_eval_score": 0.5819672131147541,
    "final_test_score": 0.4996390622364648,
    "ev_metric": [
        0.4542570068746695,
        0.48016922263352724,
        0.5211528291909042,
        0.5267054468535166,
        0.5243257535695399,
        0.518244315177155,
        0.4989423585404548,
        0.5055526176626124,
        0.5015864621893178,
        0.5037017451084083,
        0.508725542041248,
        0.48466419883659445,
        0.547065044949762,
        0.5,
        0.5359598096245373,
        0.5245901639344263,
        0.5351665785298784,
        0.5280274986779482,
        0.5031729243786356,
        0.4986779481755685,
        0.5819672131147541,
        0.5058170280274987,
        0.5568482284505553,
        0.5449497620306717
    ],
    "test_metric": [
        0.4964344746162928,
        0.5002395007589813,
        0.5137527407657277,
        0.5132265137459943,
        0.5086793725754765,
        0.5184752909428234,
        0.5185157699443415,
        0.5144543767920392,
        0.5170247933884298,
        0.5161747343565525,
        0.5151492663180975,
        0.5142654747849553,
        0.5260381177264294,
        0.5135941980097825,
        0.5158509023444089,
        0.5010895597908585,
        0.502735705852589,
        0.4783234946871311,
        0.45030865238657447,
        0.4800472255017709,
        0.4996390622364648,
        0.48414235115533816,
        0.47775341541575306,
        0.4861932872322483
    ],
    "tr_loss": [
        0.7066546529531479,
        0.6972244158387184,
        0.6956421881914139,
        0.6823389679193497,
        0.6933498606085777,
        0.6881515011191368,
        0.6885645091533661,
        0.6881368905305862,
        0.6888619363307953,
        0.687833808362484,
        0.691758044064045,
        0.6911052316427231,
        0.6810740157961845,
        0.687324620783329,
        0.6851101592183113,
        0.6853639855980873,
        0.6830001100897789,
        0.676314651966095,
        0.6797256767749786,
        0.6779585555195808,
        0.6840098202228546,
        0.6735747829079628,
        0.6726622208952904,
        0.6663248166441917
    ],
    "tr_times": 0,
    "ev_times": 0,
    "test_times": 0,
    "param_total_size": 0,
    "param_total_count": 0,
    "model_size": 0
}