{
    "args": {
        "model": "tv7.4",
        "output": "finetune_outputs/binclass-0.8/tv7.4-tuned/train_0555_socmob",
        "dataset": "train_0555_socmob",
        "task": "binclass",
        "batch_size": 64,
        "early_stop": 16,
        "reduce_data": 0.8
    },
    "device": "NVIDIA GeForce RTX 3090",
    "best_eval_score": 0.9612068965517242,
    "final_test_score": 0.9773047340483155,
    "ev_metric": [
        0.9612068965517242,
        0.9612068965517242,
        0.9612068965517242,
        0.9612068965517242,
        0.9612068965517242,
        0.9612068965517242,
        0.9612068965517242,
        0.9612068965517242,
        0.9612068965517242,
        0.9612068965517242,
        0.9612068965517242,
        0.9612068965517242,
        0.9612068965517242,
        0.9612068965517242,
        0.9612068965517242,
        0.9612068965517242,
        0.9612068965517242
    ],
    "test_metric": [
        0.9773047340483155,
        0.9775213952984508,
        0.9776297259235185,
        0.9776297259235186,
        0.9775213952984508,
        0.9775213952984508,
        0.9771964034232478,
        0.9771964034232478,
        0.9768714115480447,
        0.9766547502979093,
        0.9762214277976384,
        0.9762214277976383,
        0.9760047665475029,
        0.9758964359224352,
        0.9756797746722999,
        0.9756797746722999,
        0.9755714440472322
    ],
    "tr_loss": [
        0.5872785051663717,
        0.580020805199941,
        0.5860516627629598,
        0.5739280581474304,
        0.5722321073214213,
        0.5668989221254984,
        0.564405103524526,
        0.5554187297821045,
        0.5573728879292806,
        0.5483646790186564,
        0.5471381147702535,
        0.5458789467811584,
        0.5391941865285238,
        0.5378819902737936,
        0.5382977326711019,
        0.5348096291224161,
        0.5357958078384399
    ],
    "tr_times": 2.390315532684326,
    "ev_times": 0.0003654956817626953,
    "test_times": 0.00048351287841796875,
    "param_total_size": 314532,
    "param_total_count": 78631,
    "model_size": 384477
}