{
    "args": {
        "model": "tv7.3",
        "output": "finetune_outputs/binclass-0.8/tv7.3-tuned/train_1413_shill-bidding",
        "dataset": "train_1413_shill-bidding",
        "task": "binclass",
        "batch_size": 64,
        "early_stop": 16,
        "reduce_data": 0.8
    },
    "device": "NVIDIA GeForce RTX 3090",
    "best_eval_score": 1.0,
    "final_test_score": 0.9952081284824648,
    "ev_metric": [
        1.0,
        1.0,
        1.0,
        1.0,
        1.0,
        1.0,
        1.0,
        1.0,
        1.0,
        1.0,
        1.0,
        1.0,
        1.0,
        1.0,
        1.0,
        1.0,
        1.0
    ],
    "test_metric": [
        0.9952081284824648,
        0.9952015732546706,
        0.995214683710259,
        0.9952212389380533,
        0.9952146837102589,
        0.995214683710259,
        0.9951950180268765,
        0.9952015732546706,
        0.9951819075712881,
        0.9951950180268765,
        0.9951950180268765,
        0.9951884627990822,
        0.9951687971156997,
        0.9951622418879056,
        0.995175352343494,
        0.9951622418879056,
        0.9951687971156998
    ],
    "tr_loss": [
        0.6678352035008944,
        0.6676092377075782,
        0.6671131344941946,
        0.6667530307402978,
        0.6663792179181025,
        0.6659627235852755,
        0.6655622170521662,
        0.6652157948567317,
        0.6647748763744648,
        0.6645465309803302,
        0.664003440966973,
        0.663566937813392,
        0.6633438926476699,
        0.6630871662726769,
        0.662305657680218,
        0.6620610448030325,
        0.6617959187580988
    ],
    "tr_times": 14.167781591415405,
    "ev_times": 0.00022125244140625,
    "test_times": 0.000583648681640625,
    "param_total_size": 893044,
    "param_total_count": 223261,
    "model_size": 1329375
}