{
    "args": {
        "output": "finetune_outputs/binclass-0.0/ftt-tuned/train_0546_analcatdata_seropositive",
        "dataset": "train_0546_analcatdata_seropositive",
        "task": "binclass",
        "batch_size": 64,
        "early_stop": 16,
        "reduce_data": 0.0
    },
    "device": "NVIDIA GeForce RTX 3090",
    "best_eval_score": 1.0,
    "final_test_score": 0.9012345679012346,
    "ev_metric": [
        0.979591836734694,
        1.0,
        1.0,
        1.0,
        1.0,
        1.0,
        1.0,
        1.0,
        1.0,
        1.0,
        1.0,
        1.0,
        1.0,
        1.0,
        1.0,
        1.0,
        1.0,
        1.0
    ],
    "test_metric": [
        0.8518518518518519,
        0.9012345679012346,
        0.9320987654320988,
        0.9691358024691358,
        0.9691358024691358,
        0.9691358024691358,
        0.9691358024691358,
        0.9629629629629629,
        0.9629629629629629,
        0.9629629629629629,
        0.9629629629629629,
        0.9629629629629629,
        0.9629629629629629,
        0.9629629629629629,
        0.9629629629629629,
        0.9629629629629629,
        0.9629629629629629,
        0.9629629629629629
    ],
    "tr_loss": [
        0.7035764455795288,
        0.6549178659915924,
        0.6461736261844635,
        0.625139981508255,
        0.6216979026794434,
        0.6075523793697357,
        0.6040715575218201,
        0.5818168818950653,
        0.6053384244441986,
        0.5789014101028442,
        0.5546198487281799,
        0.5658082962036133,
        0.5698800981044769,
        0.5137201547622681,
        0.5132440030574799,
        0.5225169658660889,
        0.47805027663707733,
        0.4700879901647568
    ]
}