{
    "args": {
        "model": "mlp",
        "output": "finetune_outputs/openml-0.8/mlp-tuned/1067",
        "dataset": "1067",
        "task": "openml",
        "batch_size": 64,
        "early_stop": 16,
        "reduce_data": 0.8
    },
    "device": "NVIDIA GeForce RTX 3090",
    "best_eval_score": 0.8592592592592593,
    "final_test_score": 0.7597684020562179,
    "ev_metric": [
        0.27222222222222225,
        0.2092592592592593,
        0.26111111111111107,
        0.3425925925925926,
        0.6749999999999999,
        0.6203703703703703,
        0.8592592592592593,
        0.7888888888888891,
        0.8222222222222223,
        0.8222222222222222,
        0.7574074074074074,
        0.7111111111111111,
        0.21666666666666667,
        0.7925925925925926,
        0.7962962962962963,
        0.6314814814814816,
        0.65,
        0.8185185185185185,
        0.8333333333333334,
        0.6685185185185185,
        0.825925925925926,
        0.8296296296296297,
        0.8222222222222223
    ],
    "test_metric": [
        0.40533058077217543,
        0.23176200371869188,
        0.2835365853658537,
        0.47312151372634803,
        0.6673137919720002,
        0.5874029312042,
        0.7597684020562179,
        0.784821721535601,
        0.7762769331729192,
        0.7795376244121186,
        0.7420294214152904,
        0.7274417587225199,
        0.245440500929673,
        0.7810073280104999,
        0.7778218309088922,
        0.6691457945969594,
        0.6606625287104889,
        0.7842270042655584,
        0.7861478726894893,
        0.6678469867658318,
        0.764608170184841,
        0.7726676145685225,
        0.7797768784862736
    ],
    "tr_loss": [
        2.7837284356355667,
        1.9729170054197311,
        0.6908323168754578,
        0.6982428580522537,
        0.669745609164238,
        0.6241074055433273,
        0.5423594117164612,
        0.4519924893975258,
        0.4530625119805336,
        0.44524917751550674,
        0.4683957174420357,
        0.463924802839756,
        0.4383554235100746,
        0.43089043349027634,
        0.43641071021556854,
        0.41624029725790024,
        0.4469746872782707,
        0.43108075857162476,
        0.3960968554019928,
        0.41908592730760574,
        0.36779627203941345,
        0.6047148108482361,
        0.3962600901722908
    ],
    "tr_times": 0.4755256175994873,
    "ev_times": 0.00021910667419433594,
    "test_times": 0.0004096031188964844,
    "param_total_size": 35357476,
    "param_total_count": 8839369,
    "model_size": 35368077
}