{
    "args": {
        "model": "mlp",
        "output": "finetune_outputs/binclass-0.8/mlp-tuned/train_0541_plasma_retinol",
        "dataset": "train_0541_plasma_retinol",
        "task": "binclass",
        "batch_size": 64,
        "early_stop": 16,
        "reduce_data": 0.8
    },
    "device": "NVIDIA GeForce RTX 3090",
    "best_eval_score": 0.6041666666666667,
    "final_test_score": 0.5036008230452675,
    "ev_metric": [
        0.6041666666666667,
        0.5416666666666666,
        0.5,
        0.5,
        0.5416666666666666,
        0.5,
        0.45833333333333337,
        0.3333333333333333,
        0.29166666666666663,
        0.29166666666666663,
        0.33333333333333337,
        0.33333333333333337,
        0.375,
        0.375,
        0.375,
        0.375,
        0.375
    ],
    "test_metric": [
        0.5036008230452675,
        0.4351851851851852,
        0.3924897119341564,
        0.3909465020576132,
        0.39197530864197533,
        0.3909465020576132,
        0.3827160493827161,
        0.3827160493827161,
        0.33024691358024694,
        0.3297325102880658,
        0.33179012345679015,
        0.3297325102880658,
        0.3261316872427984,
        0.3281893004115226,
        0.33333333333333337,
        0.33024691358024694,
        0.33127572016460904
    ],
    "tr_loss": [
        0.6919164061546326,
        0.682196319103241,
        0.6909938454627991,
        0.6818720698356628,
        0.6837515234947205,
        0.6740004420280457,
        0.6371114253997803,
        0.6723648309707642,
        0.6874898076057434,
        0.6890541315078735,
        0.6890643239021301,
        0.6893078088760376,
        0.6883057951927185,
        0.688204288482666,
        0.6871523261070251,
        0.6868366599082947,
        0.6851774454116821
    ],
    "tr_times": 0.34259629249572754,
    "ev_times": 0.00029397010803222656,
    "test_times": 0.000270843505859375,
    "param_total_size": 19298312,
    "param_total_count": 4824575,
    "model_size": 19310857
}