{
    "metric": "roc_auc",
    "eval_score": 0.8351744186046511,
    "n_trial": 23,
    "dataset": "train_1592_Diabetes-Data-Set",
    "model": {
        "booster": "gbtree",
        "n_estimators": 2000,
        "n_jobs": -1,
        "tree_method": "hist",
        "alpha": 5.188000831818641,
        "colsample_bylevel": 0.6457970610550143,
        "colsample_bytree": 0.7214035443964814,
        "gamma": 2.4876898953551515e-05,
        "lambda": 1.3074723074008134,
        "learning_rate": 0.17291315095554702,
        "max_depth": 6,
        "min_child_weight": 0.039455653170777184,
        "subsample": 0.5967722896870162
    },
    "training": {
        "early_stopping_rounds": 20,
        "verbose": false
    }
}