{
    "metric": "roc_auc",
    "eval_score": 0.9583333333333334,
    "n_trial": 4,
    "dataset": "train_0541_plasma_retinol",
    "model": {
        "booster": "gbtree",
        "n_estimators": 2000,
        "n_jobs": -1,
        "tree_method": "hist",
        "alpha": 6.924778360574139e-06,
        "colsample_bylevel": 0.5481281665190663,
        "colsample_bytree": 0.8958546301769594,
        "gamma": 7.817197022569915e-08,
        "lambda": 0.001306395414562765,
        "learning_rate": 0.8107168402110864,
        "max_depth": 8,
        "min_child_weight": 0.0875180503485831,
        "subsample": 0.7797390710781509
    },
    "training": {
        "early_stopping_rounds": 20,
        "verbose": false
    }
}