{
    "args": {
        "model": "mlp",
        "output": "finetune_outputs/binclass-0.8/mlp-tuned/train_0445_arsenic-male-bladder",
        "dataset": "train_0445_arsenic-male-bladder",
        "task": "binclass",
        "batch_size": 64,
        "early_stop": 16,
        "reduce_data": 0.8
    },
    "device": "NVIDIA GeForce RTX 3090",
    "best_eval_score": 1.0,
    "final_test_score": 0.27102803738317754,
    "ev_metric": [
        0.35294117647058826,
        0.47058823529411764,
        0.5294117647058824,
        0.5882352941176471,
        0.7058823529411765,
        0.8823529411764706,
        1.0,
        1.0,
        1.0,
        1.0,
        1.0,
        1.0,
        1.0,
        1.0,
        1.0,
        1.0,
        1.0,
        1.0,
        1.0,
        1.0,
        1.0,
        1.0,
        1.0
    ],
    "test_metric": [
        0.24859813084112145,
        0.24485981308411212,
        0.24299065420560742,
        0.24672897196261678,
        0.2616822429906542,
        0.2598130841121495,
        0.27102803738317754,
        0.2766355140186916,
        0.28411214953271025,
        0.30841121495327106,
        0.3345794392523364,
        0.3794392523364486,
        0.47663551401869153,
        0.5588785046728972,
        0.6018691588785047,
        0.6149532710280373,
        0.6280373831775701,
        0.6373831775700934,
        0.6429906542056074,
        0.6616822429906541,
        0.6672897196261682,
        0.6728971962616822,
        0.6803738317757009
    ],
    "tr_loss": [
        0.6275179386138916,
        0.596172422170639,
        0.4566461145877838,
        0.2154875136911869,
        0.3420443832874298,
        0.9056668430566788,
        0.1803865972906351,
        0.14469454996287823,
        0.15040475875139236,
        0.12978875450789928,
        0.12099042162299156,
        0.09541750280186534,
        0.22532715648412704,
        0.21306226029992104,
        0.07117437198758125,
        0.07956504076719284,
        0.05695288721472025,
        0.05056808015797287,
        0.06815207749605179,
        0.04317081137560308,
        0.10481258854269981,
        0.09632255882024765,
        0.03975602103309939
    ],
    "tr_times": 0.35434818267822266,
    "ev_times": 0.00012755393981933594,
    "test_times": 0.00013303756713867188,
    "param_total_size": 4397144,
    "param_total_count": 1099286,
    "model_size": 4402013
}