{
    "args": {
        "model": "tv7.1",
        "output": "finetune_outputs/binclass-0.8/tv7.1-tuned/audit_data",
        "dataset": "audit_data",
        "task": "binclass",
        "batch_size": 64,
        "early_stop": 16,
        "reduce_data": 0.8
    },
    "device": "NVIDIA GeForce RTX 3090",
    "best_eval_score": 1.0,
    "final_test_score": 0.9972389991371873,
    "ev_metric": [
        0.9933333333333334,
        0.9933333333333334,
        0.9933333333333334,
        0.9933333333333334,
        0.9933333333333334,
        1.0,
        1.0,
        1.0,
        1.0,
        1.0,
        0.9933333333333334,
        0.9933333333333334,
        0.9933333333333334,
        0.9933333333333334,
        0.9933333333333334,
        0.9933333333333334,
        0.9933333333333334,
        0.9933333333333334,
        0.9933333333333334,
        0.9933333333333334,
        0.9933333333333334,
        0.9933333333333334
    ],
    "test_metric": [
        0.9958584987057808,
        0.9968938740293356,
        0.9972389991371873,
        0.997411561691113,
        0.9974115616911131,
        0.9972389991371873,
        0.9963761863675582,
        0.9962036238136324,
        0.9960310612597066,
        0.9960310612597066,
        0.9960310612597066,
        0.9958584987057808,
        0.9955133735979292,
        0.9946505608283002,
        0.9937877480586712,
        0.9934426229508196,
        0.9927523727351164,
        0.9925798101811908,
        0.9922346850733391,
        0.9917169974115616,
        0.9915444348576359,
        0.9915444348576359
    ],
    "tr_loss": [
        0.6349571347236633,
        0.6338326632976532,
        0.6255655288696289,
        0.6206673085689545,
        0.6206954121589661,
        0.6208473742008209,
        0.6106039583683014,
        0.6109194159507751,
        0.602315753698349,
        0.6030760109424591,
        0.5972712934017181,
        0.598869800567627,
        0.5943039655685425,
        0.5927997529506683,
        0.588522732257843,
        0.5812267661094666,
        0.5805928111076355,
        0.5771307945251465,
        0.575292557477951,
        0.5730369687080383,
        0.5677298605442047,
        0.5616156458854675
    ],
    "tr_times": 0.38912153244018555,
    "ev_times": 0.0002913475036621094,
    "test_times": 0.0002968311309814453,
    "param_total_size": 3275456,
    "param_total_count": 818861
}