{
    "args": {
        "model": "tv7.2",
        "output": "finetune_outputs/binclass-0.8/tv7.2-tuned/train_1333_ricci_vs_destefano",
        "dataset": "train_1333_ricci_vs_destefano",
        "task": "binclass",
        "batch_size": 64,
        "early_stop": 16,
        "reduce_data": 0.8
    },
    "device": "NVIDIA GeForce RTX 3090",
    "best_eval_score": 1.0,
    "final_test_score": 0.9370629370629371,
    "ev_metric": [
        1.0,
        1.0,
        1.0,
        1.0,
        1.0,
        1.0,
        1.0,
        1.0,
        1.0,
        1.0,
        1.0,
        1.0,
        1.0,
        1.0,
        1.0,
        1.0,
        1.0
    ],
    "test_metric": [
        0.9370629370629371,
        0.9370629370629371,
        0.9370629370629371,
        0.9370629370629371,
        0.9370629370629371,
        0.9370629370629371,
        0.9370629370629371,
        0.9370629370629371,
        0.9370629370629371,
        0.9370629370629371,
        0.9370629370629371,
        0.9370629370629371,
        0.9370629370629371,
        0.9370629370629371,
        0.9370629370629371,
        0.9370629370629371,
        0.9370629370629371
    ],
    "tr_loss": [
        0.6019264459609985,
        0.6016700863838196,
        0.6014153361320496,
        0.6011599898338318,
        0.6009052395820618,
        0.6006512641906738,
        0.6003978848457336,
        0.600145161151886,
        0.5998938083648682,
        0.5996420979499817,
        0.5993902683258057,
        0.5991389155387878,
        0.5988871455192566,
        0.5986359715461731,
        0.5983861088752747,
        0.5981374382972717,
        0.5978901386260986
    ],
    "tr_times": 1.350736141204834,
    "ev_times": 0.0002510547637939453,
    "test_times": 0.00022029876708984375,
    "param_total_size": 343056,
    "param_total_count": 85762,
    "model_size": 358237
}