{
    "args": {
        "model": "mlp",
        "output": "finetune_outputs/binclass-0.8/mlp-tuned/audit_risk",
        "dataset": "audit_risk",
        "task": "binclass",
        "batch_size": 64,
        "early_stop": 16,
        "reduce_data": 0.8
    },
    "device": "NVIDIA GeForce RTX 3090",
    "best_eval_score": 1.0,
    "final_test_score": 1.0,
    "ev_metric": [
        0.98,
        0.9933333333333334,
        0.9933333333333334,
        0.9933333333333334,
        0.9933333333333334,
        0.9933333333333334,
        1.0,
        1.0,
        1.0,
        0.9933333333333334,
        0.9933333333333334,
        0.9933333333333334,
        0.98,
        0.98,
        0.98,
        0.98,
        0.9866666666666667,
        0.9866666666666667,
        0.9866666666666667,
        0.9866666666666667,
        0.9733333333333334,
        0.9733333333333334,
        0.98
    ],
    "test_metric": [
        0.9855047454702329,
        0.993960310612597,
        0.9951682484900777,
        0.9972389991371872,
        0.9987920621225195,
        0.9998274374460742,
        1.0,
        0.999137187230371,
        0.9955133735979292,
        0.9956859361518551,
        0.9962036238136325,
        0.9989646246764452,
        0.9993097497842968,
        0.9993097497842968,
        0.9986194995685935,
        0.9993097497842968,
        0.9989646246764452,
        0.9986194995685935,
        0.998274374460742,
        0.9979292493528904,
        0.9934426229508196,
        0.993960310612597,
        0.9939603106125972
    ],
    "tr_loss": [
        0.6954288184642792,
        0.6889549195766449,
        0.6869211196899414,
        0.6769753396511078,
        0.6650107502937317,
        0.6325295865535736,
        0.5356318056583405,
        0.4157538264989853,
        0.37169574201107025,
        0.41733069717884064,
        0.3160260319709778,
        0.33182838559150696,
        0.30277684330940247,
        0.3176431357860565,
        0.3009923994541168,
        0.27221716195344925,
        0.23810283839702606,
        0.16711175441741943,
        0.1449960246682167,
        0.15089169889688492,
        0.05820313282310963,
        0.020430049393326044,
        0.06382242869585752
    ],
    "tr_times": 0.37966394424438477,
    "ev_times": 0.0002510547637939453,
    "test_times": 0.00021910667419433594,
    "param_total_size": 20480588,
    "param_total_count": 5120144,
    "model_size": 20491023
}