{
    "args": {
        "output": "finetune_outputs/binclass-0.0/ftt-tuned/train_0406_visualizing_environmental",
        "dataset": "train_0406_visualizing_environmental",
        "task": "binclass",
        "batch_size": 64,
        "early_stop": 16,
        "reduce_data": 0.0
    },
    "device": "NVIDIA GeForce RTX 3090",
    "best_eval_score": 0.888888888888889,
    "final_test_score": 0.7424242424242423,
    "ev_metric": [
        0.7407407407407407,
        0.8148148148148148,
        0.8395061728395061,
        0.8395061728395062,
        0.8395061728395062,
        0.8518518518518519,
        0.8765432098765432,
        0.8765432098765432,
        0.8765432098765432,
        0.888888888888889,
        0.888888888888889,
        0.888888888888889,
        0.888888888888889,
        0.888888888888889,
        0.888888888888889,
        0.888888888888889,
        0.888888888888889,
        0.888888888888889,
        0.888888888888889,
        0.888888888888889,
        0.888888888888889,
        0.888888888888889,
        0.888888888888889,
        0.888888888888889,
        0.888888888888889,
        0.888888888888889
    ],
    "test_metric": [
        0.7651515151515151,
        0.7575757575757576,
        0.7500000000000001,
        0.7575757575757575,
        0.7575757575757575,
        0.7424242424242424,
        0.7424242424242424,
        0.7424242424242424,
        0.7424242424242423,
        0.7424242424242423,
        0.7424242424242423,
        0.7424242424242423,
        0.7424242424242423,
        0.7424242424242423,
        0.7424242424242423,
        0.7424242424242423,
        0.7424242424242423,
        0.7424242424242423,
        0.7424242424242423,
        0.7424242424242423,
        0.7424242424242423,
        0.7424242424242423,
        0.7424242424242423,
        0.7424242424242423,
        0.7424242424242423,
        0.7424242424242423
    ],
    "tr_loss": [
        0.6798787117004395,
        0.7347240149974823,
        0.6769920885562897,
        0.7062629163265228,
        0.6546931564807892,
        0.6659666001796722,
        0.7396670281887054,
        0.67643603682518,
        0.6488596796989441,
        0.6269114911556244,
        0.6305357813835144,
        0.7017830610275269,
        0.6242680549621582,
        0.6744426190853119,
        0.6537013351917267,
        0.6362967789173126,
        0.6182354986667633,
        0.5895689427852631,
        0.6222180724143982,
        0.5356045216321945,
        0.5885150730609894,
        0.5557249486446381,
        0.6677730083465576,
        0.56783527135849,
        0.5600100159645081,
        0.5461263954639435
    ]
}