{
    "args": {
        "model": "dcnv2",
        "output": "finetune_outputs/binclass-0.8/dcnv2-tuned/train_2306_electricity_seed_2_nrows_2000_nclasses_10_ncols_100_stratify_True",
        "dataset": "train_2306_electricity_seed_2_nrows_2000_nclasses_10_ncols_100_stratify_True",
        "task": "binclass",
        "batch_size": 64,
        "early_stop": 16,
        "reduce_data": 0.8
    },
    "device": "NVIDIA GeForce RTX 3090",
    "best_eval_score": 0.8701171875,
    "final_test_score": 0.82445,
    "ev_metric": [
        0.771484375,
        0.794921875,
        0.83203125,
        0.853515625,
        0.8701171875,
        0.8701171875,
        0.8701171875,
        0.865234375,
        0.86328125,
        0.85546875,
        0.8525390625,
        0.8447265625,
        0.8466796875,
        0.8466796875,
        0.8427734375,
        0.841796875,
        0.8369140625,
        0.8310546875,
        0.83203125,
        0.8291015625,
        0.8271484375
    ],
    "test_metric": [
        0.7732249999999999,
        0.7853,
        0.806825,
        0.823525,
        0.82445,
        0.8269500000000001,
        0.8233,
        0.8248,
        0.821975,
        0.821475,
        0.818025,
        0.8167500000000001,
        0.817675,
        0.816925,
        0.8156,
        0.8157749999999999,
        0.8166749999999999,
        0.8150249999999999,
        0.8203750000000001,
        0.8221499999999999,
        0.8171249999999999
    ],
    "tr_loss": [
        0.6283229887485504,
        0.5527307838201523,
        0.5020000264048576,
        0.4794938713312149,
        0.46702027320861816,
        0.45331500470638275,
        0.4396633431315422,
        0.42559541016817093,
        0.41891175508499146,
        0.41188745200634,
        0.40061553567647934,
        0.3952926844358444,
        0.3905996158719063,
        0.38204093277454376,
        0.36580245196819305,
        0.3687163218855858,
        0.36458777636289597,
        0.3671952486038208,
        0.3498770743608475,
        0.34962502121925354,
        0.3505217060446739
    ],
    "tr_times": 0.3683135509490967,
    "ev_times": 0.00013208389282226562,
    "test_times": 0.0001323223114013672,
    "param_total_size": 620632,
    "param_total_count": 155157,
    "model_size": 626143
}