{
    "args": {
        "model": "tv7.4",
        "output": "finetune_outputs/binclass-0.8/tv7.4-tuned/train_0124_analcatdata_impeach",
        "dataset": "train_0124_analcatdata_impeach",
        "task": "binclass",
        "batch_size": 64,
        "early_stop": 16,
        "reduce_data": 0.8
    },
    "device": "NVIDIA GeForce RTX 3090",
    "best_eval_score": 0.6666666666666667,
    "final_test_score": 0.8020833333333334,
    "ev_metric": [
        0.6666666666666667,
        0.6666666666666667,
        0.6666666666666667,
        0.6666666666666667,
        0.6666666666666667,
        0.6666666666666667,
        0.6666666666666667,
        0.6666666666666667,
        0.6666666666666667,
        0.6666666666666667,
        0.6666666666666667,
        0.6666666666666667,
        0.6666666666666667,
        0.6666666666666667,
        0.6666666666666667,
        0.6666666666666667,
        0.6666666666666667
    ],
    "test_metric": [
        0.8020833333333334,
        0.8020833333333333,
        0.8020833333333333,
        0.8020833333333333,
        0.8020833333333333,
        0.78125,
        0.78125,
        0.7604166666666666,
        0.7604166666666666,
        0.7604166666666666,
        0.7604166666666666,
        0.7604166666666666,
        0.75,
        0.75,
        0.7395833333333333,
        0.7395833333333333,
        0.7395833333333333
    ],
    "tr_loss": [
        0.613830029964447,
        0.6124846339225769,
        0.611141562461853,
        0.6098192930221558,
        0.6085043549537659,
        0.6072176694869995,
        0.6059920787811279,
        0.6047953963279724,
        0.603614091873169,
        0.6024488210678101,
        0.6013063788414001,
        0.6001766920089722,
        0.5990594625473022,
        0.5979823470115662,
        0.5969153642654419,
        0.5958583354949951,
        0.5948283076286316
    ],
    "tr_times": 0.02207636833190918,
    "ev_times": 0.0002162456512451172,
    "test_times": 0.00024318695068359375,
    "param_total_size": 922900,
    "param_total_count": 230719,
    "model_size": 935069
}