{
    "metric": "roc_auc",
    "eval_score": 0.6357907629094071,
    "n_trial": 84,
    "dataset": "train_2392_airlines_seed_3_nrows_2000_nclasses_10_ncols_100_stratify_True",
    "model": {
        "booster": "gbtree",
        "n_estimators": 2000,
        "n_jobs": -1,
        "tree_method": "hist",
        "alpha": 0.01141825551232292,
        "colsample_bylevel": 0.7860458606161349,
        "colsample_bytree": 0.9143572229870854,
        "gamma": 0.00038402994057020276,
        "lambda": 40.811288572257475,
        "learning_rate": 0.05639868233576979,
        "max_depth": 4,
        "min_child_weight": 0.021874934175473898,
        "subsample": 0.8852273255717527
    },
    "training": {
        "early_stopping_rounds": 20,
        "verbose": false
    }
}