{
    "args": {
        "output": "finetune_outputs/openml-0.8/ftt-tuned/1049",
        "dataset": "1049",
        "task": "openml",
        "batch_size": 64,
        "early_stop": 16,
        "reduce_data": 0.8
    },
    "device": "NVIDIA GeForce RTX 3090",
    "best_eval_score": 0.9282051282051282,
    "final_test_score": 0.7701388888888889,
    "ev_metric": [
        0.39487179487179486,
        0.4153846153846154,
        0.3230769230769231,
        0.36410256410256414,
        0.6923076923076923,
        0.7333333333333334,
        0.7897435897435897,
        0.8461538461538463,
        0.7128205128205128,
        0.36410256410256414,
        0.36923076923076925,
        0.40512820512820513,
        0.45128205128205123,
        0.8205128205128205,
        0.9128205128205129,
        0.9282051282051282,
        0.9179487179487179,
        0.9025641025641026,
        0.9025641025641026,
        0.9179487179487179,
        0.9128205128205129,
        0.8974358974358974,
        0.882051282051282,
        0.8871794871794872,
        0.8871794871794872,
        0.882051282051282,
        0.8717948717948718,
        0.8769230769230769,
        0.8769230769230769,
        0.8769230769230769,
        0.8512820512820513,
        0.8666666666666666
    ],
    "test_metric": [
        0.33663194444444444,
        0.36034722222222215,
        0.3479861111111111,
        0.3227777777777777,
        0.455625,
        0.47152777777777777,
        0.4792708333333333,
        0.5182638888888889,
        0.4646527777777778,
        0.33090277777777777,
        0.3379166666666667,
        0.3573958333333333,
        0.40951388888888884,
        0.5875,
        0.7481944444444444,
        0.7701388888888889,
        0.7803472222222222,
        0.7896527777777778,
        0.7902083333333333,
        0.793125,
        0.7964583333333333,
        0.7898263888888889,
        0.7902083333333334,
        0.7918055555555557,
        0.7915972222222223,
        0.7924305555555555,
        0.7929861111111111,
        0.7938194444444445,
        0.7942013888888888,
        0.7874305555555555,
        0.7840625,
        0.7857291666666667
    ],
    "tr_loss": [
        0.629001796245575,
        0.491070677836736,
        0.43291085958480835,
        0.389403373003006,
        0.38708701729774475,
        0.3789622684319814,
        0.389961302280426,
        0.38050617774327594,
        0.37771966060002643,
        0.37296974658966064,
        0.38420525193214417,
        0.41471484303474426,
        0.3851812481880188,
        0.3836289942264557,
        0.3852579245964686,
        0.3897778292496999,
        0.3772716224193573,
        0.3852713108062744,
        0.3989264170328776,
        0.40416253606478375,
        0.3894062836964925,
        0.39074040452639264,
        0.3844880263010661,
        0.3848798672358195,
        0.38919736941655475,
        0.3877832889556885,
        0.3802330195903778,
        0.37435876329739887,
        0.36375511686007184,
        0.3865486780802409,
        0.4039473632971446,
        0.386515070994695
    ],
    "tr_times": 0.5409150123596191,
    "ev_times": 0.00031828880310058594,
    "test_times": 0.0003371238708496094,
    "param_total_size": 1300372,
    "param_total_count": 325093,
    "model_size": 1311764
}