{
    "args": {
        "model": "dcnv2",
        "output": "finetune_outputs/binclass-0.8/dcnv2-tuned/train_1752_Wisconsin-breast-cancer-cytology-features",
        "dataset": "train_1752_Wisconsin-breast-cancer-cytology-features",
        "task": "binclass",
        "batch_size": 64,
        "early_stop": 16,
        "reduce_data": 0.8
    },
    "device": "NVIDIA GeForce RTX 3090",
    "best_eval_score": 1.0,
    "final_test_score": 0.9750905797101449,
    "ev_metric": [
        0.09166666666666665,
        1.0,
        1.0,
        0.9166666666666667,
        0.8416666666666668,
        0.9458333333333334,
        0.9458333333333334,
        0.9500000000000001,
        0.9500000000000001,
        0.9541666666666667,
        0.9333333333333333,
        0.925,
        0.475,
        0.8166666666666667,
        0.8333333333333334,
        0.7999999999999999,
        0.6916666666666667,
        0.9625
    ],
    "test_metric": [
        0.04800724637681161,
        0.9750905797101449,
        0.9898097826086957,
        0.9750905797101449,
        0.9356884057971014,
        0.972486413043478,
        0.9799592391304348,
        0.9756567028985507,
        0.9480298913043479,
        0.9599184782608696,
        0.9292346014492754,
        0.9451992753623188,
        0.5541213768115942,
        0.8858695652173914,
        0.9339900362318839,
        0.875,
        0.7724184782608696,
        0.9835824275362318
    ],
    "tr_loss": [
        0.6533453166484833,
        10.335522949695587,
        0.4937714636325836,
        0.18092972040176392,
        0.12417137250304222,
        0.1371561624109745,
        0.022324574179947376,
        0.020440390682779253,
        0.0005355200846679509,
        0.09814060231049826,
        0.00283630634648091,
        26.389145040651783,
        9.07288870960474,
        371.594335436821,
        2.240078181028366,
        61.47379112243652,
        93.03433609008789,
        53.92692184448242
    ],
    "tr_times": 0.36020684242248535,
    "ev_times": 0.00031948089599609375,
    "test_times": 0.0002837181091308594,
    "param_total_size": 13796064,
    "param_total_count": 3449008,
    "model_size": 13812555
}