{
    "args": {
        "model": "mlp",
        "output": "finetune_outputs/binclass-0.8/mlp-tuned/train_0546_analcatdata_seropositive",
        "dataset": "train_0546_analcatdata_seropositive",
        "task": "binclass",
        "batch_size": 64,
        "early_stop": 16,
        "reduce_data": 0.8
    },
    "device": "NVIDIA GeForce RTX 3090",
    "best_eval_score": 1.0,
    "final_test_score": 0.8580246913580247,
    "ev_metric": [
        0.8333333333333333,
        1.0,
        1.0,
        1.0,
        1.0,
        1.0,
        1.0,
        1.0,
        1.0,
        1.0,
        1.0,
        1.0,
        1.0,
        1.0,
        1.0,
        1.0,
        1.0,
        1.0
    ],
    "test_metric": [
        0.8148148148148148,
        0.8580246913580247,
        0.9074074074074074,
        0.95679012345679,
        0.95679012345679,
        0.95679012345679,
        0.95679012345679,
        0.95679012345679,
        0.95679012345679,
        0.9351851851851851,
        0.8888888888888888,
        0.8888888888888888,
        0.8888888888888888,
        0.8888888888888888,
        0.8888888888888888,
        0.8333333333333334,
        0.7777777777777778,
        0.7222222222222222
    ],
    "tr_loss": [
        0.6990261673927307,
        0.6840250492095947,
        0.6646944284439087,
        0.638451337814331,
        0.5617574453353882,
        0.5039990544319153,
        0.4103648066520691,
        0.3358036279678345,
        0.2855207324028015,
        0.26365697383880615,
        0.24873019754886627,
        0.23940850794315338,
        0.23189811408519745,
        0.2276809811592102,
        0.22494733333587646,
        0.22134295105934143,
        0.21777775883674622,
        0.21487891674041748
    ],
    "tr_times": 0.3310966491699219,
    "ev_times": 0.00019240379333496094,
    "test_times": 0.00021982192993164062,
    "param_total_size": 11034216,
    "param_total_count": 2758553,
    "model_size": 11044241
}