{
    "args": {
        "model": "tv7.3",
        "output": "finetune_outputs/openml-0.8/tv7.3-tuned/40994",
        "dataset": "40994",
        "task": "openml",
        "batch_size": 64,
        "early_stop": 16,
        "reduce_data": 0.8
    },
    "device": "NVIDIA GeForce RTX 3090",
    "best_eval_score": 0.625,
    "final_test_score": 0.6714092140921409,
    "ev_metric": [
        0.625,
        0.625,
        0.625,
        0.625,
        0.625,
        0.625,
        0.625,
        0.625,
        0.625,
        0.625,
        0.625,
        0.625,
        0.625,
        0.625,
        0.625,
        0.625,
        0.625
    ],
    "test_metric": [
        0.6714092140921409,
        0.6727642276422764,
        0.6727642276422764,
        0.6734417344173442,
        0.6727642276422764,
        0.6727642276422765,
        0.6720867208672087,
        0.6714092140921409,
        0.6714092140921409,
        0.6707317073170732,
        0.6707317073170732,
        0.6707317073170732,
        0.6700542005420055,
        0.6700542005420055,
        0.6714092140921409,
        0.6714092140921409,
        0.6714092140921409
    ],
    "tr_loss": [
        0.6946513056755066,
        0.6945681571960449,
        0.694485068321228,
        0.6944019794464111,
        0.6943187713623047,
        0.6942356824874878,
        0.6941524744033813,
        0.6940692663192749,
        0.6939860582351685,
        0.693902850151062,
        0.6938196420669556,
        0.6937364339828491,
        0.6936531662940979,
        0.6935698986053467,
        0.6934865713119507,
        0.6934033036231995,
        0.6933199167251587
    ],
    "tr_times": 0.020561695098876953,
    "ev_times": 0.00018143653869628906,
    "test_times": 0.00020432472229003906,
    "param_total_size": 3196,
    "param_total_count": 799,
    "model_size": 8031
}