{
    "metric": "roc_auc",
    "eval_score": 0.85205078125,
    "n_trial": 55,
    "dataset": "train_2305_electricity_seed_1_nrows_2000_nclasses_10_ncols_100_stratify_True",
    "model": {
        "booster": "gbtree",
        "n_estimators": 2000,
        "n_jobs": -1,
        "tree_method": "hist",
        "alpha": 7.458361024366316e-07,
        "colsample_bylevel": 0.5412445628300933,
        "colsample_bytree": 0.8630617865689187,
        "gamma": 2.704119962110096e-08,
        "lambda": 0.002305674716474367,
        "learning_rate": 0.0040611799509835496,
        "max_depth": 4,
        "min_child_weight": 1.653464728896001e-06,
        "subsample": 0.8868367713496114
    },
    "training": {
        "early_stopping_rounds": 20,
        "verbose": false
    }
}