{
    "args": {
        "model": "tv7.2",
        "output": "finetune_outputs/openml-0.8/tv7.2-tuned/23381",
        "dataset": "23381",
        "task": "openml",
        "batch_size": 64,
        "early_stop": 16,
        "reduce_data": 0.8
    },
    "device": "NVIDIA GeForce RTX 3090",
    "best_eval_score": 0.7037037037037037,
    "final_test_score": 0.5263435194942044,
    "ev_metric": [
        0.7037037037037037,
        0.6296296296296297,
        0.5740740740740741,
        0.5555555555555556,
        0.5185185185185186,
        0.5555555555555556,
        0.5555555555555556,
        0.6111111111111112,
        0.6481481481481481,
        0.6666666666666667,
        0.6666666666666667,
        0.6666666666666667,
        0.6481481481481481,
        0.6296296296296297,
        0.6296296296296297,
        0.6296296296296297,
        0.6481481481481481
    ],
    "test_metric": [
        0.5263435194942044,
        0.553477344573235,
        0.5550579557428873,
        0.560063224446786,
        0.5684931506849316,
        0.5811380400421498,
        0.5811380400421496,
        0.589041095890411,
        0.6008956796628029,
        0.5993150684931507,
        0.5806111696522656,
        0.5640147523709168,
        0.547945205479452,
        0.5360906217070601,
        0.5205479452054795,
        0.5131717597471022,
        0.5039515279241307
    ],
    "tr_loss": [
        0.6667925715446472,
        0.6569808125495911,
        0.6489382386207581,
        0.6423380374908447,
        0.6367566585540771,
        0.6317644715309143,
        0.6274046301841736,
        0.6235396265983582,
        0.6199605464935303,
        0.6167497038841248,
        0.6137295365333557,
        0.6110652685165405,
        0.6086443662643433,
        0.6063483357429504,
        0.6042237877845764,
        0.6022722125053406,
        0.6003848314285278
    ],
    "tr_times": 0.02245807647705078,
    "ev_times": 0.00020647048950195312,
    "test_times": 0.00021147727966308594,
    "param_total_size": 2173320,
    "param_total_count": 543319,
    "model_size": 2233757
}