{
    "metric": "roc_auc",
    "eval_score": 0.6527967880281048,
    "n_trial": 44,
    "dataset": "train_2619_sf-police-incidents_seed_0_nrows_2000_nclasses_10_ncols_100_stratify_True",
    "model": {
        "booster": "gbtree",
        "n_estimators": 2000,
        "n_jobs": -1,
        "tree_method": "hist",
        "alpha": 0.004458612902023145,
        "colsample_bylevel": 0.6658428877469519,
        "colsample_bytree": 0.5221060940224006,
        "gamma": 8.245825380490888e-05,
        "lambda": 0.00022794840865937046,
        "learning_rate": 0.00013923165716112459,
        "max_depth": 5,
        "min_child_weight": 2.9007339309557943e-08,
        "subsample": 0.7238509848613821
    },
    "training": {
        "early_stopping_rounds": 20,
        "verbose": false
    }
}