{
    "args": {
        "model": "tv7.2",
        "output": "finetune_outputs/openml-0.8/tv7.2-tuned/40994",
        "dataset": "40994",
        "task": "openml",
        "batch_size": 64,
        "early_stop": 16,
        "reduce_data": 0.8
    },
    "device": "NVIDIA GeForce RTX 3090",
    "best_eval_score": 0.5,
    "final_test_score": 0.6327913279132792,
    "ev_metric": [
        0.5,
        0.5,
        0.5,
        0.5,
        0.5,
        0.5,
        0.5,
        0.5,
        0.5,
        0.5,
        0.4375,
        0.4375,
        0.4375,
        0.4375,
        0.4375,
        0.5,
        0.5
    ],
    "test_metric": [
        0.6327913279132792,
        0.6361788617886178,
        0.6382113821138211,
        0.6422764227642276,
        0.6449864498644986,
        0.6463414634146342,
        0.6490514905149052,
        0.6504065040650406,
        0.6531165311653117,
        0.6551490514905149,
        0.657859078590786,
        0.6592140921409214,
        0.6612466124661247,
        0.6646341463414634,
        0.665989159891599,
        0.6686991869918699,
        0.6693766937669376
    ],
    "tr_loss": [
        0.6895342469215393,
        0.6883151531219482,
        0.6870986819267273,
        0.685884952545166,
        0.6846739649772644,
        0.683465838432312,
        0.6822604537010193,
        0.6810579299926758,
        0.679858386516571,
        0.678661584854126,
        0.6774676442146301,
        0.676276683807373,
        0.6750885844230652,
        0.6739034056663513,
        0.6727212071418762,
        0.6715418100357056,
        0.6703653931617737
    ],
    "tr_times": 0.7150259017944336,
    "ev_times": 0.00017070770263671875,
    "test_times": 0.0001938343048095703,
    "param_total_size": 28924,
    "param_total_count": 7231,
    "model_size": 37983
}