{
    "args": {
        "model": "xgboost",
        "output": "finetune_outputs/binclass-0.8/xgboost-tuned/train_0948_Ishwar",
        "dataset": "train_0948_Ishwar",
        "task": "binclass",
        "reduce_data": 0.8
    },
    "device": "NVIDIA GeForce RTX 3090",
    "configs": {
        "metric": "roc_auc",
        "eval_score": 0.9955673758865248,
        "n_trial": 99,
        "dataset": "train_0948_Ishwar",
        "model": {
            "booster": "gbtree",
            "n_estimators": 2000,
            "n_jobs": -1,
            "tree_method": "hist",
            "alpha": 4.308843371135273e-08,
            "colsample_bylevel": 0.9474682603235245,
            "colsample_bytree": 0.8763632418133186,
            "gamma": 1.2934016454291435,
            "lambda": 0.0016056338938755267,
            "learning_rate": 0.024118490808478353,
            "max_depth": 8,
            "min_child_weight": 5.0600293858162226e-08,
            "subsample": 0.7065773594246101
        },
        "training": {
            "early_stopping_rounds": 20,
            "verbose": false,
            "eval_metric": "error"
        }
    },
    "best_eval_score": 0.9955673758865248,
    "final_test_score": 0.975462434345741,
    "tr_times": 0.04048609733581543,
    "ev_times": 0.00019979476928710938,
    "test_times": 0.00021314620971679688,
    "param_total_size": 0,
    "param_total_count": 0,
    "model_size": 74389
}