{
    "args": {
        "model": "tv7.1",
        "output": "finetune_outputs/binclass-0.8/tv7.1-tuned/train_1692_Gender-Classification-Dataset",
        "dataset": "train_1692_Gender-Classification-Dataset",
        "task": "binclass",
        "batch_size": 64,
        "early_stop": 16,
        "reduce_data": 0.8
    },
    "device": "NVIDIA GeForce RTX 3090",
    "best_eval_score": 0.99578125,
    "final_test_score": 0.9979341317365269,
    "ev_metric": [
        0.9896874999999999,
        0.99390625,
        0.99484375,
        0.995625,
        0.995625,
        0.995625,
        0.99578125,
        0.99578125,
        0.99578125,
        0.99578125,
        0.99578125,
        0.99578125,
        0.99578125,
        0.99578125,
        0.995625,
        0.9953124999999999,
        0.9953124999999999,
        0.9953124999999999,
        0.99515625,
        0.99515625,
        0.995,
        0.99484375,
        0.9946875
    ],
    "test_metric": [
        0.9965528942115768,
        0.9975908183632735,
        0.9978542914171658,
        0.9978902195608783,
        0.9979261477045909,
        0.9979101796407186,
        0.9979341317365269,
        0.9979101796407186,
        0.9978902195608782,
        0.9978582834331338,
        0.9978183632734532,
        0.9978303393213572,
        0.9978343313373254,
        0.99786626746507,
        0.9978383233532935,
        0.9978183632734531,
        0.9978063872255489,
        0.997806387225549,
        0.9977704590818363,
        0.997746506986028,
        0.9977425149700598,
        0.9977025948103792,
        0.9976626746506987
    ],
    "tr_loss": [
        0.6750582098960877,
        0.6596217632293702,
        0.6392501473426819,
        0.6162794768810272,
        0.5924928486347198,
        0.5699373304843902,
        0.5493829846382141,
        0.5318000376224518,
        0.5166930437088013,
        0.5040090382099152,
        0.4935034096240997,
        0.48478122651576994,
        0.4775035470724106,
        0.4714803546667099,
        0.4663392961025238,
        0.46205238699913026,
        0.4583650231361389,
        0.4552236646413803,
        0.45249739587306975,
        0.45002593100070953,
        0.4478925883769989,
        0.44597803950309756,
        0.44425263404846194
    ],
    "tr_times": 0.759810209274292,
    "ev_times": 0.00026726722717285156,
    "test_times": 0.00036025047302246094,
    "param_total_size": 4192120,
    "param_total_count": 1048025
}