{
    "args": {
        "model": "tv7.4",
        "output": "finetune_outputs/binclass-0.8/tv7.4-tuned/bt_dataset_t3",
        "dataset": "bt_dataset_t3",
        "task": "binclass",
        "batch_size": 64,
        "early_stop": 16,
        "reduce_data": 0.8
    },
    "device": "NVIDIA GeForce RTX 3090",
    "best_eval_score": 0.851063829787234,
    "final_test_score": 0.8922192749778957,
    "ev_metric": [
        0.851063829787234,
        0.8404255319148936,
        0.8404255319148936,
        0.8404255319148936,
        0.8368794326241135,
        0.8368794326241135,
        0.8368794326241135,
        0.8333333333333334,
        0.8333333333333334,
        0.8333333333333334,
        0.8333333333333334,
        0.8333333333333334,
        0.8368794326241135,
        0.8368794326241135,
        0.8368794326241135,
        0.8404255319148936,
        0.8404255319148936
    ],
    "test_metric": [
        0.8922192749778957,
        0.8910698496905394,
        0.8912466843501325,
        0.8910698496905394,
        0.891158267020336,
        0.8912466843501325,
        0.8927497789566755,
        0.8930150309460654,
        0.8938107869142352,
        0.8945181255526082,
        0.8955791335101679,
        0.8963748894783378,
        0.8972590627763042,
        0.8978779840848806,
        0.8992042440318302,
        0.9000884173297966,
        0.9008841732979664
    ],
    "tr_loss": [
        0.6539087295532227,
        0.6492743492126465,
        0.6465300023555756,
        0.6395975947380066,
        0.6361825168132782,
        0.6385044604539871,
        0.635376363992691,
        0.6269491910934448,
        0.622695192694664,
        0.6155395209789276,
        0.616841271519661,
        0.6105813980102539,
        0.6072579026222229,
        0.612747460603714,
        0.614241436123848,
        0.5971791595220566,
        0.5934524685144424
    ],
    "tr_times": 3.9528911113739014,
    "ev_times": 0.00016951560974121094,
    "test_times": 0.00019359588623046875,
    "param_total_size": 226800,
    "param_total_count": 56700,
    "model_size": 329247
}