{
    "args": {
        "output": "finetune_outputs/binclass-0.0/ftt-tuned/Customer_Behaviour",
        "dataset": "Customer_Behaviour",
        "task": "binclass",
        "batch_size": 64,
        "early_stop": 16,
        "reduce_data": 0.0
    },
    "device": "NVIDIA GeForce RTX 3090",
    "best_eval_score": 0.9766702014846236,
    "final_test_score": 0.878972278566599,
    "ev_metric": [
        0.9660657476139979,
        0.9692470837751856,
        0.970307529162248,
        0.9724284199363733,
        0.9745493107104983,
        0.975609756097561,
        0.9766702014846236,
        0.975609756097561,
        0.9766702014846235,
        0.9766702014846235,
        0.9766702014846235,
        0.9745493107104983,
        0.9745493107104983,
        0.975609756097561,
        0.975609756097561,
        0.975609756097561,
        0.975609756097561,
        0.975609756097561,
        0.975609756097561,
        0.975609756097561,
        0.975609756097561,
        0.975609756097561,
        0.975609756097561
    ],
    "test_metric": [
        0.9168356997971603,
        0.9154834347532117,
        0.9100743745774171,
        0.8958755916159568,
        0.8918187964841108,
        0.8857336037863421,
        0.878972278566599,
        0.8742393509127789,
        0.8708586883029072,
        0.8681541582150101,
        0.8647734956051386,
        0.8627450980392156,
        0.8620689655172414,
        0.8620689655172413,
        0.86342123056119,
        0.8640973630831643,
        0.8647734956051387,
        0.8647734956051386,
        0.8647734956051386,
        0.8661257606490873,
        0.8668018931710615,
        0.8668018931710615,
        0.8674780256930359
    ],
    "tr_loss": [
        0.6752410233020782,
        0.6646413803100586,
        0.6524867117404938,
        0.6364060193300247,
        0.6272384971380234,
        0.612437829375267,
        0.6215294748544693,
        0.6101754009723663,
        0.5987672656774521,
        0.5952195078134537,
        0.6042724549770355,
        0.565888375043869,
        0.5736166089773178,
        0.5583380609750748,
        0.5500386506319046,
        0.5516727715730667,
        0.5297621712088585,
        0.5460026413202286,
        0.5301269590854645,
        0.51435287296772,
        0.5226773023605347,
        0.4956600219011307,
        0.5014122128486633
    ]
}