{
    "metric": "roc_auc",
    "eval_score": 1.0,
    "n_trial": 6,
    "dataset": "trial",
    "model": {
        "booster": "gbtree",
        "n_estimators": 2000,
        "n_jobs": -1,
        "tree_method": "hist",
        "alpha": 2.3325882491510396e-07,
        "colsample_bylevel": 0.8321264423825384,
        "colsample_bytree": 0.5598820712182366,
        "gamma": 0.021772512059802886,
        "lambda": 2.3765805555413174e-05,
        "learning_rate": 0.08785355729808708,
        "max_depth": 6,
        "min_child_weight": 1.294236456309125,
        "subsample": 0.8293807429194423
    },
    "training": {
        "early_stopping_rounds": 20,
        "verbose": false
    }
}