{
    "args": {
        "model": "mlp",
        "output": "finetune_outputs/binclass-0.8/mlp-tuned/train_0356_delta_elevators",
        "dataset": "train_0356_delta_elevators",
        "task": "binclass",
        "batch_size": 64,
        "early_stop": 16,
        "reduce_data": 0.8
    },
    "device": "NVIDIA GeForce RTX 3090",
    "best_eval_score": 0.9581613347093223,
    "final_test_score": 0.927040127819358,
    "ev_metric": [
        0.950765393876849,
        0.9581613347093223,
        0.9542913656690746,
        0.9573873409012728,
        0.9518833849329206,
        0.9477124183006537,
        0.9515823873409013,
        0.9552803577571379,
        0.9561833505331958,
        0.951797385620915,
        0.9489594083247335,
        0.951109391124871,
        0.9405099759201926,
        0.9508513931888545,
        0.9496474028207774,
        0.9288355693154455,
        0.9158926728586171,
        0.9114637082903336
    ],
    "test_metric": [
        0.9373537288186088,
        0.927040127819358,
        0.9429861003068591,
        0.9389409883711307,
        0.9374414501494573,
        0.9308413854894574,
        0.9405690742034187,
        0.9362039725073624,
        0.941509182051002,
        0.9317599767841913,
        0.9301473387334364,
        0.9327078085225411,
        0.921505408378656,
        0.9322785808785153,
        0.93446223513951,
        0.9066959512468016,
        0.9152882280180826,
        0.898457870037814
    ],
    "tr_loss": [
        0.7051486176264007,
        0.430579774081707,
        0.38393851602450013,
        0.5617530189454556,
        0.37055213246494534,
        0.4470898926258087,
        0.470818517357111,
        0.532641488313675,
        0.453410679101944,
        0.5040767669677735,
        0.5519668072462082,
        0.5061230175197124,
        0.49136058329604565,
        0.5594535410404206,
        0.6152476169168949,
        0.6010557174682617,
        0.5476321399211883,
        0.5911502912640572
    ],
    "tr_times": 0.7442615032196045,
    "ev_times": 0.00016117095947265625,
    "test_times": 0.0003018379211425781,
    "param_total_size": 18026908,
    "param_total_count": 4506727,
    "model_size": 18033305
}