{
    "args": {
        "model": "tv7.2",
        "output": "finetune_outputs/binclass-0.8/tv7.2-tuned/train_2308_electricity_seed_4_nrows_2000_nclasses_10_ncols_100_stratify_True",
        "dataset": "train_2308_electricity_seed_4_nrows_2000_nclasses_10_ncols_100_stratify_True",
        "task": "binclass",
        "batch_size": 64,
        "early_stop": 16,
        "reduce_data": 0.8
    },
    "device": "NVIDIA GeForce RTX 3090",
    "best_eval_score": 0.7587890625,
    "final_test_score": 0.7537499999999999,
    "ev_metric": [
        0.7578125,
        0.7578125,
        0.7578125,
        0.7587890625,
        0.7587890625,
        0.7578125,
        0.7568359375,
        0.7568359375,
        0.755859375,
        0.755859375,
        0.7568359375,
        0.7568359375,
        0.7568359375,
        0.7568359375,
        0.7568359375,
        0.7568359375,
        0.7568359375,
        0.7568359375,
        0.7548828125,
        0.75390625
    ],
    "test_metric": [
        0.7535375,
        0.7536499999999999,
        0.7537499999999999,
        0.7537499999999999,
        0.7537750000000001,
        0.7539,
        0.7539,
        0.75365,
        0.7538999999999999,
        0.75405,
        0.754075,
        0.754275,
        0.7540749999999999,
        0.7539500000000001,
        0.7541,
        0.7540625,
        0.753625,
        0.7537749999999999,
        0.7537499999999999,
        0.754
    ],
    "tr_loss": [
        0.6831298321485519,
        0.6830644905567169,
        0.6829978823661804,
        0.6829404234886169,
        0.68287593126297,
        0.6828121393918991,
        0.6827508509159088,
        0.682685598731041,
        0.6826206594705582,
        0.6825596541166306,
        0.6824924200773239,
        0.6824313104152679,
        0.6823658496141434,
        0.6823036223649979,
        0.6822337955236435,
        0.6821770370006561,
        0.6821100264787674,
        0.6820463687181473,
        0.6819836795330048,
        0.6819143146276474
    ],
    "tr_times": 0.1004178524017334,
    "ev_times": 0.0002243518829345703,
    "test_times": 0.0002512931823730469,
    "param_total_size": 146096,
    "param_total_count": 36523,
    "model_size": 161821
}