{
    "args": {
        "model": "tv7.3",
        "output": "finetune_outputs/binclass-0.8/tv7.3-tuned/trial",
        "dataset": "trial",
        "task": "binclass",
        "batch_size": 64,
        "early_stop": 16,
        "reduce_data": 0.8
    },
    "device": "NVIDIA GeForce RTX 3090",
    "best_eval_score": 0.9652777777777778,
    "final_test_score": 0.9655172413793103,
    "ev_metric": [
        0.9652777777777778,
        0.9652777777777778,
        0.9652777777777778,
        0.9652777777777778,
        0.9652777777777778,
        0.9652777777777778,
        0.9652777777777778,
        0.9652777777777778,
        0.9652777777777778,
        0.9652777777777778,
        0.9652777777777778,
        0.9652777777777778,
        0.9652777777777778,
        0.9652777777777778,
        0.9652777777777778,
        0.9652777777777778,
        0.9652777777777778
    ],
    "test_metric": [
        0.9655172413793103,
        0.9658691062631949,
        0.9662209711470795,
        0.9663969035890217,
        0.966572836030964,
        0.9667487684729064,
        0.967100633356791,
        0.967100633356791,
        0.967100633356791,
        0.967100633356791,
        0.967100633356791,
        0.967100633356791,
        0.967100633356791,
        0.967100633356791,
        0.967100633356791,
        0.967100633356791,
        0.9676284306826178
    ],
    "tr_loss": [
        0.6769300401210785,
        0.6746615469455719,
        0.6754572689533234,
        0.6764528155326843,
        0.6740685105323792,
        0.67450812458992,
        0.6735005080699921,
        0.6742146611213684,
        0.6747786700725555,
        0.6734736263751984,
        0.6719345450401306,
        0.6736922860145569,
        0.6735889911651611,
        0.6736048758029938,
        0.6735158264636993,
        0.671421468257904,
        0.6719551682472229
    ],
    "tr_times": 2.105567216873169,
    "ev_times": 0.0002167224884033203,
    "test_times": 0.0003082752227783203,
    "param_total_size": 149616,
    "param_total_count": 37404,
    "model_size": 216031
}