{
    "metric": "roc_auc",
    "eval_score": 0.9564102564102565,
    "n_trial": 64,
    "dataset": "1049",
    "model": {
        "booster": "gbtree",
        "n_estimators": 2000,
        "n_jobs": -1,
        "tree_method": "hist",
        "alpha": 1.3202536320939672e-05,
        "colsample_bylevel": 0.6275306403317756,
        "colsample_bytree": 0.93696773575809,
        "gamma": 0.002030799469109707,
        "lambda": 2.2819935153026652e-07,
        "learning_rate": 0.6652705001091557,
        "max_depth": 9,
        "min_child_weight": 0.015111477341910512,
        "subsample": 0.7212170269709247
    },
    "training": {
        "early_stopping_rounds": 20,
        "verbose": false
    }
}