{
    "args": {
        "output": "finetune_outputs/binclass-0.8/ftt-tuned/train_1413_shill-bidding",
        "dataset": "train_1413_shill-bidding",
        "task": "binclass",
        "batch_size": 64,
        "early_stop": 16,
        "reduce_data": 0.8
    },
    "device": "NVIDIA GeForce RTX 3090",
    "best_eval_score": 1.0,
    "final_test_score": 0.9945329400196657,
    "ev_metric": [
        0.8513309894525365,
        0.9196383726770467,
        0.9560522350577598,
        0.9768960321446509,
        0.9886991461577097,
        0.9919638372677047,
        0.9959819186338524,
        0.9974886991461578,
        0.9984932194876946,
        0.9992466097438474,
        0.9994977398292315,
        0.9997488699146158,
        0.9997488699146158,
        1.0,
        1.0,
        1.0,
        1.0,
        1.0,
        1.0,
        1.0,
        1.0,
        1.0,
        1.0,
        1.0,
        1.0,
        1.0,
        1.0,
        1.0,
        1.0,
        1.0
    ],
    "test_metric": [
        0.7433759423139954,
        0.8285676827269748,
        0.8851622418879056,
        0.9328089151098,
        0.970986561783022,
        0.984942641756801,
        0.9893936414290396,
        0.9914847590953786,
        0.9927040314650933,
        0.9933398885611275,
        0.9938118649623074,
        0.9941724024909866,
        0.9945001638806948,
        0.9945329400196657,
        0.9946902654867257,
        0.9947361520812847,
        0.9948017043592265,
        0.9949328089151098,
        0.9950049164208455,
        0.9951884627990822,
        0.9953261225827597,
        0.9955817764667323,
        0.9956735496558506,
        0.9957784333005572,
        0.9959160930842347,
        0.9962438544739429,
        0.9961783021960013,
        0.9963159619796789,
        0.9963094067518846,
        0.9963290724352671
    ],
    "tr_loss": [
        0.5576817278678601,
        0.4585497654401339,
        0.39100526387874895,
        0.3651501009097466,
        0.34505483508110046,
        0.3329782680823253,
        0.3270507019299727,
        0.31275701637451464,
        0.30468656008060163,
        0.3062091332215529,
        0.2802382684670962,
        0.27266816336375016,
        0.25586805091454434,
        0.2415247754408763,
        0.22712225524278787,
        0.2080377202767592,
        0.19322408506503472,
        0.17320418644409913,
        0.1577152472275954,
        0.1460740422973266,
        0.12882433602443108,
        0.12934376356693414,
        0.12883707250540072,
        0.10960245762880032,
        0.10956661288554852,
        0.10410906832951766,
        0.09359283630664532,
        0.08944882079958916,
        0.08970037962381656,
        0.08575440971897198
    ],
    "tr_times": 2.022068500518799,
    "ev_times": 0.0007584095001220703,
    "test_times": 0.0016236305236816406,
    "param_total_size": 2588556,
    "param_total_count": 647137,
    "model_size": 2617201
}