{
    "metric": "roc_auc",
    "eval_score": 0.9930555555555556,
    "n_trial": 77,
    "dataset": "train_0555_socmob",
    "model": {
        "booster": "gbtree",
        "n_estimators": 2000,
        "n_jobs": -1,
        "tree_method": "hist",
        "alpha": 3.4680427354750923e-07,
        "colsample_bylevel": 0.9624328258445374,
        "colsample_bytree": 0.9870982441130335,
        "gamma": 9.150262364955153e-08,
        "lambda": 8.855236145820415e-06,
        "learning_rate": 0.7398461715999061,
        "max_depth": 3,
        "min_child_weight": 0.837326295065718,
        "subsample": 0.9091888901999317
    },
    "training": {
        "early_stopping_rounds": 20,
        "verbose": false
    }
}