{
    "args": {
        "model": "tv7.3",
        "output": "finetune_outputs/binclass-0.8/tv7.3-tuned/train_1774_Early-Stage-Diabetes-Risk-Prediction-Dataset",
        "dataset": "train_1774_Early-Stage-Diabetes-Risk-Prediction-Dataset",
        "task": "binclass",
        "batch_size": 64,
        "early_stop": 16,
        "reduce_data": 0.8
    },
    "device": "NVIDIA GeForce RTX 3090",
    "best_eval_score": 0.7714285714285714,
    "final_test_score": 0.955078125,
    "ev_metric": [
        0.7571428571428571,
        0.7571428571428571,
        0.7571428571428571,
        0.7571428571428571,
        0.7571428571428571,
        0.7714285714285714,
        0.7714285714285714,
        0.7714285714285714,
        0.7714285714285714,
        0.7714285714285714,
        0.7714285714285714,
        0.7714285714285714,
        0.7714285714285714,
        0.7714285714285714,
        0.7714285714285714,
        0.7571428571428571,
        0.7571428571428571,
        0.7571428571428571,
        0.7571428571428571,
        0.7571428571428571,
        0.7571428571428571,
        0.7571428571428571
    ],
    "test_metric": [
        0.9539062500000001,
        0.9546875,
        0.9546875,
        0.954296875,
        0.955078125,
        0.955078125,
        0.955859375,
        0.9558593750000001,
        0.95546875,
        0.9562499999999999,
        0.956640625,
        0.956640625,
        0.9582031249999999,
        0.9574218750000001,
        0.9574218750000001,
        0.958203125,
        0.9582031249999999,
        0.9582031249999999,
        0.959375,
        0.9597656250000001,
        0.9597656250000001,
        0.96015625
    ],
    "tr_loss": [
        0.6695823967456818,
        0.6451907157897949,
        0.670287013053894,
        0.6643665432929993,
        0.6509072482585907,
        0.6579720973968506,
        0.6744096577167511,
        0.6536084711551666,
        0.6628192663192749,
        0.6752603054046631,
        0.6622001528739929,
        0.6423631310462952,
        0.6547930538654327,
        0.6683611869812012,
        0.6531655788421631,
        0.6558763682842255,
        0.6710848808288574,
        0.6668291091918945,
        0.6556251347064972,
        0.6743611395359039,
        0.6429158449172974,
        0.6504323482513428
    ],
    "tr_times": 0.378253698348999,
    "ev_times": 0.00018358230590820312,
    "test_times": 0.00021195411682128906,
    "param_total_size": 16132,
    "param_total_count": 4033,
    "model_size": 26143
}