{
    "args": {
        "model": "tv7.2",
        "output": "finetune_outputs/binclass-0.8/tv7.2-tuned/Customer_Behaviour",
        "dataset": "Customer_Behaviour",
        "task": "binclass",
        "batch_size": 64,
        "early_stop": 16,
        "reduce_data": 0.8
    },
    "device": "NVIDIA GeForce RTX 3090",
    "best_eval_score": 0.9,
    "final_test_score": 0.8654496281271129,
    "ev_metric": [
        0.9,
        0.9,
        0.9,
        0.9,
        0.9,
        0.9,
        0.9,
        0.9,
        0.9,
        0.9,
        0.9,
        0.9,
        0.9,
        0.9,
        0.9,
        0.9,
        0.9
    ],
    "test_metric": [
        0.8654496281271129,
        0.8654496281271129,
        0.8654496281271129,
        0.8654496281271129,
        0.8661257606490872,
        0.8661257606490872,
        0.8661257606490872,
        0.8661257606490872,
        0.8668018931710615,
        0.8668018931710615,
        0.8674780256930358,
        0.8674780256930358,
        0.8674780256930358,
        0.8681541582150101,
        0.8681541582150101,
        0.8681541582150101,
        0.8681541582150101
    ],
    "tr_loss": [
        0.6184622645378113,
        0.6181939244270325,
        0.617925226688385,
        0.6176561713218689,
        0.6173861622810364,
        0.6171161532402039,
        0.6168462634086609,
        0.6165775060653687,
        0.616309404373169,
        0.6160417199134827,
        0.6157742738723755,
        0.6155071258544922,
        0.6152400970458984,
        0.6149733066558838,
        0.6147070527076721,
        0.614441454410553,
        0.6141762137413025
    ],
    "tr_times": 0.9245946407318115,
    "ev_times": 0.00021266937255859375,
    "test_times": 0.0002951622009277344,
    "param_total_size": 240340,
    "param_total_count": 60084,
    "model_size": 294301
}