{
    "args": {
        "model": "tv7.3",
        "output": "finetune_outputs/binclass-0.8/tv7.3-tuned/train_1461_heart-failure",
        "dataset": "train_1461_heart-failure",
        "task": "binclass",
        "batch_size": 64,
        "early_stop": 16,
        "reduce_data": 0.8
    },
    "device": "NVIDIA GeForce RTX 3090",
    "best_eval_score": 0.7619047619047619,
    "final_test_score": 0.9139922978177151,
    "ev_metric": [
        0.7619047619047619,
        0.7619047619047619,
        0.7619047619047619,
        0.7619047619047619,
        0.7619047619047619,
        0.7619047619047619,
        0.7619047619047619,
        0.7619047619047619,
        0.7619047619047619,
        0.7619047619047619,
        0.7619047619047619,
        0.7619047619047619,
        0.7619047619047619,
        0.7619047619047619,
        0.7619047619047619,
        0.7619047619047619,
        0.7619047619047619
    ],
    "test_metric": [
        0.9139922978177151,
        0.9139922978177151,
        0.9139922978177151,
        0.9139922978177151,
        0.9139922978177151,
        0.9139922978177151,
        0.9139922978177151,
        0.9139922978177151,
        0.9139922978177151,
        0.9139922978177151,
        0.9139922978177151,
        0.9139922978177151,
        0.9139922978177151,
        0.9139922978177151,
        0.9139922978177151,
        0.9139922978177151,
        0.9139922978177151
    ],
    "tr_loss": [
        0.671917200088501,
        0.6719075441360474,
        0.6718979477882385,
        0.6718882918357849,
        0.6718786358833313,
        0.6718689203262329,
        0.6718592643737793,
        0.6718495488166809,
        0.6718399524688721,
        0.6718302965164185,
        0.6718207001686096,
        0.6718109846115112,
        0.6718012690544128,
        0.671791672706604,
        0.6717819571495056,
        0.671772301197052,
        0.6717626452445984
    ],
    "tr_times": 1.8666322231292725,
    "ev_times": 0.00020623207092285156,
    "test_times": 0.00021409988403320312,
    "param_total_size": 161548,
    "param_total_count": 40387,
    "model_size": 231391
}