{
    "args": {
        "model": "tv7.4",
        "output": "finetune_outputs/binclass-0.8/tv7.4-tuned/new_model",
        "dataset": "new_model",
        "task": "binclass",
        "batch_size": 64,
        "early_stop": 16,
        "reduce_data": 0.8
    },
    "device": "NVIDIA GeForce RTX 3090",
    "best_eval_score": 1.0,
    "final_test_score": 0.966,
    "ev_metric": [
        1.0,
        1.0,
        1.0,
        1.0,
        1.0,
        1.0,
        1.0,
        1.0,
        1.0,
        1.0,
        1.0,
        1.0,
        1.0,
        1.0,
        1.0,
        1.0,
        1.0
    ],
    "test_metric": [
        0.966,
        0.966,
        0.966,
        0.966,
        0.966,
        0.966,
        0.966,
        0.966,
        0.966,
        0.966,
        0.966,
        0.9666666666666667,
        0.9666666666666667,
        0.9666666666666667,
        0.9666666666666667,
        0.9666666666666667,
        0.9666666666666667
    ],
    "tr_loss": [
        0.6615543365478516,
        0.6614279747009277,
        0.6613016724586487,
        0.6611751317977905,
        0.6610482335090637,
        0.6609210968017578,
        0.6607935428619385,
        0.6606659889221191,
        0.6605383157730103,
        0.6604106426239014,
        0.6602828502655029,
        0.6601550579071045,
        0.660027265548706,
        0.6598994135856628,
        0.6597713828086853,
        0.6596433520317078,
        0.6595152020454407
    ],
    "tr_times": 1.4206585884094238,
    "ev_times": 0.00017023086547851562,
    "test_times": 0.0001895427703857422,
    "param_total_size": 182416,
    "param_total_count": 45604,
    "model_size": 262943
}