{
    "args": {
        "output": "finetune_outputs/binclass-0.8/ftt-tuned/train_1752_Wisconsin-breast-cancer-cytology-features",
        "dataset": "train_1752_Wisconsin-breast-cancer-cytology-features",
        "task": "binclass",
        "batch_size": 64,
        "early_stop": 16,
        "reduce_data": 0.8
    },
    "device": "NVIDIA GeForce RTX 3090",
    "best_eval_score": 1.0,
    "final_test_score": 0.9846014492753623,
    "ev_metric": [
        0.45833333333333337,
        0.625,
        0.7833333333333333,
        0.9166666666666667,
        0.9666666666666667,
        0.975,
        0.975,
        0.975,
        0.9833333333333334,
        0.9916666666666667,
        1.0,
        1.0,
        1.0,
        1.0,
        1.0,
        1.0,
        1.0,
        1.0,
        1.0,
        1.0,
        1.0,
        1.0,
        1.0,
        1.0,
        1.0,
        1.0,
        1.0
    ],
    "test_metric": [
        0.30819746376811596,
        0.5074728260869565,
        0.6673460144927537,
        0.813179347826087,
        0.9044384057971014,
        0.9465579710144927,
        0.9651268115942029,
        0.9741847826086957,
        0.9791666666666666,
        0.9830163043478262,
        0.9846014492753623,
        0.9859601449275363,
        0.9866394927536232,
        0.9870923913043479,
        0.9882246376811594,
        0.988677536231884,
        0.9889039855072465,
        0.9889039855072465,
        0.9893568840579711,
        0.9893568840579711,
        0.9893568840579711,
        0.9893568840579711,
        0.9893568840579711,
        0.9893568840579711,
        0.9893568840579711,
        0.9893568840579711,
        0.9893568840579711
    ],
    "tr_loss": [
        0.6790667474269867,
        0.6524181365966797,
        0.6232395768165588,
        0.6731938421726227,
        0.6129906475543976,
        0.5901305973529816,
        0.6106803119182587,
        0.5932190120220184,
        0.6003406643867493,
        0.5822297930717468,
        0.5886419713497162,
        0.5954626202583313,
        0.5722428262233734,
        0.5507897138595581,
        0.5469211041927338,
        0.5601046085357666,
        0.501822754740715,
        0.5213838219642639,
        0.4778405725955963,
        0.4870084971189499,
        0.46969765424728394,
        0.5008204132318497,
        0.49355897307395935,
        0.4633694142103195,
        0.44261497259140015,
        0.41864557564258575,
        0.4146520048379898
    ],
    "tr_times": 0.5230681896209717,
    "ev_times": 0.0007290840148925781,
    "test_times": 0.0007224082946777344,
    "param_total_size": 4853420,
    "param_total_count": 1213347,
    "model_size": 4882097
}