{
    "args": {
        "model": "mlp",
        "output": "finetune_outputs/openml-0.8/mlp-tuned/40994",
        "dataset": "40994",
        "task": "openml",
        "batch_size": 64,
        "early_stop": 16,
        "reduce_data": 0.8
    },
    "device": "NVIDIA GeForce RTX 3090",
    "best_eval_score": 0.59375,
    "final_test_score": 0.45833333333333337,
    "ev_metric": [
        0.5,
        0.46875,
        0.5,
        0.15625,
        0.53125,
        0.59375,
        0.25,
        0.21875,
        0.5,
        0.46875,
        0.3125,
        0.375,
        0.3125,
        0.34375,
        0.46875,
        0.5,
        0.34375,
        0.5625,
        0.21875,
        0.1875,
        0.1875,
        0.28125
    ],
    "test_metric": [
        0.49593495934959353,
        0.46341463414634154,
        0.5060975609756098,
        0.34552845528455284,
        0.48915989159891604,
        0.45833333333333337,
        0.47154471544715454,
        0.5264227642276422,
        0.5193089430894309,
        0.5436991869918699,
        0.6280487804878048,
        0.5609756097560975,
        0.6070460704607047,
        0.5433604336043362,
        0.5298102981029811,
        0.5704607046070461,
        0.475609756097561,
        0.4796747967479675,
        0.4830623306233062,
        0.4579945799457994,
        0.4539295392953929,
        0.4505420054200542
    ],
    "tr_loss": [
        0.6847470998764038,
        0.682440996170044,
        0.6808556318283081,
        0.6782418489456177,
        0.67665696144104,
        0.6745913028717041,
        0.6734686493873596,
        0.6707568168640137,
        0.668462336063385,
        0.6677230000495911,
        0.6634251475334167,
        0.6619318723678589,
        0.6604022979736328,
        0.6586938500404358,
        0.6540167331695557,
        0.6527201533317566,
        0.6515728235244751,
        0.6485406756401062,
        0.6455227732658386,
        0.6422797441482544,
        0.640055775642395,
        0.6372008919715881
    ],
    "tr_times": 0.3493015766143799,
    "ev_times": 0.0002589225769042969,
    "test_times": 0.00025963783264160156,
    "param_total_size": 52969012,
    "param_total_count": 13242253,
    "model_size": 52982855
}