{
    "args": {
        "model": "tv7.2",
        "output": "finetune_outputs/binclass-0.8/tv7.2-tuned/train_2703_compas-two-years",
        "dataset": "train_2703_compas-two-years",
        "task": "binclass",
        "batch_size": 64,
        "early_stop": 16,
        "reduce_data": 0.8
    },
    "device": "NVIDIA GeForce RTX 3090",
    "best_eval_score": 0.707120253164557,
    "final_test_score": 0.7380216915173131,
    "ev_metric": [
        0.7028481012658229,
        0.704746835443038,
        0.707120253164557,
        0.7056962025316456,
        0.7031645569620253,
        0.7003164556962025,
        0.6998417721518987,
        0.6992088607594936,
        0.6977848101265823,
        0.6962025316455697,
        0.6950949367088608,
        0.6939873417721518,
        0.6963607594936709,
        0.6947784810126584,
        0.6938291139240507,
        0.6925632911392404,
        0.6909810126582278,
        0.6912974683544304,
        0.6908227848101266
    ],
    "test_metric": [
        0.7392018104603476,
        0.7387483856863514,
        0.7380216915173131,
        0.7367221437275564,
        0.7350521640911869,
        0.7324490200761916,
        0.7303478820609776,
        0.72785607002174,
        0.7252792408373784,
        0.7230809403705938,
        0.7206761696942217,
        0.7183483192920097,
        0.716785623195916,
        0.7149354881805925,
        0.7131501281329831,
        0.7116157710852642,
        0.7103486107793644,
        0.709097644215393,
        0.7077373698934047
    ],
    "tr_loss": [
        0.6912171423435212,
        0.6910694420337677,
        0.6909016132354736,
        0.6907029449939728,
        0.690485829114914,
        0.6903069734573364,
        0.6900627255439759,
        0.6898570477962493,
        0.6896203279495239,
        0.6894247889518738,
        0.689143568277359,
        0.6889371693134307,
        0.6886793375015259,
        0.6884515285491943,
        0.6882049024105072,
        0.6879216492176056,
        0.6877115905284882,
        0.6874723851680755,
        0.6872186124324798
    ],
    "tr_times": 0.2114861011505127,
    "ev_times": 0.00024437904357910156,
    "test_times": 0.0003688335418701172,
    "param_total_size": 1039436,
    "param_total_count": 259850,
    "model_size": 1118109
}