{
    "metric": "roc_auc",
    "eval_score": 0.9800000000000001,
    "n_trial": 3,
    "dataset": "train_0435_strikes",
    "model": {
        "attention_dropout": 0.41399417243297265,
        "d_ffn_factor": 2.127694224853568,
        "d_token": 192,
        "ffn_dropout": 0.2699951021396493,
        "n_blocks": 3,
        "residual_dropout": 0.4851515383182409
    },
    "training": {
        "batch_size": 64,
        "eval_batch_size": 128,
        "optimizer": "adamw",
        "lr": 0.0001311328936447657,
        "weight_decay": 4.5792793156719775e-06
    }
}