{
    "args": {
        "model": "tv7.1",
        "output": "finetune_outputs/openml-0.8/tv7.1-tuned/31",
        "dataset": "31",
        "task": "openml",
        "batch_size": 64,
        "early_stop": 16,
        "reduce_data": 0.8
    },
    "device": "NVIDIA GeForce RTX 3090",
    "best_eval_score": 0.5767195767195767,
    "final_test_score": 0.6121904761904762,
    "ev_metric": [
        0.5132275132275131,
        0.5767195767195767,
        0.5291005291005291,
        0.4761904761904762,
        0.4285714285714286,
        0.42328042328042326,
        0.41269841269841273,
        0.40740740740740744,
        0.41798941798941797,
        0.4338624338624339,
        0.4761904761904762,
        0.4973544973544974,
        0.47619047619047616,
        0.4973544973544974,
        0.5026455026455026,
        0.4973544973544974,
        0.49206349206349204,
        0.49206349206349204
    ],
    "test_metric": [
        0.6115809523809523,
        0.6121904761904762,
        0.5919238095238096,
        0.577447619047619,
        0.5520761904761906,
        0.5273142857142857,
        0.5134095238095238,
        0.5060571428571429,
        0.5070476190476191,
        0.5159619047619047,
        0.5312761904761905,
        0.5456761904761905,
        0.5529904761904763,
        0.5596571428571429,
        0.5579428571428572,
        0.5560380952380952,
        0.5484952380952381,
        0.5385142857142857
    ],
    "tr_loss": [
        0.677212655544281,
        0.6713729202747345,
        0.6658968925476074,
        0.660057544708252,
        0.6566460132598877,
        0.6525142192840576,
        0.6474500596523285,
        0.6438147723674774,
        0.6390270292758942,
        0.6360426247119904,
        0.6299985945224762,
        0.6233157515525818,
        0.6192625463008881,
        0.6151473820209503,
        0.6117644309997559,
        0.6076242923736572,
        0.6051428020000458,
        0.5998359620571136
    ],
    "tr_times": 0.060768842697143555,
    "ev_times": 0.00018858909606933594,
    "test_times": 0.00021147727966308594,
    "param_total_size": 603088,
    "param_total_count": 150759,
    "model_size": 611293
}