{
    "args": {
        "model": "tv7.3",
        "output": "finetune_outputs/binclass-0.8/tv7.3-tuned/train_0446_newton_hema",
        "dataset": "train_0446_newton_hema",
        "task": "binclass",
        "batch_size": 64,
        "early_stop": 16,
        "reduce_data": 0.8
    },
    "device": "NVIDIA GeForce RTX 3090",
    "best_eval_score": 1.0,
    "final_test_score": 0.5051020408163265,
    "ev_metric": [
        1.0,
        1.0,
        1.0,
        1.0,
        1.0,
        1.0,
        1.0,
        1.0,
        1.0,
        1.0,
        1.0,
        1.0,
        1.0,
        1.0,
        1.0,
        1.0,
        1.0
    ],
    "test_metric": [
        0.5051020408163265,
        0.5051020408163265,
        0.5051020408163265,
        0.5051020408163265,
        0.5051020408163265,
        0.5051020408163265,
        0.5051020408163265,
        0.5051020408163265,
        0.5051020408163265,
        0.5051020408163265,
        0.5051020408163265,
        0.5051020408163265,
        0.5051020408163265,
        0.5051020408163265,
        0.5051020408163265,
        0.5051020408163265,
        0.5051020408163265
    ],
    "tr_loss": [
        0.6319960951805115,
        0.6319387555122375,
        0.6318815350532532,
        0.6318243145942688,
        0.6317670345306396,
        0.6317096948623657,
        0.6316524744033813,
        0.631595253944397,
        0.6315379738807678,
        0.6314807534217834,
        0.6314235329627991,
        0.6313664317131042,
        0.6313092708587646,
        0.6312519907951355,
        0.6311947107315063,
        0.631137490272522,
        0.6310802102088928
    ],
    "tr_times": 2.1356992721557617,
    "ev_times": 0.0001862049102783203,
    "test_times": 0.00022029876708984375,
    "param_total_size": 57148,
    "param_total_count": 14287,
    "model_size": 85663
}