{
    "args": {
        "model": "tv7.4",
        "output": "finetune_outputs/binclass-0.8/tv7.4-tuned/train_2389_airlines_seed_0_nrows_2000_nclasses_10_ncols_100_stratify_True",
        "dataset": "train_2389_airlines_seed_0_nrows_2000_nclasses_10_ncols_100_stratify_True",
        "task": "binclass",
        "batch_size": 64,
        "early_stop": 16,
        "reduce_data": 0.8
    },
    "device": "NVIDIA GeForce RTX 3090",
    "best_eval_score": 0.6689655172413793,
    "final_test_score": 0.5840166008705334,
    "ev_metric": [
        0.6689655172413793,
        0.6650246305418719,
        0.6620689655172414,
        0.6630541871921182,
        0.6610837438423645,
        0.658128078817734,
        0.6551724137931034,
        0.6541871921182265,
        0.6541871921182266,
        0.645320197044335,
        0.6433497536945814,
        0.6374384236453202,
        0.6364532019704433,
        0.6354679802955665,
        0.632512315270936,
        0.6295566502463055,
        0.626600985221675
    ],
    "test_metric": [
        0.5840166008705334,
        0.5865345682761414,
        0.5883945743496305,
        0.5899888652697641,
        0.5915831561898978,
        0.5933039781354388,
        0.5936329588014981,
        0.5942656139285352,
        0.5948982690555724,
        0.5960370482842393,
        0.5957333738232615,
        0.5951007186962244,
        0.594872962850491,
        0.5940884704929649,
        0.5949994938758983,
        0.5943921449539428,
        0.5936835712116612
    ],
    "tr_loss": [
        0.6900271773338318,
        0.6894979774951935,
        0.6889285147190094,
        0.6883811354637146,
        0.6877969950437546,
        0.6872174590826035,
        0.6866532564163208,
        0.6861343830823898,
        0.685589998960495,
        0.6850534230470657,
        0.6844527423381805,
        0.6839327067136765,
        0.6833666414022446,
        0.682850182056427,
        0.682335302233696,
        0.6818410605192184,
        0.6813106685876846
    ],
    "tr_times": 4.880858659744263,
    "ev_times": 0.00019860267639160156,
    "test_times": 0.0002689361572265625,
    "param_total_size": 387128,
    "param_total_count": 96781,
    "model_size": 511901
}