{
    "args": {
        "model": "dcnv2",
        "output": "finetune_outputs/binclass-0.8/dcnv2-tuned/train_1742_Loan-Predication",
        "dataset": "train_1742_Loan-Predication",
        "task": "binclass",
        "batch_size": 64,
        "early_stop": 16,
        "reduce_data": 0.8
    },
    "device": "NVIDIA GeForce RTX 3090",
    "best_eval_score": 0.7142857142857143,
    "final_test_score": 0.6027863777089784,
    "ev_metric": [
        0.7142857142857143,
        0.2261904761904762,
        0.20238095238095238,
        0.6666666666666667,
        0.6428571428571428,
        0.41666666666666663,
        0.5,
        0.40476190476190477,
        0.5238095238095238,
        0.5,
        0.6666666666666667,
        0.40476190476190477,
        0.369047619047619,
        0.4642857142857143,
        0.5119047619047619,
        0.4523809523809524,
        0.5357142857142857
    ],
    "test_metric": [
        0.6027863777089784,
        0.49783281733746126,
        0.25263157894736843,
        0.5764705882352942,
        0.6622291021671826,
        0.5609907120743033,
        0.5157894736842106,
        0.5681114551083591,
        0.569969040247678,
        0.5995356037151703,
        0.5897832817337461,
        0.6569659442724459,
        0.7162538699690403,
        0.6685758513931889,
        0.6637770897832818,
        0.6374613003095975,
        0.6631578947368421
    ],
    "tr_loss": [
        0.7423958778381348,
        3.0371978878974915,
        2.092664211988449,
        0.8620083630084991,
        0.6815846264362335,
        0.6662412583827972,
        0.5214683413505554,
        0.553113728761673,
        0.9414404630661011,
        0.41880352795124054,
        13.812805473804474,
        0.4306098222732544,
        0.4984396994113922,
        0.4685981720685959,
        2.814515858888626,
        2.0238774120807648,
        0.5997074842453003
    ],
    "tr_times": 0.3686404228210449,
    "ev_times": 0.0003387928009033203,
    "test_times": 0.0003180503845214844,
    "param_total_size": 14435068,
    "param_total_count": 3608761,
    "model_size": 14453255
}