{
    "args": {
        "model": "tv7.3",
        "output": "finetune_outputs/binclass-0.8/tv7.3-tuned/Employee Satisfaction Index",
        "dataset": "Employee Satisfaction Index",
        "task": "binclass",
        "batch_size": 64,
        "early_stop": 16,
        "reduce_data": 0.8
    },
    "device": "NVIDIA GeForce RTX 3090",
    "best_eval_score": 0.59375,
    "final_test_score": 0.4985949417904456,
    "ev_metric": [
        0.59375,
        0.59375,
        0.59375,
        0.59375,
        0.59375,
        0.59375,
        0.59375,
        0.59375,
        0.59375,
        0.59375,
        0.59375,
        0.59375,
        0.59375,
        0.59375,
        0.59375,
        0.59375,
        0.59375
    ],
    "test_metric": [
        0.4985949417904456,
        0.4985949417904456,
        0.4985949417904456,
        0.4985949417904456,
        0.4985949417904456,
        0.4985949417904456,
        0.4985949417904456,
        0.4985949417904456,
        0.4981934965877158,
        0.4981934965877158,
        0.4981934965877158,
        0.4981934965877158,
        0.4981934965877158,
        0.4981934965877158,
        0.4979927739863509,
        0.49779205138498595,
        0.49779205138498595
    ],
    "tr_loss": [
        0.6843823790550232,
        0.6843733787536621,
        0.684364378452301,
        0.6843553185462952,
        0.6843462586402893,
        0.6843372583389282,
        0.6843282580375671,
        0.6843191981315613,
        0.684310257434845,
        0.6843011975288391,
        0.6842921376228333,
        0.6842831969261169,
        0.6842741370201111,
        0.6842650771141052,
        0.6842561364173889,
        0.6842470765113831,
        0.6842381358146667
    ],
    "tr_times": 1.6308584213256836,
    "ev_times": 0.0001990795135498047,
    "test_times": 0.00020456314086914062,
    "param_total_size": 250740,
    "param_total_count": 62685,
    "model_size": 366175
}