{
    "metric": "roc_auc",
    "eval_score": 0.9857142857142858,
    "n_trial": 56,
    "dataset": "train_1774_Early-Stage-Diabetes-Risk-Prediction-Dataset",
    "model": {
        "booster": "gbtree",
        "n_estimators": 2000,
        "n_jobs": -1,
        "tree_method": "hist",
        "alpha": 1.4538682379806785e-06,
        "colsample_bylevel": 0.7017050557000678,
        "colsample_bytree": 0.7072350050644058,
        "gamma": 3.3761597725959754e-07,
        "lambda": 1.7234499004991937,
        "learning_rate": 0.011497420407838124,
        "max_depth": 3,
        "min_child_weight": 0.03378904240173609,
        "subsample": 0.8361918023664036
    },
    "training": {
        "early_stopping_rounds": 20,
        "verbose": false
    }
}