{
    "args": {
        "output": "finetune_outputs/binclass-0.0/ftt-tuned/train_1592_Diabetes-Data-Set",
        "dataset": "train_1592_Diabetes-Data-Set",
        "task": "binclass",
        "batch_size": 64,
        "early_stop": 16,
        "reduce_data": 0.0
    },
    "device": "NVIDIA GeForce RTX 3090",
    "best_eval_score": 0.8119186046511628,
    "final_test_score": 0.8090740740740741,
    "ev_metric": [
        0.7741279069767442,
        0.7895348837209302,
        0.7976744186046512,
        0.798546511627907,
        0.8061046511627907,
        0.8101744186046511,
        0.8093023255813953,
        0.8107558139534884,
        0.8087209302325581,
        0.8104651162790697,
        0.8119186046511628,
        0.8113372093023257,
        0.8081395348837209,
        0.8107558139534884,
        0.8107558139534883,
        0.8069767441860465,
        0.8031976744186047,
        0.8031976744186047,
        0.8046511627906977,
        0.8029069767441861,
        0.7994186046511628,
        0.8002906976744186,
        0.7976744186046512,
        0.791860465116279
    ],
    "test_metric": [
        0.7757407407407406,
        0.7962962962962963,
        0.7953703703703704,
        0.8035185185185184,
        0.8061111111111111,
        0.8005555555555555,
        0.7953703703703703,
        0.8025925925925926,
        0.7996296296296296,
        0.7994444444444445,
        0.8090740740740741,
        0.8074074074074075,
        0.8087037037037037,
        0.8005555555555556,
        0.7983333333333333,
        0.8018518518518519,
        0.799074074074074,
        0.7968518518518519,
        0.7911111111111112,
        0.7981481481481482,
        0.8046296296296297,
        0.8038888888888888,
        0.8003703703703704,
        0.8001851851851852
    ],
    "tr_loss": [
        0.632204182446003,
        0.5372334420681,
        0.4885774701833725,
        0.47038668394088745,
        0.45004165917634964,
        0.4498486742377281,
        0.43515557795763016,
        0.4415311925113201,
        0.42976293340325356,
        0.4429500624537468,
        0.4104389436542988,
        0.4205961339175701,
        0.4170679450035095,
        0.4096646308898926,
        0.4082335755228996,
        0.3984964117407799,
        0.40929000452160835,
        0.4030308574438095,
        0.40303779393434525,
        0.3969951868057251,
        0.39497866854071617,
        0.39946240559220314,
        0.3910723216831684,
        0.38008249178528786
    ]
}