{
    "args": {
        "output": "finetune_outputs/binclass-0.0/ftt-tuned/NFL",
        "dataset": "NFL",
        "task": "binclass",
        "batch_size": 64,
        "early_stop": 16,
        "reduce_data": 0.0
    },
    "device": "NVIDIA GeForce RTX 3090",
    "best_eval_score": 0.7526428854090113,
    "final_test_score": 0.7120593692022263,
    "ev_metric": [
        0.7402340437560064,
        0.7465939284300978,
        0.7487421561422354,
        0.7480496353666121,
        0.7498728023065182,
        0.7526428854090113,
        0.7354005314036972,
        0.7188648312510599,
        0.7309203459777263,
        0.747837639210809,
        0.7399231160608288,
        0.7380151506586013,
        0.749392277686698,
        0.7355418621742326,
        0.7306235513596021,
        0.7312454067499576,
        0.7427497314715359
    ],
    "test_metric": [
        0.7002850807728855,
        0.7047196705733291,
        0.7182134938232498,
        0.7206027422055297,
        0.7142223630028508,
        0.7120593692022263,
        0.7288384089777818,
        0.7316530159735735,
        0.7198515769944341,
        0.736734693877551,
        0.7350287343318703,
        0.738494954522829,
        0.7392280193673921,
        0.7364586632879315,
        0.731888320738495,
        0.7306393954477577,
        0.7246481741255262
    ],
    "tr_loss": [
        0.633743931565966,
        0.5982786314828056,
        0.5938029714993068,
        0.5831294298171997,
        0.5729291243212563,
        0.5751870776925768,
        0.5662513869149345,
        0.5580339542457036,
        0.5617413520812988,
        0.5643355335508075,
        0.5559986625398908,
        0.5545198730060032,
        0.555729228258133,
        0.5497677045209067,
        0.5520054740565163,
        0.5488988987037113,
        0.5458254839692797
    ]
}