{
    "args": {
        "model": "tv7.2",
        "output": "finetune_outputs/binclass-0.8/tv7.2-tuned/train_0406_visualizing_environmental",
        "dataset": "train_0406_visualizing_environmental",
        "task": "binclass",
        "batch_size": 64,
        "early_stop": 16,
        "reduce_data": 0.8
    },
    "device": "NVIDIA GeForce RTX 3090",
    "best_eval_score": 0.5,
    "final_test_score": 0.7121212121212122,
    "ev_metric": [
        0.5,
        0.5,
        0.5,
        0.5,
        0.5,
        0.5,
        0.5,
        0.5,
        0.5,
        0.5,
        0.5,
        0.5,
        0.5,
        0.5,
        0.5,
        0.5,
        0.5
    ],
    "test_metric": [
        0.7121212121212122,
        0.7121212121212122,
        0.7121212121212122,
        0.7121212121212122,
        0.7121212121212122,
        0.7121212121212122,
        0.7121212121212122,
        0.7121212121212122,
        0.7121212121212122,
        0.7121212121212122,
        0.7121212121212122,
        0.7121212121212122,
        0.7121212121212122,
        0.7121212121212122,
        0.7121212121212122,
        0.7121212121212122,
        0.7121212121212122
    ],
    "tr_loss": [
        0.6313766241073608,
        0.63128262758255,
        0.6311885118484497,
        0.6310944557189941,
        0.6310005187988281,
        0.6309066414833069,
        0.6308127045631409,
        0.6307189464569092,
        0.6306252479553223,
        0.6305316090583801,
        0.6304380297660828,
        0.6303442716598511,
        0.6302506327629089,
        0.630156934261322,
        0.6300631761550903,
        0.6299694180488586,
        0.6298757791519165
    ],
    "tr_times": 1.1548454761505127,
    "ev_times": 0.00019168853759765625,
    "test_times": 0.00022149085998535156,
    "param_total_size": 34992,
    "param_total_count": 8748,
    "model_size": 54175
}