{
    "args": {
        "model": "tv7.2",
        "output": "finetune_outputs/binclass-0.8/tv7.2-tuned/new_model",
        "dataset": "new_model",
        "task": "binclass",
        "batch_size": 64,
        "early_stop": 16,
        "reduce_data": 0.8
    },
    "device": "NVIDIA GeForce RTX 3090",
    "best_eval_score": 1.0,
    "final_test_score": 0.9613333333333333,
    "ev_metric": [
        1.0,
        1.0,
        1.0,
        1.0,
        1.0,
        1.0,
        1.0,
        1.0,
        1.0,
        1.0,
        1.0,
        1.0,
        1.0,
        1.0,
        1.0,
        1.0,
        1.0
    ],
    "test_metric": [
        0.9613333333333333,
        0.9613333333333333,
        0.9613333333333333,
        0.9613333333333333,
        0.9613333333333333,
        0.9626666666666667,
        0.9626666666666667,
        0.9626666666666667,
        0.9626666666666667,
        0.9626666666666667,
        0.9626666666666667,
        0.9626666666666667,
        0.9626666666666667,
        0.9626666666666667,
        0.9626666666666667,
        0.9626666666666667,
        0.9626666666666667
    ],
    "tr_loss": [
        0.668110728263855,
        0.6679551601409912,
        0.6677994728088379,
        0.6676432490348816,
        0.6674869060516357,
        0.6673302054405212,
        0.6671733856201172,
        0.6670162677764893,
        0.6668590903282166,
        0.6667014360427856,
        0.6665436625480652,
        0.6663857698440552,
        0.6662278175354004,
        0.6660694479942322,
        0.6659106612205505,
        0.665751576423645,
        0.6655923128128052
    ],
    "tr_times": 1.025789499282837,
    "ev_times": 0.0002620220184326172,
    "test_times": 0.000244140625,
    "param_total_size": 78136,
    "param_total_count": 19534,
    "model_size": 112159
}