{
    "args": {
        "model": "tv7.3",
        "output": "finetune_outputs/binclass-0.8/tv7.3-tuned/train_0526_colleges_aaup",
        "dataset": "train_0526_colleges_aaup",
        "task": "binclass",
        "batch_size": 64,
        "early_stop": 16,
        "reduce_data": 0.8
    },
    "device": "NVIDIA GeForce RTX 3090",
    "best_eval_score": 0.9860139860139859,
    "final_test_score": 0.9434706397896582,
    "ev_metric": [
        0.9860139860139859,
        0.9860139860139859,
        0.9860139860139859,
        0.9860139860139859,
        0.9860139860139859,
        0.9860139860139859,
        0.9860139860139859,
        0.9860139860139859,
        0.9860139860139859,
        0.9860139860139859,
        0.9860139860139859,
        0.9860139860139859,
        0.9860139860139859,
        0.9860139860139859,
        0.9860139860139859,
        0.9860139860139859,
        0.9860139860139859
    ],
    "test_metric": [
        0.9434706397896582,
        0.9436459246275197,
        0.9437335670464506,
        0.9437335670464506,
        0.9438212094653813,
        0.9437335670464505,
        0.943908851884312,
        0.943908851884312,
        0.9441717791411044,
        0.9443470639789658,
        0.9443470639789658,
        0.9443470639789658,
        0.9444347063978966,
        0.9446099912357582,
        0.9446099912357582,
        0.9446976336546888,
        0.9447852760736197
    ],
    "tr_loss": [
        0.6728897492090861,
        0.6724266608556112,
        0.6707788308461508,
        0.6721985538800558,
        0.6725785732269287,
        0.670366644859314,
        0.6701445380846659,
        0.6696529984474182,
        0.6689956188201904,
        0.6696703831354777,
        0.66949862241745,
        0.6711186369260153,
        0.6687603195508321,
        0.6670831243197123,
        0.6673408150672913,
        0.6664110620816549,
        0.6643824179967245
    ],
    "tr_times": 6.9107184410095215,
    "ev_times": 0.00018787384033203125,
    "test_times": 0.00021195411682128906,
    "param_total_size": 421636,
    "param_total_count": 105409,
    "model_size": 614431
}