{
    "args": {
        "model": "tv7.3",
        "output": "finetune_outputs/binclass-0.8/tv7.3-tuned/train_2391_airlines_seed_2_nrows_2000_nclasses_10_ncols_100_stratify_True",
        "dataset": "train_2391_airlines_seed_2_nrows_2000_nclasses_10_ncols_100_stratify_True",
        "task": "binclass",
        "batch_size": 64,
        "early_stop": 16,
        "reduce_data": 0.8
    },
    "device": "NVIDIA GeForce RTX 3090",
    "best_eval_score": 0.5822660098522168,
    "final_test_score": 0.5490940378580829,
    "ev_metric": [
        0.5822660098522168,
        0.5822660098522168,
        0.5822660098522168,
        0.5822660098522168,
        0.5812807881773399,
        0.5812807881773399,
        0.5812807881773399,
        0.5812807881773399,
        0.580295566502463,
        0.580295566502463,
        0.580295566502463,
        0.5793103448275863,
        0.5802955665024631,
        0.5783251231527093,
        0.5783251231527093,
        0.5783251231527093,
        0.5783251231527093
    ],
    "test_metric": [
        0.5490940378580829,
        0.5490940378580829,
        0.5487144447818605,
        0.5486638323716976,
        0.5484866889361272,
        0.5484740358335863,
        0.5483095455005569,
        0.5480817896548233,
        0.547904646219253,
        0.5477781151938456,
        0.5476389310658973,
        0.5474238283227049,
        0.547120153861727,
        0.5468544387083714,
        0.5465887235550158,
        0.5464748456321491,
        0.5463609677092823
    ],
    "tr_loss": [
        0.6916981786489487,
        0.6916815787553787,
        0.691666454076767,
        0.6916514784097672,
        0.691631942987442,
        0.6916132867336273,
        0.6915948390960693,
        0.6915775835514069,
        0.6915682554244995,
        0.691546306014061,
        0.6915270239114761,
        0.6915108263492584,
        0.6915002465248108,
        0.6914785653352737,
        0.6914628893136978,
        0.6914438158273697,
        0.6914292722940445
    ],
    "tr_times": 4.146075487136841,
    "ev_times": 0.00018715858459472656,
    "test_times": 0.0002491474151611328,
    "param_total_size": 344396,
    "param_total_count": 86099,
    "model_size": 516895
}