{
    "args": {
        "model": "dcnv2",
        "output": "finetune_outputs/binclass-0.8/dcnv2-tuned/loan_train",
        "dataset": "loan_train",
        "task": "binclass",
        "batch_size": 64,
        "early_stop": 16,
        "reduce_data": 0.8
    },
    "device": "NVIDIA GeForce RTX 3090",
    "best_eval_score": 0.773809523809524,
    "final_test_score": 0.5975232198142415,
    "ev_metric": [
        0.761904761904762,
        0.75,
        0.761904761904762,
        0.7500000000000001,
        0.773809523809524,
        0.7619047619047619,
        0.761904761904762,
        0.773809523809524,
        0.761904761904762,
        0.761904761904762,
        0.75,
        0.7380952380952381,
        0.7619047619047619,
        0.75,
        0.7499999999999999,
        0.7499999999999999,
        0.761904761904762,
        0.761904761904762,
        0.738095238095238,
        0.7499999999999999,
        0.7499999999999999
    ],
    "test_metric": [
        0.5173374613003096,
        0.5439628482972136,
        0.5783281733746131,
        0.5975232198142415,
        0.5975232198142415,
        0.6037151702786379,
        0.6089783281733746,
        0.6142414860681115,
        0.618266253869969,
        0.6247678018575851,
        0.6312693498452012,
        0.6386996904024769,
        0.6399380804953562,
        0.6411764705882353,
        0.639938080495356,
        0.6427244582043344,
        0.6417956656346749,
        0.6442724458204334,
        0.6458204334365325,
        0.6448916408668731,
        0.6445820433436532
    ],
    "tr_loss": [
        0.705563873052597,
        0.6657806634902954,
        0.6746513843536377,
        0.6356440484523773,
        0.632822573184967,
        0.6133034527301788,
        0.5655992329120636,
        0.6044529974460602,
        0.6032547950744629,
        0.606929361820221,
        0.5858854651451111,
        0.5781421363353729,
        0.5428546667098999,
        0.48528920114040375,
        0.584927961230278,
        0.5175105333328247,
        0.472940593957901,
        0.48974305391311646,
        0.45138123631477356,
        0.40944595634937286,
        0.4921945333480835
    ],
    "tr_times": 0.369779109954834,
    "ev_times": 0.00028824806213378906,
    "test_times": 0.00028705596923828125,
    "param_total_size": 1861616,
    "param_total_count": 465398,
    "model_size": 1877579
}