{
    "args": {
        "model": "dcnv2",
        "output": "finetune_outputs/binclass-0.8/dcnv2-tuned/train_0124_analcatdata_impeach",
        "dataset": "train_0124_analcatdata_impeach",
        "task": "binclass",
        "batch_size": 64,
        "early_stop": 16,
        "reduce_data": 0.8
    },
    "device": "NVIDIA GeForce RTX 3090",
    "best_eval_score": 1.0,
    "final_test_score": 0.6354166666666667,
    "ev_metric": [
        1.0,
        1.0,
        1.0,
        1.0,
        1.0,
        1.0,
        1.0,
        1.0,
        1.0,
        1.0,
        1.0,
        1.0,
        0.6666666666666667,
        0.6666666666666667,
        0.6666666666666667,
        0.6666666666666667,
        0.6666666666666667
    ],
    "test_metric": [
        0.6354166666666667,
        0.6354166666666667,
        0.6458333333333334,
        0.6458333333333334,
        0.65625,
        0.6666666666666666,
        0.6770833333333334,
        0.6770833333333334,
        0.6666666666666666,
        0.6770833333333334,
        0.6875,
        0.6875,
        0.6979166666666666,
        0.6979166666666666,
        0.7083333333333333,
        0.7083333333333333,
        0.7083333333333333
    ],
    "tr_loss": [
        0.6858339309692383,
        0.685457170009613,
        0.6843470931053162,
        0.6851404905319214,
        0.6880523562431335,
        0.6848720908164978,
        0.6848969459533691,
        0.6848258972167969,
        0.6822980642318726,
        0.6865388751029968,
        0.6826883554458618,
        0.6856123805046082,
        0.6832408905029297,
        0.6838393211364746,
        0.6813115477561951,
        0.6813044548034668,
        0.6839572787284851
    ],
    "tr_times": 0.31084728240966797,
    "ev_times": 0.00023746490478515625,
    "test_times": 0.00021409988403320312,
    "param_total_size": 1742236,
    "param_total_count": 435553,
    "model_size": 1754259
}