{
    "args": {
        "model": "mlp",
        "output": "finetune_outputs/binclass-0.8/mlp-tuned/train_0472_analcatdata_marketing",
        "dataset": "train_0472_analcatdata_marketing",
        "task": "binclass",
        "batch_size": 64,
        "early_stop": 16,
        "reduce_data": 0.8
    },
    "device": "NVIDIA GeForce RTX 3090",
    "best_eval_score": 0.875,
    "final_test_score": 0.5008695652173913,
    "ev_metric": [
        0.65625,
        0.78125,
        0.84375,
        0.8125,
        0.8125,
        0.8125,
        0.875,
        0.8125,
        0.8125,
        0.8125,
        0.8125,
        0.8125,
        0.8125,
        0.78125,
        0.78125,
        0.75,
        0.78125,
        0.75,
        0.734375,
        0.75,
        0.71875,
        0.671875,
        0.6875
    ],
    "test_metric": [
        0.4852173913043479,
        0.48608695652173917,
        0.48869565217391303,
        0.48869565217391303,
        0.508695652173913,
        0.5156521739130435,
        0.5008695652173913,
        0.508695652173913,
        0.5121739130434783,
        0.5130434782608696,
        0.5095652173913043,
        0.5069565217391304,
        0.5060869565217391,
        0.5130434782608695,
        0.5173913043478262,
        0.5191304347826087,
        0.5195652173913043,
        0.5217391304347826,
        0.52,
        0.5008695652173913,
        0.49652173913043474,
        0.5252173913043479,
        0.5304347826086956
    ],
    "tr_loss": [
        0.6986331343650818,
        0.614105224609375,
        0.5442155003547668,
        0.4331038296222687,
        1.9776054620742798,
        0.4058302342891693,
        0.6581774950027466,
        0.6762860417366028,
        0.6685345768928528,
        0.6246665716171265,
        0.4794568717479706,
        0.357818067073822,
        0.34562280774116516,
        0.23038387298583984,
        0.2040380984544754,
        0.14284953474998474,
        0.047425027936697006,
        0.05252552777528763,
        1.7188007404911332e-05,
        4.7683207071713696e-07,
        1.1166524927830324e-05,
        0.0,
        0.0
    ],
    "tr_times": 0.32814741134643555,
    "ev_times": 0.00023484230041503906,
    "test_times": 0.00025177001953125,
    "param_total_size": 13763048,
    "param_total_count": 3440753,
    "model_size": 13771477
}