{
    "args": {
        "output": "finetune_outputs/binclass-0.8/ftt-tuned/piracydataset",
        "dataset": "piracydataset",
        "task": "binclass",
        "batch_size": 64,
        "early_stop": 16,
        "reduce_data": 0.8
    },
    "device": "NVIDIA GeForce RTX 3090",
    "best_eval_score": 0.8378378378378378,
    "final_test_score": 0.6339866623292126,
    "ev_metric": [
        0.7657657657657657,
        0.8198198198198198,
        0.8348348348348348,
        0.8348348348348348,
        0.8378378378378378,
        0.8378378378378378,
        0.8378378378378378,
        0.8378378378378378,
        0.8378378378378378,
        0.8378378378378378,
        0.8378378378378378,
        0.8378378378378378,
        0.8378378378378378,
        0.8378378378378378,
        0.8378378378378378,
        0.8378378378378378,
        0.8348348348348348,
        0.8228228228228228,
        0.8018018018018018,
        0.8018018018018018,
        0.8018018018018018
    ],
    "test_metric": [
        0.6035702667534157,
        0.6212996096291477,
        0.6200797007156799,
        0.6308962264150942,
        0.6339866623292126,
        0.6342306441119062,
        0.6331733897202342,
        0.6334173715029278,
        0.6324414443721534,
        0.6334986987638256,
        0.6336613532856212,
        0.633824007807417,
        0.633824007807417,
        0.6341493168510084,
        0.6341493168510084,
        0.6341493168510085,
        0.6306522446324008,
        0.6073926480156149,
        0.6098324658425505,
        0.6098324658425505,
        0.6101577748861419
    ],
    "tr_loss": [
        0.7325764894485474,
        0.47940948605537415,
        0.48237472772598267,
        0.48583072423934937,
        0.4729554355144501,
        0.48146092891693115,
        0.48520222306251526,
        0.48059388995170593,
        0.49150096376736957,
        0.4719267288843791,
        0.48621997237205505,
        0.4716481069723765,
        0.4747222463289897,
        0.46721406777699787,
        0.4635423421859741,
        0.47542324662208557,
        0.4801643490791321,
        0.46287670731544495,
        0.48211466272672016,
        0.4664549728234609,
        0.45879316329956055
    ],
    "tr_times": 0.5422658920288086,
    "ev_times": 0.0005557537078857422,
    "test_times": 0.0006461143493652344,
    "param_total_size": 1012204,
    "param_total_count": 253050,
    "model_size": 1032513
}