{
    "metric": "roc_auc",
    "eval_score": 0.7338613723529486,
    "n_trial": 99,
    "dataset": "train_2703_compas-two-years",
    "model": {
        "booster": "gbtree",
        "n_estimators": 2000,
        "n_jobs": -1,
        "tree_method": "hist",
        "alpha": 0.047741513365259586,
        "colsample_bylevel": 0.7931500594371215,
        "colsample_bytree": 0.9768820231083155,
        "gamma": 0.0004246007481151685,
        "lambda": 0.00018603443668846709,
        "learning_rate": 7.732611224868326e-05,
        "max_depth": 9,
        "min_child_weight": 6.664253256667242,
        "subsample": 0.5099514657372718
    },
    "training": {
        "early_stopping_rounds": 20,
        "verbose": false
    }
}