{
    "args": {
        "model": "tv7.4",
        "output": "finetune_outputs/binclass-0.8/tv7.4-tuned/audit_risk",
        "dataset": "audit_risk",
        "task": "binclass",
        "batch_size": 64,
        "early_stop": 16,
        "reduce_data": 0.8
    },
    "device": "NVIDIA GeForce RTX 3090",
    "best_eval_score": 1.0,
    "final_test_score": 0.9972389991371873,
    "ev_metric": [
        1.0,
        1.0,
        1.0,
        1.0,
        1.0,
        1.0,
        1.0,
        1.0,
        1.0,
        1.0,
        1.0,
        1.0,
        1.0,
        1.0,
        1.0,
        1.0,
        1.0
    ],
    "test_metric": [
        0.9972389991371873,
        0.9972389991371873,
        0.9970664365832614,
        0.9970664365832614,
        0.9970664365832614,
        0.9972389991371873,
        0.9972389991371873,
        0.9972389991371873,
        0.9972389991371873,
        0.9972389991371873,
        0.9972389991371873,
        0.9972389991371873,
        0.9972389991371873,
        0.9970664365832614,
        0.9970664365832614,
        0.9970664365832614,
        0.9972389991371873
    ],
    "tr_loss": [
        0.6133130490779877,
        0.6151150465011597,
        0.6132709681987762,
        0.6147109270095825,
        0.6119373440742493,
        0.6135405600070953,
        0.6143808662891388,
        0.6109162867069244,
        0.6083391010761261,
        0.6048014163970947,
        0.6066187620162964,
        0.6067539751529694,
        0.6085992157459259,
        0.6080484092235565,
        0.6101847290992737,
        0.6043976247310638,
        0.606115072965622
    ],
    "tr_times": 1.8863060474395752,
    "ev_times": 0.00020194053649902344,
    "test_times": 0.00021982192993164062,
    "param_total_size": 582464,
    "param_total_count": 145613,
    "model_size": 673693
}