{
    "args": {
        "model": "tv7.2",
        "output": "finetune_outputs/binclass-0.8/tv7.2-tuned/Bank_Personal_Loan_Modelling",
        "dataset": "Bank_Personal_Loan_Modelling",
        "task": "binclass",
        "batch_size": 64,
        "early_stop": 16,
        "reduce_data": 0.8
    },
    "device": "NVIDIA GeForce RTX 3090",
    "best_eval_score": 0.6535492374317454,
    "final_test_score": 0.5279552330847354,
    "ev_metric": [
        0.6535492374317454,
        0.6430050837883637,
        0.6454528337412916,
        0.647712295236302,
        0.6341555262662399,
        0.6439465260779513,
        0.6424402184146112,
        0.6396158915458482,
        0.6401807569196007,
        0.6341555262662398,
        0.6322726416870645,
        0.6398041800037658,
        0.6341555262662399,
        0.6322726416870647,
        0.6354735454716626,
        0.6260591225757861,
        0.6270005648653738
    ],
    "test_metric": [
        0.5279552330847354,
        0.5446874217108939,
        0.545884642808965,
        0.5539327629068624,
        0.5539881675049624,
        0.5560140486789616,
        0.5608487020870672,
        0.5626096047484149,
        0.5630865660711877,
        0.5643825518876106,
        0.5635707540806691,
        0.5623109016977895,
        0.5650016380489873,
        0.5641874313464763,
        0.5651654429477173,
        0.5623614885047503,
        0.5663024416565492
    ],
    "tr_loss": [
        0.6789932310581207,
        0.6705222308635712,
        0.6624512374401093,
        0.6555060625076294,
        0.6501444637775421,
        0.6454717874526977,
        0.6416687369346619,
        0.6382923364639282,
        0.6355750799179077,
        0.633148980140686,
        0.6310353517532349,
        0.6289770305156708,
        0.627112090587616,
        0.6253224849700928,
        0.6234741330146789,
        0.6218630552291871,
        0.6202595591545105
    ],
    "tr_times": 0.18171095848083496,
    "ev_times": 0.00022721290588378906,
    "test_times": 0.0003376007080078125,
    "param_total_size": 1565956,
    "param_total_count": 391483,
    "model_size": 1717533
}