{
    "args": {
        "output": "finetune_outputs/openml-0.8/ftt-tuned/1063",
        "dataset": "1063",
        "task": "openml",
        "batch_size": 64,
        "early_stop": 16,
        "reduce_data": 0.8
    },
    "device": "NVIDIA GeForce RTX 3090",
    "best_eval_score": 1.0,
    "final_test_score": 0.7688746438746439,
    "ev_metric": [
        0.0,
        0.0,
        0.0,
        0.0,
        0.0,
        0.0,
        0.0,
        0.0,
        0.3333333333333333,
        0.46153846153846145,
        0.5641025641025641,
        0.7435897435897436,
        0.7948717948717948,
        0.8974358974358974,
        0.9487179487179487,
        0.9487179487179487,
        0.9743589743589745,
        0.9743589743589745,
        0.9743589743589745,
        1.0,
        1.0,
        1.0,
        1.0,
        1.0,
        1.0,
        1.0,
        1.0,
        1.0,
        1.0,
        1.0,
        1.0,
        1.0,
        1.0,
        1.0,
        1.0,
        1.0
    ],
    "test_metric": [
        0.23646723646723644,
        0.22257834757834757,
        0.24323361823361825,
        0.26353276353276356,
        0.31659544159544156,
        0.3878205128205128,
        0.4483618233618234,
        0.5149572649572649,
        0.5573361823361823,
        0.5893874643874644,
        0.5968660968660968,
        0.608974358974359,
        0.6178774928774928,
        0.6502849002849003,
        0.6994301994301994,
        0.7311253561253561,
        0.7503561253561254,
        0.7613960113960115,
        0.7692307692307692,
        0.7688746438746439,
        0.76994301994302,
        0.76994301994302,
        0.7724358974358975,
        0.7695868945868947,
        0.7702991452991452,
        0.7695868945868947,
        0.76994301994302,
        0.771011396011396,
        0.7720797720797721,
        0.7720797720797721,
        0.7720797720797721,
        0.7724358974358974,
        0.7717236467236468,
        0.7717236467236466,
        0.7717236467236468,
        0.7724358974358974
    ],
    "tr_loss": [
        0.8750680088996887,
        0.8142061829566956,
        0.7716102004051208,
        0.7347100377082825,
        0.6656624674797058,
        0.6496831774711609,
        0.646948516368866,
        0.5948218107223511,
        0.5761362910270691,
        0.5875511169433594,
        0.5649286508560181,
        0.5399523377418518,
        0.5414131879806519,
        0.5230679512023926,
        0.5105728507041931,
        0.5215034484863281,
        0.5092828869819641,
        0.5257344245910645,
        0.5215675234794617,
        0.49880245327949524,
        0.4906649887561798,
        0.5009769201278687,
        0.505129873752594,
        0.5101915597915649,
        0.5046390295028687,
        0.5143886208534241,
        0.5063529014587402,
        0.4816693663597107,
        0.4964602589607239,
        0.5167240500450134,
        0.49421828985214233,
        0.5026288032531738,
        0.5128752589225769,
        0.5120624303817749,
        0.5037401914596558,
        0.49848783016204834
    ],
    "tr_times": 0.4580962657928467,
    "ev_times": 0.0005295276641845703,
    "test_times": 0.000560760498046875,
    "param_total_size": 1362260,
    "param_total_count": 340565,
    "model_size": 1380932
}