{
    "args": {
        "model": "tv7.1",
        "output": "finetune_outputs/binclass-0.8/tv7.1-tuned/train_1333_ricci_vs_destefano",
        "dataset": "train_1333_ricci_vs_destefano",
        "task": "binclass",
        "batch_size": 64,
        "early_stop": 16,
        "reduce_data": 0.8
    },
    "device": "NVIDIA GeForce RTX 3090",
    "best_eval_score": 1.0,
    "final_test_score": 0.8741258741258742,
    "ev_metric": [
        1.0,
        1.0,
        1.0,
        1.0,
        1.0,
        1.0,
        1.0,
        1.0,
        1.0,
        1.0,
        1.0,
        1.0,
        1.0,
        1.0,
        1.0,
        1.0,
        1.0
    ],
    "test_metric": [
        0.8741258741258742,
        0.8601398601398602,
        0.8531468531468531,
        0.8461538461538461,
        0.8461538461538461,
        0.8391608391608392,
        0.8321678321678322,
        0.8321678321678322,
        0.8321678321678322,
        0.8251748251748252,
        0.8251748251748252,
        0.8181818181818182,
        0.8181818181818182,
        0.8181818181818182,
        0.8181818181818182,
        0.8111888111888113,
        0.7972027972027972
    ],
    "tr_loss": [
        0.6326905488967896,
        0.6318384408950806,
        0.6309618353843689,
        0.6300731301307678,
        0.6292022466659546,
        0.6283425688743591,
        0.6274589896202087,
        0.6265513896942139,
        0.6256572604179382,
        0.6247475147247314,
        0.6238464713096619,
        0.622963011264801,
        0.6220810413360596,
        0.621239960193634,
        0.6204084753990173,
        0.6196149587631226,
        0.6188521981239319
    ],
    "tr_times": 0.3413693904876709,
    "ev_times": 0.0003020763397216797,
    "test_times": 0.0003101825714111328,
    "param_total_size": 122172,
    "param_total_count": 30541
}