{
    "args": {
        "model": "tv7.1",
        "output": "finetune_outputs/binclass-0.8/tv7.1-tuned/train_0124_analcatdata_impeach",
        "dataset": "train_0124_analcatdata_impeach",
        "task": "binclass",
        "batch_size": 64,
        "early_stop": 16,
        "reduce_data": 0.8
    },
    "device": "NVIDIA GeForce RTX 3090",
    "best_eval_score": 0.33333333333333337,
    "final_test_score": 0.59375,
    "ev_metric": [
        0.33333333333333337,
        0.33333333333333337,
        0.33333333333333337,
        0.33333333333333337,
        0.33333333333333337,
        0.33333333333333337,
        0.33333333333333337,
        0.33333333333333337,
        0.33333333333333337,
        0.33333333333333337,
        0.33333333333333337,
        0.33333333333333337,
        0.33333333333333337,
        0.33333333333333337,
        0.33333333333333337,
        0.33333333333333337,
        0.33333333333333337
    ],
    "test_metric": [
        0.59375,
        0.59375,
        0.5833333333333334,
        0.5833333333333334,
        0.5833333333333334,
        0.5833333333333334,
        0.5833333333333334,
        0.5833333333333334,
        0.5833333333333334,
        0.5833333333333334,
        0.5833333333333334,
        0.5833333333333334,
        0.5833333333333334,
        0.5833333333333334,
        0.5833333333333334,
        0.5833333333333334,
        0.5833333333333334
    ],
    "tr_loss": [
        0.6586141586303711,
        0.6573028564453125,
        0.6559022665023804,
        0.6544311046600342,
        0.6528908014297485,
        0.6512987017631531,
        0.6496551632881165,
        0.6479630470275879,
        0.6461885571479797,
        0.6443122029304504,
        0.6423528790473938,
        0.6403116583824158,
        0.6382446885108948,
        0.6362001895904541,
        0.6342131495475769,
        0.6322895288467407,
        0.6304330825805664
    ],
    "tr_times": 0.04077315330505371,
    "ev_times": 0.0003292560577392578,
    "test_times": 0.0003020763397216797,
    "param_total_size": 4746972,
    "param_total_count": 1186737
}