{
    "args": {
        "model": "xgboost",
        "output": "finetune_outputs/binclass-0.8/xgboost-tuned/train_1898_Personal-Loan-Modeling",
        "dataset": "train_1898_Personal-Loan-Modeling",
        "task": "binclass",
        "reduce_data": 0.8
    },
    "device": "NVIDIA GeForce RTX 3090",
    "configs": {
        "metric": "roc_auc",
        "eval_score": 0.6896064771229523,
        "n_trial": 65,
        "dataset": "train_1898_Personal-Loan-Modeling",
        "model": {
            "booster": "gbtree",
            "n_estimators": 2000,
            "n_jobs": -1,
            "tree_method": "hist",
            "alpha": 0.00011506805019192613,
            "colsample_bylevel": 0.6543802343011884,
            "colsample_bytree": 0.8861738041823995,
            "gamma": 6.868344934744504e-06,
            "lambda": 0.5107951072705299,
            "learning_rate": 0.10069425889578514,
            "max_depth": 6,
            "min_child_weight": 3.17485825003941e-08,
            "subsample": 0.5384401298880499
        },
        "training": {
            "early_stopping_rounds": 20,
            "verbose": false,
            "eval_metric": "error"
        }
    },
    "best_eval_score": 0.6896064771229523,
    "final_test_score": 0.5713659401437629,
    "tr_times": 0.022778749465942383,
    "ev_times": 0.00018310546875,
    "test_times": 0.0002167224884033203,
    "param_total_size": 0,
    "param_total_count": 0,
    "model_size": 91072
}