{
    "args": {
        "output": "finetune_outputs/binclass-0.0/ftt-tuned/train_0419_pm10",
        "dataset": "train_0419_pm10",
        "task": "binclass",
        "batch_size": 64,
        "early_stop": 16,
        "reduce_data": 0.0
    },
    "device": "NVIDIA GeForce RTX 3090",
    "best_eval_score": 0.5797373358348968,
    "final_test_score": 0.5414165666266507,
    "ev_metric": [
        0.5797373358348968,
        0.4133833646028767,
        0.3989993746091307,
        0.38273921200750466,
        0.38524077548467794,
        0.38398999374609133,
        0.38711694809255787,
        0.3877423389618512,
        0.4146341463414634,
        0.44340212632895554,
        0.4434021263289556,
        0.458411507191995,
        0.4684177611006879,
        0.4527829893683552,
        0.4509068167604753,
        0.44903064415259536,
        0.460287679799875
    ],
    "test_metric": [
        0.5414165666266507,
        0.6178471388555422,
        0.6186474589835934,
        0.6110444177671068,
        0.602641056422569,
        0.5962384953981593,
        0.5782312925170068,
        0.5626250500200081,
        0.5714285714285714,
        0.5610244097639057,
        0.546218487394958,
        0.5434173669467788,
        0.5406162464985995,
        0.5606242496998799,
        0.5710284113645459,
        0.5758303321328531,
        0.585034013605442
    ],
    "tr_loss": [
        0.707272744178772,
        0.6952017188072205,
        0.6833201885223389,
        0.6846968770027161,
        0.6844910025596619,
        0.6774166107177735,
        0.680947732925415,
        0.6696860671043396,
        0.6693145155906677,
        0.6465576529502869,
        0.67060626745224,
        0.666929566860199,
        0.6636846423149109,
        0.6654695868492126,
        0.6435996294021606,
        0.6669283747673035,
        0.6441245794296264
    ]
}