{
    "args": {
        "model": "tv7.4",
        "output": "finetune_outputs/binclass-0.8/tv7.4-tuned/train_2703_compas-two-years",
        "dataset": "train_2703_compas-two-years",
        "task": "binclass",
        "batch_size": 64,
        "early_stop": 16,
        "reduce_data": 0.8
    },
    "device": "NVIDIA GeForce RTX 3090",
    "best_eval_score": 0.699367088607595,
    "final_test_score": 0.7292952888356294,
    "ev_metric": [
        0.6992088607594936,
        0.699367088607595,
        0.698259493670886,
        0.6988924050632911,
        0.6990506329113924,
        0.6987341772151898,
        0.6979430379746836,
        0.6987341772151898,
        0.6981012658227849,
        0.6968354430379746,
        0.6962025316455697,
        0.6955696202531645,
        0.6949367088607595,
        0.6954113924050633,
        0.6938291139240507,
        0.6935126582278481,
        0.6931962025316455,
        0.6931962025316456
    ],
    "test_metric": [
        0.7291050123679703,
        0.7292952888356294,
        0.7293681606743074,
        0.7293317247549684,
        0.7291677631179432,
        0.7287770890939197,
        0.7288540093680796,
        0.7288094765777766,
        0.7284592869085742,
        0.728115169892595,
        0.7278803606346327,
        0.7278216583201422,
        0.7274613475622345,
        0.7273317976268072,
        0.7271212789817375,
        0.7269107603366679,
        0.7262953981433875,
        0.7259573537806315
    ],
    "tr_loss": [
        0.6845392704010009,
        0.6840795040130615,
        0.6837652623653412,
        0.6833116412162781,
        0.682922750711441,
        0.6825070321559906,
        0.682081425189972,
        0.6816262602806091,
        0.6812257945537568,
        0.6808409869670868,
        0.6803812980651855,
        0.6799734532833099,
        0.6796129822731019,
        0.6791390120983124,
        0.6787603259086609,
        0.6783610701560974,
        0.6779153406620025,
        0.6776081681251526
    ],
    "tr_times": 0.2142486572265625,
    "ev_times": 0.0003407001495361328,
    "test_times": 0.0003895759582519531,
    "param_total_size": 2773100,
    "param_total_count": 693266,
    "model_size": 3056029
}