{
    "args": {
        "model": "tv7.1",
        "output": "finetune_outputs/openml-0.8/tv7.1-tuned/29",
        "dataset": "29",
        "task": "openml",
        "batch_size": 64,
        "early_stop": 16,
        "reduce_data": 0.8
    },
    "device": "NVIDIA GeForce RTX 3090",
    "best_eval_score": 0.9074074074074074,
    "final_test_score": 0.8562635281385281,
    "ev_metric": [
        0.8888888888888888,
        0.9074074074074073,
        0.8981481481481481,
        0.8981481481481481,
        0.8981481481481481,
        0.8981481481481481,
        0.9074074074074074,
        0.8796296296296297,
        0.8796296296296297,
        0.8888888888888888,
        0.8888888888888888,
        0.8888888888888888,
        0.8888888888888888,
        0.8888888888888888,
        0.8888888888888888,
        0.8888888888888888,
        0.8888888888888888,
        0.8888888888888888,
        0.8888888888888888,
        0.8888888888888888,
        0.9074074074074074,
        0.9074074074074074,
        0.9074074074074074
    ],
    "test_metric": [
        0.8131764069264068,
        0.8300865800865801,
        0.8388798701298701,
        0.8452380952380952,
        0.8491612554112554,
        0.8528814935064936,
        0.8562635281385281,
        0.8584280303030304,
        0.8612689393939396,
        0.8597808441558441,
        0.8591044372294371,
        0.8589691558441558,
        0.8574810606060607,
        0.8582927489177489,
        0.8589015151515152,
        0.8589015151515151,
        0.856737012987013,
        0.8571428571428572,
        0.8551136363636364,
        0.8540313852813853,
        0.8547077922077922,
        0.8548430735930737,
        0.8559253246753247
    ],
    "tr_loss": [
        0.6499017477035522,
        0.6421456634998322,
        0.6275559067726135,
        0.6114372313022614,
        0.6129598319530487,
        0.5984961688518524,
        0.5885993540287018,
        0.59879931807518,
        0.5701311826705933,
        0.5472397804260254,
        0.564915120601654,
        0.5463947057723999,
        0.536786824464798,
        0.5256606340408325,
        0.5244661271572113,
        0.513385683298111,
        0.5147489905357361,
        0.5229701101779938,
        0.5071482360363007,
        0.5171454846858978,
        0.4949369579553604,
        0.512416273355484,
        0.5156824290752411
    ],
    "tr_times": 0.06269550323486328,
    "ev_times": 0.00019979476928710938,
    "test_times": 0.0002129077911376953,
    "param_total_size": 412036,
    "param_total_count": 103000,
    "model_size": 426717
}