{
    "args": {
        "model": "xgboost",
        "output": "finetune_outputs/binclass-0.8/xgboost-tuned/train_0406_visualizing_environmental",
        "dataset": "train_0406_visualizing_environmental",
        "task": "binclass",
        "reduce_data": 0.8
    },
    "device": "NVIDIA GeForce RTX 3090",
    "configs": {
        "metric": "roc_auc",
        "eval_score": 0.75,
        "n_trial": 10,
        "dataset": "train_0406_visualizing_environmental",
        "model": {
            "booster": "gbtree",
            "n_estimators": 2000,
            "n_jobs": -1,
            "tree_method": "hist",
            "alpha": 1.6118506347307564e-08,
            "colsample_bylevel": 0.6947224197754063,
            "colsample_bytree": 0.6439302211382238,
            "gamma": 1.2152154018583871e-08,
            "lambda": 1.128349408510673e-08,
            "learning_rate": 0.0010267405080634133,
            "max_depth": 5,
            "min_child_weight": 2.5067127632870987e-05,
            "subsample": 0.5068399459280001
        },
        "training": {
            "early_stopping_rounds": 20,
            "verbose": false,
            "eval_metric": "error"
        }
    },
    "best_eval_score": 0.75,
    "final_test_score": 0.43939393939393934,
    "tr_times": 0.01716327667236328,
    "ev_times": 0.0001621246337890625,
    "test_times": 0.00013065338134765625,
    "param_total_size": 0,
    "param_total_count": 0,
    "model_size": 20759
}