{
    "args": {
        "model": "mlp",
        "output": "finetune_outputs/binclass-0.8/mlp-tuned/audit_data",
        "dataset": "audit_data",
        "task": "binclass",
        "batch_size": 64,
        "early_stop": 16,
        "reduce_data": 0.8
    },
    "device": "NVIDIA GeForce RTX 3090",
    "best_eval_score": 1.0,
    "final_test_score": 0.9972389991371872,
    "ev_metric": [
        0.9866666666666667,
        0.9866666666666667,
        0.9866666666666667,
        0.9866666666666667,
        0.9933333333333334,
        0.9933333333333334,
        0.9933333333333334,
        0.9933333333333334,
        1.0,
        1.0,
        1.0,
        1.0,
        1.0,
        1.0,
        1.0,
        1.0,
        1.0,
        1.0,
        1.0,
        1.0,
        0.9933333333333334,
        0.9933333333333334,
        0.9933333333333334,
        0.9866666666666667,
        0.9866666666666667
    ],
    "test_metric": [
        0.9903364969801554,
        0.9917169974115617,
        0.9926660914581537,
        0.994995685936152,
        0.9967213114754099,
        0.9981018119068161,
        0.9975841242450387,
        0.997411561691113,
        0.9972389991371872,
        0.9979292493528904,
        0.9989646246764452,
        0.999137187230371,
        0.9984469370146678,
        0.9967213114754098,
        0.9972389991371872,
        0.9981018119068161,
        0.9986194995685936,
        0.9977566867989647,
        0.9975841242450388,
        0.9981018119068161,
        0.9989646246764452,
        0.999137187230371,
        0.9989646246764453,
        0.9981018119068161,
        0.9968938740293356
    ],
    "tr_loss": [
        0.6997125744819641,
        0.6971526741981506,
        0.6948541104793549,
        0.6933643519878387,
        0.6868216693401337,
        0.6827639639377594,
        0.6579933166503906,
        0.6143936216831207,
        0.47510334849357605,
        0.37950657308101654,
        0.3629964590072632,
        0.3254086822271347,
        0.31322646141052246,
        0.2873764634132385,
        0.28143973648548126,
        0.2636476457118988,
        0.26931391656398773,
        0.25547094643116,
        0.2585003823041916,
        0.23608200997114182,
        0.14843090996146202,
        0.09042182937264442,
        0.054005859419703484,
        0.047052692621946335,
        0.0059106743428856134
    ],
    "tr_times": 0.3805065155029297,
    "ev_times": 0.00020885467529296875,
    "test_times": 0.00021505355834960938,
    "param_total_size": 7295820,
    "param_total_count": 1823952,
    "model_size": 7304659
}