{
    "args": {
        "model": "tv7.3",
        "output": "finetune_outputs/binclass-0.8/tv7.3-tuned/train_0948_Ishwar",
        "dataset": "train_0948_Ishwar",
        "task": "binclass",
        "batch_size": 64,
        "early_stop": 16,
        "reduce_data": 0.8
    },
    "device": "NVIDIA GeForce RTX 3090",
    "best_eval_score": 0.9308510638297873,
    "final_test_score": 0.9367663850194109,
    "ev_metric": [
        0.9299645390070923,
        0.9308510638297873,
        0.9308510638297873,
        0.9308510638297873,
        0.9281914893617023,
        0.9255319148936171,
        0.9228723404255319,
        0.9210992907801419,
        0.9193262411347518,
        0.9193262411347518,
        0.9193262411347518,
        0.9193262411347518,
        0.9193262411347518,
        0.9202127659574468,
        0.9219858156028369,
        0.9219858156028369,
        0.9228723404255319,
        0.9228723404255319
    ],
    "test_metric": [
        0.9366065311715004,
        0.9367663850194109,
        0.936675039963462,
        0.9367435487554236,
        0.9364923498515643,
        0.9357387531399863,
        0.9351906828042933,
        0.9345969399406258,
        0.9348481388444851,
        0.9350308289563828,
        0.9343685773007536,
        0.9338433432290478,
        0.9335693080612013,
        0.9341858871888561,
        0.9347796300525234,
        0.9348938113724594,
        0.9357844256679608,
        0.9366978762274493
    ],
    "tr_loss": [
        0.6503858923912048,
        0.646405029296875,
        0.6438068509101867,
        0.6367579102516174,
        0.6344962835311889,
        0.6302736639976502,
        0.6258314847946167,
        0.6227930903434753,
        0.620346975326538,
        0.6148690581321716,
        0.6110969424247742,
        0.6086427807807923,
        0.6045168280601502,
        0.6005630850791931,
        0.5972122430801392,
        0.5950083374977112,
        0.5944860339164734,
        0.5888821482658386
    ],
    "tr_times": 6.81092643737793,
    "ev_times": 0.00021600723266601562,
    "test_times": 0.0003509521484375,
    "param_total_size": 156292,
    "param_total_count": 39073,
    "model_size": 219743
}