{
    "metric": "roc_auc",
    "eval_score": 0.7665024630541872,
    "n_trial": 79,
    "dataset": "train_2389_airlines_seed_0_nrows_2000_nclasses_10_ncols_100_stratify_True",
    "model": {
        "attention_dropout": 0.12486506222077631,
        "d_ffn_factor": 1.123636642700943,
        "d_token": 72,
        "ffn_dropout": 0.19351237591440962,
        "n_blocks": 1,
        "residual_dropout": 0.4695564673367327
    },
    "training": {
        "batch_size": 64,
        "eval_batch_size": 128,
        "optimizer": "adamw",
        "lr": 0.00022322956935565312,
        "weight_decay": 0.0006061445636690833
    }
}