{
    "args": {
        "model": "mlp",
        "output": "finetune_outputs/binclass-0.8/mlp-tuned/new_model",
        "dataset": "new_model",
        "task": "binclass",
        "batch_size": 64,
        "early_stop": 16,
        "reduce_data": 0.8
    },
    "device": "NVIDIA GeForce RTX 3090",
    "best_eval_score": 1.0,
    "final_test_score": 0.9846666666666667,
    "ev_metric": [
        0.9750000000000001,
        0.9750000000000001,
        0.9750000000000001,
        0.9750000000000001,
        1.0,
        1.0,
        1.0,
        1.0,
        1.0,
        1.0,
        1.0,
        1.0,
        1.0,
        1.0,
        1.0,
        1.0,
        1.0,
        1.0,
        1.0,
        1.0,
        1.0
    ],
    "test_metric": [
        0.9526666666666667,
        0.9753333333333334,
        0.9806666666666667,
        0.9826666666666666,
        0.9846666666666667,
        0.9853333333333334,
        0.9866666666666667,
        0.9893333333333333,
        0.9893333333333333,
        0.99,
        0.99,
        0.99,
        0.99,
        0.99,
        0.99,
        0.99,
        0.99,
        0.9893333333333334,
        0.9886666666666668,
        0.9886666666666668,
        0.9886666666666668
    ],
    "tr_loss": [
        0.750030517578125,
        0.6135882139205933,
        0.5309036374092102,
        0.46435976028442383,
        0.40954509377479553,
        0.37296566367149353,
        0.3428584933280945,
        0.30755186080932617,
        0.2835404574871063,
        0.2508295476436615,
        0.2338525801897049,
        0.20063918828964233,
        0.18326374888420105,
        0.16718430817127228,
        0.14957217872142792,
        0.14854572713375092,
        0.13733765482902527,
        0.1315334290266037,
        0.12260977923870087,
        0.11609440296888351,
        0.1058625802397728
    ],
    "tr_times": 0.3105762004852295,
    "ev_times": 7.796287536621094e-05,
    "test_times": 7.915496826171875e-05,
    "param_total_size": 13804,
    "param_total_count": 3451,
    "model_size": 16235
}