{
    "args": {
        "model": "tv7.3",
        "output": "finetune_outputs/openml-0.8/tv7.3-tuned/1485",
        "dataset": "1485",
        "task": "openml",
        "batch_size": 64,
        "early_stop": 16,
        "reduce_data": 0.8
    },
    "device": "NVIDIA GeForce RTX 3090",
    "best_eval_score": 0.4930966469428008,
    "final_test_score": 0.502589349112426,
    "ev_metric": [
        0.4930966469428008,
        0.48520710059171596,
        0.4799474030243261,
        0.4773175542406311,
        0.4707429322813938,
        0.465483234714004,
        0.4635108481262327,
        0.460223537146614,
        0.45759368836291914,
        0.4483892176199869,
        0.44115713346482577,
        0.4352399737015122,
        0.4345825115055884,
        0.4319526627218935,
        0.4339250493096647,
        0.440499671268902,
        0.440499671268902
    ],
    "test_metric": [
        0.502589349112426,
        0.5013396449704142,
        0.501491124260355,
        0.5006201183431952,
        0.4996402366863905,
        0.5004260355029586,
        0.5010603550295858,
        0.501396449704142,
        0.5020591715976331,
        0.5032426035502958,
        0.5041278106508875,
        0.505126627218935,
        0.5056284023668639,
        0.5062674556213018,
        0.5069491124260355,
        0.5078248520710059,
        0.5082603550295858
    ],
    "tr_loss": [
        0.6871610283851624,
        0.6845018863677979,
        0.6812335252761841,
        0.6773273229599,
        0.6728508949279786,
        0.6676846265792846,
        0.6619655132293701,
        0.6556711673736573,
        0.6489757776260376,
        0.641948938369751,
        0.6345713257789611,
        0.6273918271064758,
        0.6201164722442627,
        0.613031530380249,
        0.6059372305870057,
        0.5994220852851868,
        0.5929402589797974
    ],
    "tr_times": 0.09283280372619629,
    "ev_times": 0.000255584716796875,
    "test_times": 0.0005321502685546875,
    "param_total_size": 560852,
    "param_total_count": 140213,
    "model_size": 590367
}