{
    "args": {
        "output": "finetune_outputs/binclass-0.8/ftt-tuned/train_0437_quake",
        "dataset": "train_0437_quake",
        "task": "binclass",
        "batch_size": 64,
        "early_stop": 16,
        "reduce_data": 0.8
    },
    "device": "NVIDIA GeForce RTX 3090",
    "best_eval_score": 0.6418527708850289,
    "final_test_score": 0.5596404532674448,
    "ev_metric": [
        0.3821339950372209,
        0.3879239040529363,
        0.42183622828784123,
        0.4871794871794871,
        0.5368072787427627,
        0.5632754342431762,
        0.607940446650124,
        0.6112489660876756,
        0.607940446650124,
        0.6236559139784946,
        0.6277915632754342,
        0.6344086021505376,
        0.6418527708850289,
        0.6393713813068652,
        0.6335814722911497,
        0.6311000827129859,
        0.6311000827129859,
        0.6294458229942101,
        0.6335814722911498,
        0.6360628618693135,
        0.631100082712986,
        0.6319272125723739,
        0.6302729528535981,
        0.6253101736972705,
        0.6277915632754343,
        0.6269644334160462,
        0.6186931348221671,
        0.6153846153846154,
        0.6112489660876758
    ],
    "test_metric": [
        0.47363039959103687,
        0.48802930902274855,
        0.5173596319332027,
        0.547733662775837,
        0.5545497145778309,
        0.5605883104711596,
        0.5659879015080514,
        0.5640495867768596,
        0.5642199880719094,
        0.5631549799778479,
        0.5602368578001192,
        0.5576382380506092,
        0.5596404532674448,
        0.5606415608758626,
        0.5603433586095254,
        0.5621432222884893,
        0.5623881741501235,
        0.559832154724376,
        0.5578725398313027,
        0.5559981255857545,
        0.5532291045411946,
        0.5526966004941638,
        0.5513546902956462,
        0.5504174831728721,
        0.5520788957996081,
        0.553378205674363,
        0.5536764079407003,
        0.5521853966090142,
        0.5522705972565392
    ],
    "tr_loss": [
        0.7013949394226074,
        0.6818477630615234,
        0.6894686102867127,
        0.7085559725761413,
        0.6821151375770569,
        0.6764524936676025,
        0.7061067223548889,
        0.6938763737678528,
        0.707155704498291,
        0.6958374857902527,
        0.6903406381607056,
        0.6911472797393798,
        0.7073033571243286,
        0.6929014325141907,
        0.7103331446647644,
        0.6899047255516052,
        0.6838589787483216,
        0.6828624963760376,
        0.6962152361869812,
        0.6789842486381531,
        0.6845883250236511,
        0.6875503778457641,
        0.687732744216919,
        0.6893373966217041,
        0.6966417908668519,
        0.6865298390388489,
        0.6951302051544189,
        0.7037680983543396,
        0.6918336749076843
    ],
    "tr_times": 0.7807366847991943,
    "ev_times": 0.0004878044128417969,
    "test_times": 0.0005991458892822266,
    "param_total_size": 668420,
    "param_total_count": 167105,
    "model_size": 687172
}