{
    "args": {
        "model": "tv7.3",
        "output": "finetune_outputs/binclass-0.8/tv7.3-tuned/train_0124_analcatdata_impeach",
        "dataset": "train_0124_analcatdata_impeach",
        "task": "binclass",
        "batch_size": 64,
        "early_stop": 16,
        "reduce_data": 0.8
    },
    "device": "NVIDIA GeForce RTX 3090",
    "best_eval_score": 0.6666666666666667,
    "final_test_score": 0.8541666666666666,
    "ev_metric": [
        0.6666666666666667,
        0.6666666666666667,
        0.6666666666666667,
        0.6666666666666667,
        0.6666666666666667,
        0.6666666666666667,
        0.6666666666666667,
        0.6666666666666667,
        0.6666666666666667,
        0.6666666666666667,
        0.6666666666666667,
        0.6666666666666667,
        0.6666666666666667,
        0.6666666666666667,
        0.6666666666666667,
        0.6666666666666667,
        0.6666666666666667
    ],
    "test_metric": [
        0.8541666666666666,
        0.8541666666666666,
        0.8541666666666666,
        0.8541666666666666,
        0.8541666666666666,
        0.8541666666666666,
        0.8541666666666666,
        0.8541666666666666,
        0.8541666666666666,
        0.8541666666666666,
        0.8541666666666666,
        0.8541666666666666,
        0.8541666666666666,
        0.8541666666666666,
        0.8541666666666666,
        0.8541666666666666,
        0.8541666666666666
    ],
    "tr_loss": [
        0.6776586174964905,
        0.6776409149169922,
        0.6776230335235596,
        0.6776052117347717,
        0.6775873899459839,
        0.6775696277618408,
        0.6775518655776978,
        0.6775339841842651,
        0.6775161623954773,
        0.6774984002113342,
        0.6774805784225464,
        0.6774626970291138,
        0.6774448752403259,
        0.6774271130561829,
        0.6774092316627502,
        0.6773914098739624,
        0.6773735880851746
    ],
    "tr_times": 1.3432278633117676,
    "ev_times": 0.00018787384033203125,
    "test_times": 0.000225067138671875,
    "param_total_size": 35956,
    "param_total_count": 8989,
    "model_size": 50719
}