{
    "args": {
        "output": "finetune_outputs/binclass-0.8/ftt-tuned/train_2622_sf-police-incidents_seed_3_nrows_2000_nclasses_10_ncols_100_stratify_True",
        "dataset": "train_2622_sf-police-incidents_seed_3_nrows_2000_nclasses_10_ncols_100_stratify_True",
        "task": "binclass",
        "batch_size": 64,
        "early_stop": 16,
        "reduce_data": 0.8
    },
    "device": "NVIDIA GeForce RTX 3090",
    "best_eval_score": 0.6138392857142857,
    "final_test_score": 0.5339845339845339,
    "ev_metric": [
        0.47767857142857145,
        0.4196428571428571,
        0.39285714285714285,
        0.5881696428571428,
        0.6138392857142857,
        0.5915178571428572,
        0.5669642857142857,
        0.5357142857142857,
        0.5133928571428572,
        0.5200892857142857,
        0.5245535714285714,
        0.5223214285714286,
        0.5111607142857142,
        0.5066964285714286,
        0.5044642857142857,
        0.5022321428571429,
        0.5022321428571428,
        0.49776785714285715,
        0.5044642857142857,
        0.5066964285714286,
        0.5089285714285714
    ],
    "test_metric": [
        0.42624571195999766,
        0.4700273271701843,
        0.4977614977614977,
        0.5111925111925112,
        0.5339845339845339,
        0.5515436944008373,
        0.5615442758299901,
        0.5714285714285714,
        0.5733472876330019,
        0.5743938601081459,
        0.5766032908890052,
        0.5767777196348625,
        0.57846386417815,
        0.5796267224838654,
        0.5807314378742949,
        0.5806732949590092,
        0.5810221524507239,
        0.5814872957730101,
        0.5823012965870108,
        0.5831734403162975,
        0.5841618698761556
    ],
    "tr_loss": [
        0.6051876470446587,
        0.4249465689063072,
        0.37789302319288254,
        0.3701312839984894,
        0.37321432679891586,
        0.37200648337602615,
        0.37027041614055634,
        0.37110666185617447,
        0.3691713884472847,
        0.35903216898441315,
        0.3648454248905182,
        0.36481916904449463,
        0.3616580665111542,
        0.3589165657758713,
        0.35613442212343216,
        0.3505502939224243,
        0.35194870084524155,
        0.34796997904777527,
        0.34844566136598587,
        0.35310471057891846,
        0.3431474044919014
    ],
    "tr_times": 0.48090672492980957,
    "ev_times": 0.00033020973205566406,
    "test_times": 0.00038743019104003906,
    "param_total_size": 563148,
    "param_total_count": 140784,
    "model_size": 576081
}