{
    "args": {
        "output": "finetune_outputs/openml-0.8/ftt-tuned/1067",
        "dataset": "1067",
        "task": "openml",
        "batch_size": 64,
        "early_stop": 16,
        "reduce_data": 0.8
    },
    "device": "NVIDIA GeForce RTX 3090",
    "best_eval_score": 0.8185185185185185,
    "final_test_score": 0.7918011046702396,
    "ev_metric": [
        0.22777777777777783,
        0.5018518518518519,
        0.4851851851851852,
        0.5240740740740741,
        0.5962962962962963,
        0.7555555555555555,
        0.7870370370370371,
        0.7851851851851852,
        0.7907407407407407,
        0.7907407407407407,
        0.8111111111111111,
        0.8148148148148148,
        0.8129629629629629,
        0.8185185185185185,
        0.8018518518518518,
        0.8111111111111111,
        0.8166666666666667,
        0.8166666666666667,
        0.8148148148148148,
        0.8166666666666667,
        0.8166666666666667,
        0.8148148148148149,
        0.8148148148148149,
        0.8185185185185185,
        0.8185185185185185,
        0.8166666666666667,
        0.8148148148148148,
        0.812962962962963,
        0.8166666666666667,
        0.8185185185185185
    ],
    "test_metric": [
        0.22108443618068468,
        0.4089057202231215,
        0.44896368806737397,
        0.600377337854096,
        0.6527944875861313,
        0.7307639724379307,
        0.7859086186153341,
        0.7895111013890407,
        0.7873714863830253,
        0.783269987968938,
        0.7837211527944876,
        0.7879456961609974,
        0.7880824127748004,
        0.7918011046702396,
        0.7923001203106201,
        0.7919446571147326,
        0.7915550147653944,
        0.7925462102154655,
        0.7914319698129717,
        0.7916917313791971,
        0.7921360603740567,
        0.7917532538554084,
        0.7918421196543803,
        0.7925393743847753,
        0.792812807612381,
        0.7930999125013672,
        0.7930042108717051,
        0.7925051952313246,
        0.792532538554085,
        0.7928880017499726
    ],
    "tr_loss": [
        0.5026888400316238,
        0.45426927506923676,
        0.4323757365345955,
        0.43092692643404007,
        0.43337300419807434,
        0.42540814727544785,
        0.4404156431555748,
        0.43220973014831543,
        0.4282880946993828,
        0.43148378282785416,
        0.43319517374038696,
        0.4223061054944992,
        0.4272609278559685,
        0.4226016700267792,
        0.42869341373443604,
        0.4296676442027092,
        0.4211198464035988,
        0.42401552200317383,
        0.42475373297929764,
        0.417796291410923,
        0.424433171749115,
        0.423196904361248,
        0.41769708693027496,
        0.4228370189666748,
        0.41354696452617645,
        0.40788111835718155,
        0.4095751494169235,
        0.40701041370630264,
        0.40577442944049835,
        0.3929224833846092
    ],
    "tr_times": 0.7100903987884521,
    "ev_times": 0.000545501708984375,
    "test_times": 0.0011403560638427734,
    "param_total_size": 1189764,
    "param_total_count": 297441,
    "model_size": 1208516
}