{
    "args": {
        "model": "tv7.3",
        "output": "finetune_outputs/binclass-0.8/tv7.3-tuned/train_2620_sf-police-incidents_seed_1_nrows_2000_nclasses_10_ncols_100_stratify_True",
        "dataset": "train_2620_sf-police-incidents_seed_1_nrows_2000_nclasses_10_ncols_100_stratify_True",
        "task": "binclass",
        "batch_size": 64,
        "early_stop": 16,
        "reduce_data": 0.8
    },
    "device": "NVIDIA GeForce RTX 3090",
    "best_eval_score": 0.4754464285714286,
    "final_test_score": 0.5177045177045178,
    "ev_metric": [
        0.4754464285714286,
        0.4754464285714286,
        0.4754464285714286,
        0.4754464285714286,
        0.4754464285714286,
        0.4754464285714286,
        0.4754464285714286,
        0.4754464285714286,
        0.4754464285714286,
        0.4754464285714286,
        0.4754464285714286,
        0.4754464285714286,
        0.4754464285714286,
        0.4754464285714286,
        0.4754464285714286,
        0.4754464285714286,
        0.4754464285714286
    ],
    "test_metric": [
        0.5177045177045178,
        0.5176463747892319,
        0.5175300889586604,
        0.5175300889586605,
        0.5174719460433747,
        0.5174138031280888,
        0.517355660212803,
        0.5174719460433745,
        0.5174719460433745,
        0.5174719460433745,
        0.517355660212803,
        0.5174719460433745,
        0.5175300889586604,
        0.5174719460433745,
        0.5174719460433745,
        0.5174719460433745,
        0.5175882318739461
    ],
    "tr_loss": [
        0.7020421624183655,
        0.7020340859889984,
        0.7020265609025955,
        0.7020187973976135,
        0.7020110338926315,
        0.7020035684108734,
        0.7019957005977631,
        0.7019878327846527,
        0.7019801884889603,
        0.7019724398851395,
        0.7019647359848022,
        0.7019573003053665,
        0.7019494473934174,
        0.7019419223070145,
        0.7019341140985489,
        0.7019261568784714,
        0.7019187062978745
    ],
    "tr_times": 0.6679637432098389,
    "ev_times": 0.00018644332885742188,
    "test_times": 0.00021529197692871094,
    "param_total_size": 39924,
    "param_total_count": 9981,
    "model_size": 61919
}