{
    "args": {
        "model": "mlp",
        "output": "finetune_outputs/binclass-0.8/mlp-tuned/train_1458_kdd_ipums_la_97-small",
        "dataset": "train_1458_kdd_ipums_la_97-small",
        "task": "binclass",
        "batch_size": 64,
        "early_stop": 16,
        "reduce_data": 0.8
    },
    "device": "NVIDIA GeForce RTX 3090",
    "best_eval_score": 0.926985048628248,
    "final_test_score": 0.9306024257409201,
    "ev_metric": [
        0.8737117143271883,
        0.899840325156046,
        0.9192916243286399,
        0.926985048628248,
        0.9191464653795907,
        0.918710988532443,
        0.9243721875453621,
        0.9095659747423428,
        0.9192916243286399,
        0.9252431412396573,
        0.9208883727681811,
        0.912469153723327,
        0.9163884453476557,
        0.9171142400929018,
        0.9266947307301495,
        0.9195819422267384,
        0.9248076643925098,
        0.9133401074176223,
        0.8920017419073885,
        0.8634054289446944
    ],
    "test_metric": [
        0.8533640727499527,
        0.9017935038851207,
        0.9255274520067864,
        0.9306024257409201,
        0.9103136682741748,
        0.9285921124438951,
        0.9248851912489188,
        0.9258430136508256,
        0.9235152824647963,
        0.9322674774744673,
        0.9335130178459391,
        0.9299304650636135,
        0.9295666410504861,
        0.9248963287187084,
        0.9187818578042107,
        0.9277252460452701,
        0.9300269898017901,
        0.9278681769075701,
        0.9217592747279674,
        0.8496181704107129
    ],
    "tr_loss": [
        0.76261967420578,
        0.5327532995830883,
        0.34335263615304773,
        0.3630329803986983,
        0.2972469966519963,
        0.2846169105984948,
        0.3491476801308719,
        0.27642095630819147,
        0.4196676151318984,
        0.35992093113335694,
        0.30825443023985083,
        0.31521988998759876,
        0.3154390955513174,
        0.29562777416272595,
        0.30936497991735284,
        0.3416275680065155,
        0.3436752381649884,
        0.3660666292363947,
        0.4266670576550744,
        0.6148428998210214
    ],
    "tr_times": 0.6346204280853271,
    "ev_times": 0.00020360946655273438,
    "test_times": 0.0005085468292236328,
    "param_total_size": 4479660,
    "param_total_count": 1119912,
    "model_size": 4487063
}