{
    "args": {
        "model": "mlp",
        "output": "finetune_outputs/binclass-0.8/mlp-tuned/train_2622_sf-police-incidents_seed_3_nrows_2000_nclasses_10_ncols_100_stratify_True",
        "dataset": "train_2622_sf-police-incidents_seed_3_nrows_2000_nclasses_10_ncols_100_stratify_True",
        "task": "binclass",
        "batch_size": 64,
        "early_stop": 16,
        "reduce_data": 0.8
    },
    "device": "NVIDIA GeForce RTX 3090",
    "best_eval_score": 0.6808035714285714,
    "final_test_score": 0.3864178149892436,
    "ev_metric": [
        0.6540178571428571,
        0.6584821428571429,
        0.6607142857142857,
        0.6696428571428571,
        0.6808035714285714,
        0.6618303571428571,
        0.6361607142857143,
        0.65625,
        0.6674107142857142,
        0.6584821428571429,
        0.6595982142857143,
        0.65625,
        0.6506696428571429,
        0.6573660714285714,
        0.6517857142857143,
        0.6395089285714286,
        0.6484375,
        0.6529017857142857,
        0.6517857142857143,
        0.6294642857142857,
        0.6183035714285714
    ],
    "test_metric": [
        0.44476423047851615,
        0.4300540729112157,
        0.4124658410372696,
        0.3871446014303157,
        0.3864178149892436,
        0.3780743066457352,
        0.37551601837316123,
        0.36819001104715393,
        0.3725798011512297,
        0.37853944996802136,
        0.3828420256991686,
        0.38720274434560153,
        0.384004884004884,
        0.38711552997267284,
        0.3881621024478168,
        0.3881911739054596,
        0.39266817838246404,
        0.39272632129774987,
        0.39211582068724926,
        0.398046398046398,
        0.3994127565556136
    ],
    "tr_loss": [
        0.7020052820444107,
        0.699732169508934,
        0.6998741328716278,
        0.6985236704349518,
        0.698127269744873,
        0.6972702592611313,
        0.6963713765144348,
        0.6958477944135666,
        0.694778710603714,
        0.6935574263334274,
        0.693742424249649,
        0.6920758187770844,
        0.691461443901062,
        0.6900903135538101,
        0.6894820630550385,
        0.6886850744485855,
        0.6882370710372925,
        0.6869982928037643,
        0.6862918138504028,
        0.6858696639537811,
        0.6853648573160172
    ],
    "tr_times": 0.42330336570739746,
    "ev_times": 0.0002276897430419922,
    "test_times": 0.0002357959747314453,
    "param_total_size": 1611952,
    "param_total_count": 402985,
    "model_size": 1620819
}