{
    "metric": "roc_auc",
    "eval_score": 0.9904347826086957,
    "n_trial": 88,
    "dataset": "3",
    "model": {
        "booster": "gbtree",
        "n_estimators": 2000,
        "n_jobs": -1,
        "tree_method": "hist",
        "alpha": 0.15847313258300563,
        "colsample_bylevel": 0.7826840589729922,
        "colsample_bytree": 0.9878363287317508,
        "gamma": 2.3886238380360734e-05,
        "lambda": 3.2688041952733493e-07,
        "learning_rate": 0.6525341861735294,
        "max_depth": 4,
        "min_child_weight": 0.00010544685661820338,
        "subsample": 0.7403866206894776
    },
    "training": {
        "early_stopping_rounds": 20,
        "verbose": false
    }
}