{
    "args": {
        "output": "finetune_outputs/binclass-0.0/ftt-tuned/train_2306_electricity_seed_2_nrows_2000_nclasses_10_ncols_100_stratify_True",
        "dataset": "train_2306_electricity_seed_2_nrows_2000_nclasses_10_ncols_100_stratify_True",
        "task": "binclass",
        "batch_size": 64,
        "early_stop": 16,
        "reduce_data": 0.0
    },
    "device": "NVIDIA GeForce RTX 3090",
    "best_eval_score": 0.9007421875,
    "final_test_score": 0.86125,
    "ev_metric": [
        0.855390625,
        0.86328125,
        0.883671875,
        0.8786328125,
        0.8898828125,
        0.8978125,
        0.8831640624999999,
        0.89,
        0.891015625,
        0.8955078125,
        0.896796875,
        0.894296875,
        0.8815625,
        0.9007421875,
        0.8922265625,
        0.8928125,
        0.8758984375,
        0.894296875,
        0.86328125,
        0.8879296875,
        0.891171875,
        0.8691796875,
        0.8738671874999999,
        0.8872265625000001,
        0.8874609375,
        0.8801953124999999,
        0.8742578125,
        0.8835546875,
        0.86546875,
        0.8490625
    ],
    "test_metric": [
        0.8246,
        0.8549,
        0.85965,
        0.8315,
        0.868975,
        0.8611249999999999,
        0.863275,
        0.8617,
        0.86275,
        0.8603,
        0.86295,
        0.863275,
        0.87965,
        0.86125,
        0.8672500000000001,
        0.8738,
        0.847725,
        0.8541000000000001,
        0.8597749999999998,
        0.8489500000000001,
        0.8630249999999999,
        0.8595,
        0.8537,
        0.863225,
        0.85175,
        0.8653,
        0.8684499999999999,
        0.8608999999999999,
        0.85115,
        0.849875
    ],
    "tr_loss": [
        0.5673491299152374,
        0.49138997197151185,
        0.48096469044685364,
        0.4753363788127899,
        0.45792902261018753,
        0.438069099187851,
        0.4274336576461792,
        0.43163751512765886,
        0.42213927060365675,
        0.41067704260349275,
        0.4109123557806015,
        0.4020659178495407,
        0.4034069016575813,
        0.3998166352510452,
        0.39280534982681276,
        0.3905677855014801,
        0.37768388986587526,
        0.37651283890008924,
        0.3835123315453529,
        0.3692117527127266,
        0.3841258466243744,
        0.35387539863586426,
        0.3418007493019104,
        0.34158218577504157,
        0.32709274888038636,
        0.33350481241941454,
        0.3228749118745327,
        0.317367872595787,
        0.30004703104496,
        0.30040344446897504
    ]
}