{
    "args": {
        "model": "tv7.2",
        "output": "finetune_outputs/binclass-0.8/tv7.2-tuned/train_0526_colleges_aaup",
        "dataset": "train_0526_colleges_aaup",
        "task": "binclass",
        "batch_size": 64,
        "early_stop": 16,
        "reduce_data": 0.8
    },
    "device": "NVIDIA GeForce RTX 3090",
    "best_eval_score": 1.0,
    "final_test_score": 0.9630587204206835,
    "ev_metric": [
        1.0,
        1.0,
        1.0,
        1.0,
        1.0,
        1.0,
        1.0,
        1.0,
        1.0,
        1.0,
        1.0,
        1.0,
        1.0,
        1.0,
        1.0,
        1.0,
        1.0
    ],
    "test_metric": [
        0.9630587204206835,
        0.963102541630149,
        0.9631901840490797,
        0.9632778264680105,
        0.9631901840490797,
        0.9636283961437335,
        0.9636283961437335,
        0.9636283961437335,
        0.9637160385626644,
        0.9643295354951797,
        0.9644171779141104,
        0.9645048203330413,
        0.964592462751972,
        0.9645048203330412,
        0.9647677475898335,
        0.9648553900087643,
        0.9647677475898335
    ],
    "tr_loss": [
        0.6502843697865804,
        0.6427814364433289,
        0.6402418812115988,
        0.6399429043134054,
        0.6385228236516317,
        0.6382997234662374,
        0.6400998036066691,
        0.6342480381329855,
        0.6389315724372864,
        0.635800282160441,
        0.6368644833564758,
        0.6323837240537008,
        0.6300531029701233,
        0.6306901772816976,
        0.6276049415270487,
        0.6280582149823507,
        0.6268480817476908
    ],
    "tr_times": 6.00144362449646,
    "ev_times": 0.00021123886108398438,
    "test_times": 0.00027489662170410156,
    "param_total_size": 547928,
    "param_total_count": 136981,
    "model_size": 691293
}