{
    "args": {
        "model": "tv7.3",
        "output": "finetune_outputs/binclass-0.8/tv7.3-tuned/new_model",
        "dataset": "new_model",
        "task": "binclass",
        "batch_size": 64,
        "early_stop": 16,
        "reduce_data": 0.8
    },
    "device": "NVIDIA GeForce RTX 3090",
    "best_eval_score": 1.0,
    "final_test_score": 0.9646666666666668,
    "ev_metric": [
        1.0,
        1.0,
        1.0,
        1.0,
        1.0,
        1.0,
        1.0,
        1.0,
        1.0,
        1.0,
        1.0,
        1.0,
        1.0,
        1.0,
        1.0,
        1.0,
        1.0
    ],
    "test_metric": [
        0.9646666666666668,
        0.9646666666666668,
        0.9646666666666668,
        0.9646666666666668,
        0.9646666666666668,
        0.9646666666666668,
        0.9646666666666668,
        0.9646666666666668,
        0.9646666666666668,
        0.9646666666666668,
        0.9646666666666668,
        0.9646666666666668,
        0.9646666666666668,
        0.9646666666666668,
        0.9646666666666668,
        0.9646666666666668,
        0.9646666666666668
    ],
    "tr_loss": [
        0.6597998142242432,
        0.6597256660461426,
        0.6596514582633972,
        0.6595772504806519,
        0.6595030426979065,
        0.6594287753105164,
        0.6593543887138367,
        0.659280002117157,
        0.6592054963111877,
        0.6591310501098633,
        0.6590563654899597,
        0.6589818596839905,
        0.6589072346687317,
        0.6588324904441833,
        0.6587578654289246,
        0.6586831212043762,
        0.6586083173751831
    ],
    "tr_times": 1.2545692920684814,
    "ev_times": 0.00019049644470214844,
    "test_times": 0.00021696090698242188,
    "param_total_size": 156036,
    "param_total_count": 39009,
    "model_size": 226399
}