{
    "args": {
        "model": "mlp",
        "output": "finetune_outputs/binclass-0.8/mlp-tuned/train_0124_analcatdata_impeach",
        "dataset": "train_0124_analcatdata_impeach",
        "task": "binclass",
        "batch_size": 64,
        "early_stop": 16,
        "reduce_data": 0.8
    },
    "device": "NVIDIA GeForce RTX 3090",
    "best_eval_score": 1.0,
    "final_test_score": 0.7291666666666667,
    "ev_metric": [
        0.6666666666666667,
        0.0,
        0.33333333333333337,
        0.6666666666666667,
        0.6666666666666667,
        0.6666666666666667,
        0.6666666666666667,
        1.0,
        0.6666666666666667,
        0.6666666666666667,
        0.6666666666666667,
        0.6666666666666667,
        0.6666666666666667,
        0.6666666666666667,
        0.6666666666666667,
        0.6666666666666667,
        0.6666666666666667,
        0.6666666666666667,
        0.6666666666666667,
        0.6666666666666667,
        0.6666666666666667,
        0.6666666666666667,
        0.8333333333333334,
        0.6666666666666667
    ],
    "test_metric": [
        0.7708333333333333,
        0.41666666666666674,
        0.7083333333333334,
        0.6666666666666666,
        0.8020833333333334,
        0.7916666666666666,
        0.7291666666666666,
        0.7291666666666667,
        0.8229166666666666,
        0.7708333333333334,
        0.7083333333333334,
        0.6875,
        0.75,
        0.7708333333333334,
        0.7291666666666666,
        0.7395833333333334,
        0.7395833333333334,
        0.75,
        0.796875,
        0.7552083333333333,
        0.7604166666666667,
        0.7447916666666665,
        0.734375,
        0.671875
    ],
    "tr_loss": [
        0.6919335126876831,
        0.9977805018424988,
        0.6886584758758545,
        0.6881614923477173,
        0.6366336345672607,
        1.5029206275939941,
        0.6205395460128784,
        0.6855236887931824,
        0.6920617818832397,
        0.6924480199813843,
        0.690262496471405,
        0.6800216436386108,
        0.6533119678497314,
        0.5498166680335999,
        0.3483109176158905,
        0.3576015830039978,
        0.2793000638484955,
        0.28714197874069214,
        0.1305752694606781,
        0.00017157424008473754,
        4.754101246362552e-05,
        6.7848191065422725e-06,
        0.5026839971542358,
        0.0002085834858007729
    ],
    "tr_times": 0.32912755012512207,
    "ev_times": 0.00023746490478515625,
    "test_times": 0.000278472900390625,
    "param_total_size": 7022616,
    "param_total_count": 1755648,
    "model_size": 7031571
}