{
    "args": {
        "model": "tv7.2",
        "output": "finetune_outputs/binclass-0.8/tv7.2-tuned/train_2390_airlines_seed_1_nrows_2000_nclasses_10_ncols_100_stratify_True",
        "dataset": "train_2390_airlines_seed_1_nrows_2000_nclasses_10_ncols_100_stratify_True",
        "task": "binclass",
        "batch_size": 64,
        "early_stop": 16,
        "reduce_data": 0.8
    },
    "device": "NVIDIA GeForce RTX 3090",
    "best_eval_score": 0.5596059113300493,
    "final_test_score": 0.4798056483449742,
    "ev_metric": [
        0.5467980295566502,
        0.548768472906404,
        0.554679802955665,
        0.5596059113300493,
        0.5586206896551724,
        0.5546798029556651,
        0.5497536945812808,
        0.5527093596059114,
        0.5507389162561576,
        0.5517241379310344,
        0.5497536945812808,
        0.5566502463054187,
        0.5566502463054187,
        0.5546798029556651,
        0.5527093596059114,
        0.5497536945812808,
        0.5458128078817734,
        0.5438423645320197,
        0.5389162561576355,
        0.5389162561576355
    ],
    "test_metric": [
        0.47983095455005564,
        0.4814252454701892,
        0.48079259034315214,
        0.4798056483449742,
        0.48015993521611505,
        0.48079259034315214,
        0.48152647029051526,
        0.4807672841380706,
        0.48180483854641165,
        0.48117218341937446,
        0.4813746330600263,
        0.481045652393967,
        0.48061544690758173,
        0.4799068731653001,
        0.47965381111448524,
        0.47960319870432233,
        0.47899584978236665,
        0.4790970746026926,
        0.47902115598744804,
        0.4791476870128556
    ],
    "tr_loss": [
        0.6901070177555084,
        0.6896278262138367,
        0.689181387424469,
        0.6887640058994293,
        0.6883264183998108,
        0.6878213286399841,
        0.6873828023672104,
        0.6869789510965347,
        0.6864942461252213,
        0.6861147880554199,
        0.685650572180748,
        0.6852464377880096,
        0.6848187744617462,
        0.6844048500061035,
        0.684047132730484,
        0.68360236287117,
        0.6832321286201477,
        0.6828333288431168,
        0.6824999451637268,
        0.6821572780609131
    ],
    "tr_times": 0.08790779113769531,
    "ev_times": 0.00021529197692871094,
    "test_times": 0.0002257823944091797,
    "param_total_size": 109232,
    "param_total_count": 27307,
    "model_size": 131805
}