{
    "args": {
        "output": "finetune_outputs/binclass-0.8/ftt-tuned/train_0541_plasma_retinol",
        "dataset": "train_0541_plasma_retinol",
        "task": "binclass",
        "batch_size": 64,
        "early_stop": 16,
        "reduce_data": 0.8
    },
    "device": "NVIDIA GeForce RTX 3090",
    "best_eval_score": 0.5416666666666667,
    "final_test_score": 0.3775720164609054,
    "ev_metric": [
        0.5416666666666667,
        0.5416666666666666,
        0.5416666666666666,
        0.5,
        0.5416666666666667,
        0.5416666666666667,
        0.5416666666666667,
        0.5416666666666667,
        0.5416666666666667,
        0.5416666666666667,
        0.5416666666666667,
        0.5416666666666667,
        0.5416666666666666,
        0.5416666666666666,
        0.5416666666666666,
        0.5416666666666666,
        0.5416666666666666
    ],
    "test_metric": [
        0.3775720164609054,
        0.3765432098765432,
        0.3734567901234568,
        0.37860082304526754,
        0.374485596707819,
        0.3703703703703704,
        0.360082304526749,
        0.3508230452674897,
        0.3487654320987654,
        0.3477366255144033,
        0.3436213991769547,
        0.3467078189300411,
        0.345679012345679,
        0.3436213991769548,
        0.34053497942386834,
        0.3384773662551441,
        0.3343621399176954
    ],
    "tr_loss": [
        0.7091561555862427,
        0.6900897026062012,
        0.7425933480262756,
        0.7268800735473633,
        0.6986179947853088,
        0.7129005193710327,
        0.6667672395706177,
        0.7299591302871704,
        0.683825671672821,
        0.6629928350448608,
        0.6991870999336243,
        0.6331450343132019,
        0.6467053294181824,
        0.6770339012145996,
        0.6680862307548523,
        0.6851552724838257,
        0.6509397625923157
    ],
    "tr_times": 0.38883447647094727,
    "ev_times": 0.0007357597351074219,
    "test_times": 0.0007240772247314453,
    "param_total_size": 4250812,
    "param_total_count": 1062700,
    "model_size": 4278577
}