{
    "args": {
        "output": "finetune_outputs/binclass-0.8/ftt-tuned/b_depressed",
        "dataset": "b_depressed",
        "task": "binclass",
        "batch_size": 64,
        "early_stop": 16,
        "reduce_data": 0.8
    },
    "device": "NVIDIA GeForce RTX 3090",
    "best_eval_score": 0.7171052631578947,
    "final_test_score": 0.45702030812324934,
    "ev_metric": [
        0.430921052631579,
        0.4375,
        0.4473684210526316,
        0.4506578947368421,
        0.493421052631579,
        0.47368421052631576,
        0.5164473684210527,
        0.5328947368421053,
        0.5559210526315789,
        0.5822368421052632,
        0.5822368421052632,
        0.6151315789473685,
        0.6151315789473685,
        0.6085526315789473,
        0.674342105263158,
        0.7171052631578947,
        0.6710526315789473,
        0.6151315789473685,
        0.5953947368421053,
        0.5723684210526316,
        0.5625,
        0.5328947368421053,
        0.49671052631578944,
        0.49671052631578944,
        0.5032894736842105,
        0.49671052631578944,
        0.5,
        0.4901315789473685,
        0.48684210526315785,
        0.4638157894736842,
        0.4473684210526316,
        0.45723684210526316
    ],
    "test_metric": [
        0.44003851540616246,
        0.4305847338935574,
        0.44380252100840334,
        0.45028011204481794,
        0.4581582633053221,
        0.46656162464985995,
        0.4689250700280112,
        0.4742647058823529,
        0.4788165266106443,
        0.47531512605042014,
        0.48188025210084034,
        0.4757528011204482,
        0.4553571428571429,
        0.4474789915966386,
        0.44240196078431376,
        0.45702030812324934,
        0.4722076330532213,
        0.48047969187675066,
        0.4833683473389356,
        0.47916666666666663,
        0.47916666666666663,
        0.4781162464985994,
        0.4770658263305322,
        0.47601540616246496,
        0.4754026610644258,
        0.4785539215686274,
        0.49045868347338933,
        0.49746148459383754,
        0.5010504201680672,
        0.5004376750700279,
        0.5027135854341737,
        0.5048144257703081
    ],
    "tr_loss": [
        0.8108813762664795,
        0.7389902869860331,
        0.6860386331876119,
        0.6281425952911377,
        0.5914000272750854,
        0.5549344619115194,
        0.5208123326301575,
        0.5004133184750875,
        0.47881559530893963,
        0.4721321264902751,
        0.4694942633310954,
        0.46442047754923504,
        0.4616135557492574,
        0.4625067313512166,
        0.4418236017227173,
        0.4562613268693288,
        0.4553755323092143,
        0.4464941422144572,
        0.44637779394785565,
        0.44772446155548096,
        0.46077728271484375,
        0.440559059381485,
        0.45142637689908344,
        0.45435527960459393,
        0.45072240630785626,
        0.4552792211373647,
        0.4454767008622487,
        0.4455213149388631,
        0.43900643785794574,
        0.44030916690826416,
        0.43423981467882794,
        0.4506685435771942
    ],
    "tr_times": 0.5033037662506104,
    "ev_times": 0.0003848075866699219,
    "test_times": 0.0006515979766845703,
    "param_total_size": 605364,
    "param_total_count": 151332,
    "model_size": 618705
}