{
    "args": {
        "model": "tv7.2",
        "output": "finetune_outputs/binclass-0.8/tv7.2-tuned/train_0424_autoPrice",
        "dataset": "train_0424_autoPrice",
        "task": "binclass",
        "batch_size": 64,
        "early_stop": 16,
        "reduce_data": 0.8
    },
    "device": "NVIDIA GeForce RTX 3090",
    "best_eval_score": 1.0,
    "final_test_score": 0.9913419913419913,
    "ev_metric": [
        1.0,
        1.0,
        1.0,
        1.0,
        1.0,
        1.0,
        1.0,
        1.0,
        1.0,
        1.0,
        1.0,
        1.0,
        1.0,
        1.0,
        1.0,
        1.0,
        1.0
    ],
    "test_metric": [
        0.9913419913419913,
        0.9913419913419913,
        0.9913419913419913,
        0.9913419913419913,
        0.9913419913419913,
        0.9913419913419913,
        0.9913419913419913,
        0.9913419913419913,
        0.9913419913419913,
        0.9913419913419913,
        0.9913419913419913,
        0.9913419913419913,
        0.9913419913419913,
        0.9913419913419913,
        0.9913419913419913,
        0.9913419913419913,
        0.9913419913419913
    ],
    "tr_loss": [
        0.6290171146392822,
        0.6289928555488586,
        0.6289686560630798,
        0.6289443969726562,
        0.6289200782775879,
        0.6288958787918091,
        0.6288716197013855,
        0.6288473606109619,
        0.6288231611251831,
        0.6287989020347595,
        0.6287746429443359,
        0.6287503838539124,
        0.6287261247634888,
        0.6287018656730652,
        0.6286776661872864,
        0.628653347492218,
        0.6286290884017944
    ],
    "tr_times": 1.5497961044311523,
    "ev_times": 0.00019788742065429688,
    "test_times": 0.0002028942108154297,
    "param_total_size": 85408,
    "param_total_count": 21352,
    "model_size": 116255
}