{
    "args": {
        "model": "tv7.4",
        "output": "finetune_outputs/binclass-0.8/tv7.4-tuned/train_0447_arsenic-female-lung",
        "dataset": "train_0447_arsenic-female-lung",
        "task": "binclass",
        "batch_size": 64,
        "early_stop": 16,
        "reduce_data": 0.8
    },
    "device": "NVIDIA GeForce RTX 3090",
    "best_eval_score": 1.0,
    "final_test_score": 0.9953703703703703,
    "ev_metric": [
        1.0,
        1.0,
        1.0,
        1.0,
        1.0,
        1.0,
        1.0,
        1.0,
        1.0,
        1.0,
        1.0,
        1.0,
        1.0,
        1.0,
        1.0,
        1.0,
        1.0
    ],
    "test_metric": [
        0.9953703703703703,
        0.9953703703703703,
        0.9953703703703703,
        0.9953703703703703,
        0.9953703703703703,
        0.9953703703703703,
        0.9953703703703703,
        0.9953703703703703,
        0.9953703703703703,
        0.9953703703703703,
        0.9953703703703703,
        0.9953703703703703,
        0.9953703703703703,
        0.9953703703703703,
        0.9953703703703703,
        0.9953703703703703,
        0.9953703703703703
    ],
    "tr_loss": [
        0.5969533920288086,
        0.6068246960639954,
        0.6056307852268219,
        0.5990530550479889,
        0.5956725180149078,
        0.5965121686458588,
        0.6090323626995087,
        0.5913545191287994,
        0.5908679068088531,
        0.5899911820888519,
        0.5950382351875305,
        0.5926017165184021,
        0.5988691449165344,
        0.590503454208374,
        0.5830357670783997,
        0.5804120302200317,
        0.5914804041385651
    ],
    "tr_times": 2.2917349338531494,
    "ev_times": 0.00019860267639160156,
    "test_times": 0.0001938343048095703,
    "param_total_size": 110564,
    "param_total_count": 27641,
    "model_size": 166623
}