{
    "args": {
        "model": "xgboost",
        "output": "finetune_outputs/openml-0.8/xgboost-tuned/38",
        "dataset": "38",
        "task": "openml",
        "reduce_data": 0.8
    },
    "device": "NVIDIA GeForce RTX 3090",
    "configs": {
        "metric": "roc_auc",
        "eval_score": 0.855121293800539,
        "n_trial": 69,
        "dataset": "38",
        "model": {
            "booster": "gbtree",
            "n_estimators": 2000,
            "n_jobs": -1,
            "tree_method": "hist",
            "alpha": 0.02808609213430946,
            "colsample_bylevel": 0.5142501833174519,
            "colsample_bytree": 0.6880804353081753,
            "gamma": 2.5150382695783346e-05,
            "lambda": 0.0007644124825306666,
            "learning_rate": 0.00015217540753683663,
            "max_depth": 6,
            "min_child_weight": 0.12811141513820815,
            "subsample": 0.695709763591521
        },
        "training": {
            "early_stopping_rounds": 20,
            "verbose": false,
            "eval_metric": "error"
        }
    },
    "best_eval_score": 0.855121293800539,
    "final_test_score": 0.7693161893629457,
    "tr_times": 0.020900726318359375,
    "ev_times": 0.0001881122589111328,
    "test_times": 0.0002167224884033203,
    "param_total_size": 0,
    "param_total_count": 0,
    "model_size": 33432
}