{
    "args": {
        "model": "xgboost",
        "output": "finetune_outputs/openml-0.8/xgboost-tuned/1487",
        "dataset": "1487",
        "task": "openml",
        "reduce_data": 0.8
    },
    "device": "NVIDIA GeForce RTX 3090",
    "configs": {
        "metric": "roc_auc",
        "eval_score": 0.8619718309859155,
        "n_trial": 44,
        "dataset": "1487",
        "model": {
            "booster": "gbtree",
            "n_estimators": 2000,
            "n_jobs": -1,
            "tree_method": "hist",
            "alpha": 0.011087647753685733,
            "colsample_bylevel": 0.8764624089504248,
            "colsample_bytree": 0.6003825476141017,
            "gamma": 0.03880419437954006,
            "lambda": 84.85041612167781,
            "learning_rate": 0.7018937506578327,
            "max_depth": 6,
            "min_child_weight": 3.3900542296995715e-07,
            "subsample": 0.7328108257994707
        },
        "training": {
            "early_stopping_rounds": 20,
            "verbose": false,
            "eval_metric": "error"
        }
    },
    "best_eval_score": 0.8619718309859155,
    "final_test_score": 0.7300084175084175,
    "tr_times": 0.02019953727722168,
    "ev_times": 0.00016736984252929688,
    "test_times": 0.0002205371856689453,
    "param_total_size": 0,
    "param_total_count": 0,
    "model_size": 28329
}