{
    "args": {
        "model": "tv7.1",
        "output": "finetune_outputs/binclass-0.8/tv7.1-tuned/train_2620_sf-police-incidents_seed_1_nrows_2000_nclasses_10_ncols_100_stratify_True",
        "dataset": "train_2620_sf-police-incidents_seed_1_nrows_2000_nclasses_10_ncols_100_stratify_True",
        "task": "binclass",
        "batch_size": 64,
        "early_stop": 16,
        "reduce_data": 0.8
    },
    "device": "NVIDIA GeForce RTX 3090",
    "best_eval_score": 0.4352678571428571,
    "final_test_score": 0.5101459387173672,
    "ev_metric": [
        0.41517857142857145,
        0.4151785714285714,
        0.4263392857142857,
        0.42410714285714285,
        0.4352678571428571,
        0.4352678571428571,
        0.4241071428571428,
        0.41741071428571425,
        0.39732142857142855,
        0.3816964285714286,
        0.37276785714285715,
        0.38169642857142855,
        0.3995535714285714,
        0.4107142857142857,
        0.40848214285714285,
        0.3950892857142857,
        0.4040178571428572,
        0.4263392857142857,
        0.41964285714285715,
        0.4084821428571429,
        0.4174107142857143
    ],
    "test_metric": [
        0.5033432176289319,
        0.49781964067678347,
        0.4999127856270713,
        0.5057852200709344,
        0.5101459387173672,
        0.5103203674632246,
        0.5057270771556486,
        0.49962207105064244,
        0.4954357811500669,
        0.48927263212977495,
        0.4838071980929124,
        0.4822954822954823,
        0.47979533693819404,
        0.4747950462236177,
        0.4681086109657538,
        0.4658991801848945,
        0.46421303564160704,
        0.462701319844177,
        0.46188731903017616,
        0.45595674167102734,
        0.4561311704168847
    ],
    "tr_loss": [
        0.6837691068649292,
        0.6689290255308151,
        0.6564976423978806,
        0.6448475569486618,
        0.6350343227386475,
        0.626109853386879,
        0.6180055141448975,
        0.6103159934282303,
        0.6033920794725418,
        0.5969737470149994,
        0.5911970734596252,
        0.5860362201929092,
        0.581480011343956,
        0.5771096646785736,
        0.5732467919588089,
        0.5697873681783676,
        0.5666490644216537,
        0.5640144050121307,
        0.5612987875938416,
        0.5590309053659439,
        0.5569935292005539
    ],
    "tr_times": 0.4755253791809082,
    "ev_times": 0.0002758502960205078,
    "test_times": 0.00035262107849121094,
    "param_total_size": 2167644,
    "param_total_count": 541908
}