{
    "args": {
        "output": "finetune_outputs/binclass-0.8/ftt-tuned/train_0312_cpu_act",
        "dataset": "train_0312_cpu_act",
        "task": "binclass",
        "batch_size": 64,
        "early_stop": 16,
        "reduce_data": 0.8
    },
    "device": "NVIDIA GeForce RTX 3090",
    "best_eval_score": 0.9757211039634779,
    "final_test_score": 0.9763744249710722,
    "ev_metric": [
        0.948467870235872,
        0.9658297018745245,
        0.9743376910839039,
        0.9755135920315418,
        0.9757211039634779,
        0.9720550598326071,
        0.9746835443037974,
        0.972055059832607,
        0.97295427820433,
        0.9725392543404578,
        0.975236909455627,
        0.973645984644117,
        0.9715016946807775,
        0.9726084249844366,
        0.9695649166493739,
        0.9697032579373314,
        0.9702566230891609,
        0.9714325240367988,
        0.9700491111572248,
        0.9719167185446497,
        0.974130179151968
    ],
    "test_metric": [
        0.9468556853780374,
        0.9623126746253493,
        0.9718341658905539,
        0.9747604634098157,
        0.9763744249710722,
        0.9766002032004064,
        0.9766354810487399,
        0.9758505489233201,
        0.9781471368498293,
        0.9781912341602461,
        0.9785457765359975,
        0.9779090113735783,
        0.9775280106115768,
        0.9775685801371603,
        0.9769935512093246,
        0.977607385770327,
        0.9781612479891627,
        0.9787821381198317,
        0.9773657325092427,
        0.9797928484745859,
        0.9797222927779188
    ],
    "tr_loss": [
        0.44677312409176545,
        0.3034397232181886,
        0.2677859383470872,
        0.22871373769115,
        0.22561494217199438,
        0.20629842228749218,
        0.24332009781809413,
        0.20770925108124227,
        0.18979496421182857,
        0.19024440777652404,
        0.21156057890723734,
        0.2023659396697493,
        0.18402249366044998,
        0.17947334051132202,
        0.17259767739211812,
        0.19398007147452412,
        0.18225630449459834,
        0.17879165073528008,
        0.1814705970532754,
        0.1778715469819658,
        0.174585941083291
    ],
    "tr_times": 1.3772435188293457,
    "ev_times": 0.0005588531494140625,
    "test_times": 0.0011208057403564453,
    "param_total_size": 1778724,
    "param_total_count": 444681,
    "model_size": 1797444
}