{
    "args": {
        "output": "finetune_outputs/binclass-0.8/ftt-tuned/train_1451_early-stage-diabetes",
        "dataset": "train_1451_early-stage-diabetes",
        "task": "binclass",
        "batch_size": 64,
        "early_stop": 16,
        "reduce_data": 0.8
    },
    "device": "NVIDIA GeForce RTX 3090",
    "best_eval_score": 0.8285714285714285,
    "final_test_score": 0.7304687500000001,
    "ev_metric": [
        0.5,
        0.6285714285714286,
        0.7285714285714286,
        0.7285714285714286,
        0.8285714285714285,
        0.7571428571428571,
        0.7428571428571429,
        0.7571428571428571,
        0.7285714285714285,
        0.7285714285714285,
        0.7571428571428571,
        0.7714285714285714,
        0.7571428571428571,
        0.7571428571428571,
        0.7571428571428571,
        0.7571428571428571,
        0.7571428571428571,
        0.7571428571428571,
        0.7571428571428571,
        0.7571428571428571,
        0.7714285714285715
    ],
    "test_metric": [
        0.40390624999999997,
        0.539453125,
        0.609765625,
        0.678515625,
        0.7304687500000001,
        0.768359375,
        0.7906250000000001,
        0.8023437499999999,
        0.8222656250000001,
        0.839453125,
        0.8546875,
        0.8640625000000001,
        0.86796875,
        0.875390625,
        0.8789062500000001,
        0.8839843750000002,
        0.886328125,
        0.8867187500000001,
        0.89140625,
        0.8933593750000001,
        0.8992187500000001
    ],
    "tr_loss": [
        0.7398428022861481,
        0.6742006838321686,
        0.6008971631526947,
        0.6312974691390991,
        0.7424384951591492,
        0.741021066904068,
        0.7328584790229797,
        0.6739914417266846,
        0.7505658864974976,
        0.7251472175121307,
        0.6448858380317688,
        0.6475631594657898,
        0.6745818853378296,
        0.8066145777702332,
        0.7271601557731628,
        0.6983096897602081,
        0.6888945400714874,
        0.5765913277864456,
        0.629983127117157,
        0.5618334114551544,
        0.7589302659034729
    ],
    "tr_times": 0.3860445022583008,
    "ev_times": 0.00034117698669433594,
    "test_times": 0.00035309791564941406,
    "param_total_size": 403012,
    "param_total_count": 100738,
    "model_size": 416337
}