{
    "args": {
        "model": "xgboost",
        "output": "finetune_outputs/binclass-0.8/xgboost-tuned/train_0446_newton_hema",
        "dataset": "train_0446_newton_hema",
        "task": "binclass",
        "reduce_data": 0.8
    },
    "device": "NVIDIA GeForce RTX 3090",
    "configs": {
        "metric": "roc_auc",
        "eval_score": 1.0,
        "n_trial": 4,
        "dataset": "train_0446_newton_hema",
        "model": {
            "booster": "gbtree",
            "n_estimators": 2000,
            "n_jobs": -1,
            "tree_method": "hist",
            "alpha": 4.687778200035074e-07,
            "colsample_bylevel": 0.5900506937683244,
            "colsample_bytree": 0.666583562074269,
            "gamma": 1.8031449688513068e-05,
            "lambda": 1.9752680232070857e-06,
            "learning_rate": 0.039029418788291796,
            "max_depth": 6,
            "min_child_weight": 0.010928611832713906,
            "subsample": 0.5809573430753859
        },
        "training": {
            "early_stopping_rounds": 20,
            "verbose": false,
            "eval_metric": "error"
        }
    },
    "best_eval_score": 1.0,
    "final_test_score": 0.7040816326530612,
    "tr_times": 0.019878387451171875,
    "ev_times": 0.00020241737365722656,
    "test_times": 0.0001575946807861328,
    "param_total_size": 0,
    "param_total_count": 0,
    "model_size": 32937
}