{
    "metric": "roc_auc",
    "eval_score": 1.0,
    "n_trial": 1,
    "dataset": "15",
    "model": {
        "booster": "gbtree",
        "n_estimators": 2000,
        "n_jobs": -1,
        "tree_method": "hist",
        "alpha": 0.7885578189925303,
        "colsample_bylevel": 0.6126618609176518,
        "colsample_bytree": 0.6430413418521548,
        "gamma": 2.1785691848388114e-06,
        "lambda": 4.2342374574488874e-05,
        "learning_rate": 0.0003017749996564096,
        "max_depth": 7,
        "min_child_weight": 5.872028891851321e-06,
        "subsample": 0.8550263894885295
    },
    "training": {
        "early_stopping_rounds": 20,
        "verbose": false
    }
}