{
    "args": {
        "output": "finetune_outputs/binclass-0.8/ftt-tuned/train_0419_pm10",
        "dataset": "train_0419_pm10",
        "task": "binclass",
        "batch_size": 64,
        "early_stop": 16,
        "reduce_data": 0.8
    },
    "device": "NVIDIA GeForce RTX 3090",
    "best_eval_score": 0.734375,
    "final_test_score": 0.6562625050020008,
    "ev_metric": [
        0.71875,
        0.734375,
        0.71875,
        0.671875,
        0.671875,
        0.671875,
        0.640625,
        0.578125,
        0.546875,
        0.53125,
        0.53125,
        0.515625,
        0.5,
        0.5,
        0.5,
        0.484375,
        0.484375,
        0.484375
    ],
    "test_metric": [
        0.631452581032413,
        0.6562625050020008,
        0.6702681072428971,
        0.6782713085234093,
        0.678671468587435,
        0.6810724289715886,
        0.6830732292917167,
        0.683873549419768,
        0.6802721088435374,
        0.6866746698679471,
        0.6890756302521008,
        0.6858743497398959,
        0.6854741896758704,
        0.6822729091636656,
        0.6790716286514606,
        0.6762705082032813,
        0.6778711484593837,
        0.6686674669867947
    ],
    "tr_loss": [
        0.6831207871437073,
        0.708655059337616,
        0.6921643018722534,
        0.7160723209381104,
        0.6927313804626465,
        0.6854960918426514,
        0.6724351644515991,
        0.6851359009742737,
        0.6988985538482666,
        0.675041913986206,
        0.6910724639892578,
        0.6806415915489197,
        0.695281982421875,
        0.6848620772361755,
        0.6776584386825562,
        0.686782956123352,
        0.6728928089141846,
        0.6571227312088013
    ],
    "tr_times": 0.35728931427001953,
    "ev_times": 0.0005054473876953125,
    "test_times": 0.0005445480346679688,
    "param_total_size": 993284,
    "param_total_count": 248321,
    "model_size": 1012036
}