{
    "args": {
        "model": "tv7.4",
        "output": "finetune_outputs/binclass-0.8/tv7.4-tuned/train_1774_Early-Stage-Diabetes-Risk-Prediction-Dataset",
        "dataset": "train_1774_Early-Stage-Diabetes-Risk-Prediction-Dataset",
        "task": "binclass",
        "batch_size": 64,
        "early_stop": 16,
        "reduce_data": 0.8
    },
    "device": "NVIDIA GeForce RTX 3090",
    "best_eval_score": 0.8428571428571427,
    "final_test_score": 0.991015625,
    "ev_metric": [
        0.7857142857142856,
        0.8428571428571427,
        0.8285714285714285,
        0.8285714285714285,
        0.7714285714285714,
        0.7714285714285715,
        0.7571428571428571,
        0.7428571428571429,
        0.7428571428571429,
        0.7428571428571429,
        0.7428571428571429,
        0.7428571428571429,
        0.7428571428571429,
        0.7428571428571429,
        0.7571428571428571,
        0.7571428571428571,
        0.7571428571428571,
        0.7571428571428571
    ],
    "test_metric": [
        0.991015625,
        0.991015625,
        0.9890625,
        0.98671875,
        0.9851562500000001,
        0.98359375,
        0.98046875,
        0.9796874999999999,
        0.97890625,
        0.978515625,
        0.978515625,
        0.979296875,
        0.9804687500000001,
        0.982421875,
        0.9828125,
        0.983203125,
        0.983984375,
        0.9851562500000001
    ],
    "tr_loss": [
        0.6511957049369812,
        0.6453586220741272,
        0.6360002756118774,
        0.6263382732868195,
        0.6408286690711975,
        0.6081904768943787,
        0.6026729345321655,
        0.6149158775806427,
        0.5931557714939117,
        0.5998320281505585,
        0.6035661697387695,
        0.5977144539356232,
        0.6065725684165955,
        0.5862115621566772,
        0.5863293409347534,
        0.5717974305152893,
        0.6205952763557434,
        0.5727088451385498
    ],
    "tr_times": 0.04735875129699707,
    "ev_times": 0.00023245811462402344,
    "test_times": 0.0002465248107910156,
    "param_total_size": 2482548,
    "param_total_count": 620622,
    "model_size": 2547101
}