{
    "args": {
        "output": "finetune_outputs/binclass-0.0/ftt-tuned/train_0356_delta_elevators",
        "dataset": "train_0356_delta_elevators",
        "task": "binclass",
        "batch_size": 64,
        "early_stop": 16,
        "reduce_data": 0.0
    },
    "device": "NVIDIA GeForce RTX 3090",
    "best_eval_score": 0.942846746294808,
    "final_test_score": 0.9498024339083219,
    "ev_metric": [
        0.9397873976911748,
        0.9393683324653107,
        0.9392614104735266,
        0.9398805232969225,
        0.940832473933453,
        0.9406910609765771,
        0.9407479710689783,
        0.9419991308276797,
        0.9420413822599171,
        0.9425328785124736,
        0.9411256471367324,
        0.9415481614591058,
        0.9417102689950368,
        0.9423518009457423,
        0.9418603046931857,
        0.9418180532609484,
        0.9424432020032353,
        0.942846746294808,
        0.9422785076449224,
        0.9415731674087973,
        0.941410197598739,
        0.9417947718595114,
        0.9415240177835417,
        0.9410549406582944,
        0.9408204020956711,
        0.9400374571880896,
        0.940796258420107,
        0.9417568317979106,
        0.9411308207814963,
        0.9406634682045039,
        0.9401392055351101,
        0.9404427260279171,
        0.9408738630915632,
        0.9397701522086289
    ],
    "test_metric": [
        0.947627055244577,
        0.9476596059270931,
        0.9496314048984915,
        0.9489373581424706,
        0.9490344584835354,
        0.950135112917766,
        0.9498818796419204,
        0.9500214613822013,
        0.9499811868089187,
        0.9500738734981169,
        0.9496154054104751,
        0.9496722311782575,
        0.9492165216230322,
        0.9494504451719614,
        0.9493776199161628,
        0.9482565523420492,
        0.9483988926147467,
        0.9498024339083219,
        0.949379826742096,
        0.9486626083137754,
        0.9487779149687899,
        0.9486261956858759,
        0.947872564629656,
        0.9478747714555893,
        0.9472209992728509,
        0.947325271798199,
        0.9475547816952616,
        0.9469291465431727,
        0.9471807246995684,
        0.9466025363050451,
        0.9469037680449398,
        0.9462748226539509,
        0.9468441837447409,
        0.9468535627549571
    ],
    "tr_loss": [
        0.39372619551916915,
        0.31162162055261433,
        0.30497926209742826,
        0.2992998954529564,
        0.3024946867177884,
        0.29668520189200837,
        0.29523866266633075,
        0.2887536214354138,
        0.29266146399701637,
        0.2973762628001471,
        0.2924919660824041,
        0.29291605002557236,
        0.2906392162355284,
        0.28628752613440156,
        0.29051159663746756,
        0.2849048321756224,
        0.2839372685799996,
        0.28838591688933474,
        0.2890940150246024,
        0.2828088711636762,
        0.2820263250420491,
        0.2889323439449072,
        0.2840523808263242,
        0.280757177931567,
        0.28083314451699454,
        0.28309938963502645,
        0.28150138321022194,
        0.2773130484080563,
        0.27804835226076346,
        0.277713362670814,
        0.27973835822194815,
        0.2745943866514911,
        0.2779047666117549,
        0.28092059027403593
    ]
}