{
    "args": {
        "output": "finetune_outputs/binclass-0.8/ftt-tuned/train_2391_airlines_seed_2_nrows_2000_nclasses_10_ncols_100_stratify_True",
        "dataset": "train_2391_airlines_seed_2_nrows_2000_nclasses_10_ncols_100_stratify_True",
        "task": "binclass",
        "batch_size": 64,
        "early_stop": 16,
        "reduce_data": 0.8
    },
    "device": "NVIDIA GeForce RTX 3090",
    "best_eval_score": 0.6029556650246306,
    "final_test_score": 0.6081081081081081,
    "ev_metric": [
        0.5024630541871922,
        0.5034482758620689,
        0.5083743842364532,
        0.5093596059113301,
        0.5162561576354681,
        0.5251231527093596,
        0.5261083743842365,
        0.5339901477832512,
        0.5408866995073891,
        0.5527093596059114,
        0.5635467980295565,
        0.5753694581280788,
        0.5911330049261083,
        0.5901477832512315,
        0.5950738916256157,
        0.6009852216748769,
        0.6000000000000001,
        0.6029556650246306,
        0.6019704433497536,
        0.6,
        0.6029556650246305,
        0.6,
        0.6019704433497537,
        0.6009852216748769,
        0.6019704433497537,
        0.5990147783251232,
        0.5980295566502464,
        0.6,
        0.5970443349753695,
        0.5980295566502464,
        0.5980295566502464,
        0.5950738916256159,
        0.594088669950739,
        0.594088669950739
    ],
    "test_metric": [
        0.554990383642069,
        0.5591659074805142,
        0.5626075513715963,
        0.5653406215203968,
        0.5699463508452273,
        0.5751341228869318,
        0.5795880149812734,
        0.5820427168741775,
        0.585762729021156,
        0.5880655936835713,
        0.5916337686000607,
        0.5960243951816986,
        0.5986688936127138,
        0.6001619597125215,
        0.6023889057596923,
        0.603831359449337,
        0.6055268751897965,
        0.6081081081081081,
        0.6092721935418565,
        0.6102970948476566,
        0.6103856665654419,
        0.6096264804129972,
        0.6093481121571009,
        0.6094240307723454,
        0.6085383135944934,
        0.6083358639538414,
        0.6087660694402267,
        0.6087407632351451,
        0.6088419880554712,
        0.6091456625164489,
        0.6087660694402267,
        0.6086901508249822,
        0.6093987245672638,
        0.6092215811316936
    ],
    "tr_loss": [
        0.7126635909080505,
        0.7122989445924759,
        0.703273743391037,
        0.685515284538269,
        0.6868309676647186,
        0.7084535360336304,
        0.6914260685443878,
        0.7016364485025406,
        0.703510120511055,
        0.6886338144540787,
        0.6981618851423264,
        0.6918755620718002,
        0.6849904358386993,
        0.6888243407011032,
        0.6904334425926208,
        0.7015159428119659,
        0.7016557455062866,
        0.6842455416917801,
        0.6958872675895691,
        0.6954472959041595,
        0.6933715045452118,
        0.6950188726186752,
        0.6960687190294266,
        0.680109441280365,
        0.6861885190010071,
        0.6914777606725693,
        0.6911836266517639,
        0.6845206767320633,
        0.6838468015193939,
        0.6854427456855774,
        0.6856446117162704,
        0.6916957646608353,
        0.6893074959516525,
        0.6898826360702515
    ],
    "tr_times": 0.5622208118438721,
    "ev_times": 0.0003590583801269531,
    "test_times": 0.0003504753112792969,
    "param_total_size": 286588,
    "param_total_count": 71646,
    "model_size": 299921
}