{
    "args": {
        "model": "tv7.3",
        "output": "finetune_outputs/openml-0.8/tv7.3-tuned/23381",
        "dataset": "23381",
        "task": "openml",
        "batch_size": 64,
        "early_stop": 16,
        "reduce_data": 0.8
    },
    "device": "NVIDIA GeForce RTX 3090",
    "best_eval_score": 0.6296296296296297,
    "final_test_score": 0.5969441517386722,
    "ev_metric": [
        0.6296296296296297,
        0.6296296296296297,
        0.6296296296296297,
        0.6296296296296297,
        0.6296296296296297,
        0.6296296296296297,
        0.6296296296296297,
        0.6296296296296297,
        0.6296296296296297,
        0.6296296296296297,
        0.6296296296296297,
        0.6296296296296297,
        0.6296296296296297,
        0.6296296296296297,
        0.6296296296296297,
        0.6296296296296297,
        0.6296296296296297
    ],
    "test_metric": [
        0.5969441517386722,
        0.5969441517386722,
        0.5969441517386722,
        0.5969441517386722,
        0.5969441517386722,
        0.5969441517386722,
        0.5969441517386722,
        0.5969441517386722,
        0.5969441517386722,
        0.5969441517386722,
        0.5969441517386722,
        0.5969441517386722,
        0.5972075869336143,
        0.5972075869336143,
        0.5972075869336143,
        0.5972075869336143,
        0.5974710221285564
    ],
    "tr_loss": [
        0.6813788414001465,
        0.6813206076622009,
        0.6812624335289001,
        0.6812042593955994,
        0.6811461448669434,
        0.6810882091522217,
        0.6810302138328552,
        0.6809722185134888,
        0.6809142231941223,
        0.6808562874794006,
        0.6807984113693237,
        0.680740475654602,
        0.6806826591491699,
        0.6806248426437378,
        0.6805670261383057,
        0.6805092692375183,
        0.6804513931274414
    ],
    "tr_times": 1.8743350505828857,
    "ev_times": 0.0002503395080566406,
    "test_times": 0.0004036426544189453,
    "param_total_size": 51812,
    "param_total_count": 12953,
    "model_size": 67615
}