{
    "args": {
        "model": "tv7.3",
        "output": "finetune_outputs/binclass-0.8/tv7.3-tuned/diabetes_data_upload",
        "dataset": "diabetes_data_upload",
        "task": "binclass",
        "batch_size": 64,
        "early_stop": 16,
        "reduce_data": 0.8
    },
    "device": "NVIDIA GeForce RTX 3090",
    "best_eval_score": 0.9571428571428571,
    "final_test_score": 0.958984375,
    "ev_metric": [
        0.9571428571428571,
        0.9571428571428571,
        0.9571428571428571,
        0.9571428571428571,
        0.9571428571428571,
        0.9571428571428571,
        0.9571428571428571,
        0.9571428571428571,
        0.9571428571428571,
        0.9571428571428571,
        0.9571428571428571,
        0.9571428571428571,
        0.9571428571428571,
        0.9571428571428571,
        0.9571428571428571,
        0.9571428571428571,
        0.9571428571428571
    ],
    "test_metric": [
        0.958984375,
        0.958984375,
        0.958984375,
        0.958984375,
        0.958984375,
        0.958984375,
        0.958984375,
        0.958984375,
        0.958984375,
        0.958984375,
        0.958984375,
        0.958984375,
        0.958984375,
        0.958984375,
        0.958984375,
        0.958984375,
        0.959375
    ],
    "tr_loss": [
        0.6373894512653351,
        0.6644772291183472,
        0.639494776725769,
        0.627549022436142,
        0.6630566120147705,
        0.6444624066352844,
        0.6515922844409943,
        0.6345871090888977,
        0.6498755216598511,
        0.655154675245285,
        0.6651706397533417,
        0.6472921073436737,
        0.6505230665206909,
        0.6545992195606232,
        0.6564999222755432,
        0.6577785611152649,
        0.6566794514656067
    ],
    "tr_times": 1.336029291152954,
    "ev_times": 0.00021696090698242188,
    "test_times": 0.0002474784851074219,
    "param_total_size": 86724,
    "param_total_count": 21681,
    "model_size": 126047
}