{
    "args": {
        "output": "finetune_outputs/binclass-0.0/ftt-tuned/piracydataset",
        "dataset": "piracydataset",
        "task": "binclass",
        "batch_size": 64,
        "early_stop": 16,
        "reduce_data": 0.0
    },
    "device": "NVIDIA GeForce RTX 3090",
    "best_eval_score": 0.559710873664362,
    "final_test_score": 0.601740403383214,
    "ev_metric": [
        0.5377121307353866,
        0.559710873664362,
        0.5421118793211817,
        0.5362664990571967,
        0.5416719044626022,
        0.539220615964802,
        0.530043997485858,
        0.5428661219358893,
        0.5426775612822125,
        0.5395348837209302,
        0.5384663733500943,
        0.5375864236329353,
        0.5425518541797612
    ],
    "test_metric": [
        0.6008864671437866,
        0.601740403383214,
        0.634962589459987,
        0.6327260897852961,
        0.6337020169160702,
        0.6323601171112557,
        0.6326447625243982,
        0.6337426805465192,
        0.6219095640858816,
        0.6308148991541964,
        0.6127195836044242,
        0.6115403383214053,
        0.6284970722186078
    ],
    "tr_loss": [
        0.5629942178726196,
        0.47153685688972474,
        0.4691772937774658,
        0.4778174340724945,
        0.46299185752868655,
        0.4600053052107493,
        0.46349363923072817,
        0.47251368363698326,
        0.4779100716114044,
        0.4722479939460754,
        0.47424736618995667,
        0.4858262916405996,
        0.4623173097769419
    ]
}