{
    "args": {
        "model": "mlp",
        "output": "finetune_outputs/binclass-0.8/mlp-tuned/train_1512_eye_movements",
        "dataset": "train_1512_eye_movements",
        "task": "binclass",
        "batch_size": 64,
        "early_stop": 16,
        "reduce_data": 0.8
    },
    "device": "NVIDIA GeForce RTX 3090",
    "best_eval_score": 0.5674549852190272,
    "final_test_score": 0.5744533525808941,
    "ev_metric": [
        0.513773179252889,
        0.5386992743886052,
        0.5596277882289706,
        0.5674549852190272,
        0.557041117979038,
        0.5491803278688525,
        0.5395726955119591,
        0.5333915614082236,
        0.5474334856221446,
        0.5295619457135178,
        0.5333915614082236,
        0.5407148615963451,
        0.5449475947325988,
        0.5253963988175222,
        0.5378258532652513,
        0.5229776941682344,
        0.5439398011287289,
        0.5400429991937652,
        0.5145122278957269,
        0.4901236226820747
    ],
    "test_metric": [
        0.48644497436632417,
        0.5870569362879261,
        0.5601523688486516,
        0.5744533525808941,
        0.5758995097742958,
        0.6017032709917272,
        0.5811920134134317,
        0.5781330671828513,
        0.5915016032918855,
        0.6090005370207607,
        0.6021142386478818,
        0.5999488880562094,
        0.5924098763470845,
        0.5724382296618497,
        0.5850383598591659,
        0.5901374669542289,
        0.5740890073058998,
        0.5748125175913151,
        0.5998047040255836,
        0.5527955297770242
    ],
    "tr_loss": [
        0.6945138797163963,
        0.69327113032341,
        0.6950759962201118,
        0.6911192797124386,
        0.6928918287158012,
        0.6727371849119663,
        0.6803137063980103,
        0.6630489006638527,
        0.621941115707159,
        0.6165620852261782,
        0.5928013827651739,
        0.5452936291694641,
        0.5153596438467503,
        0.48248071037232876,
        0.45569637790322304,
        0.4054134301841259,
        0.39897970389574766,
        0.3965602871030569,
        0.3156058816239238,
        0.27874577697366476
    ],
    "tr_times": 0.911381721496582,
    "ev_times": 0.0003657341003417969,
    "test_times": 0.0005211830139160156,
    "param_total_size": 26993228,
    "param_total_count": 6748302,
    "model_size": 27004493
}