{
    "metric": "roc_auc",
    "eval_score": 0.8614800759013282,
    "n_trial": 45,
    "dataset": "loan_train",
    "model": {
        "booster": "gbtree",
        "n_estimators": 2000,
        "n_jobs": -1,
        "tree_method": "hist",
        "alpha": 1.8309444022395484e-07,
        "colsample_bylevel": 0.6158893801400488,
        "colsample_bytree": 0.9588930730086884,
        "gamma": 4.543481891568536e-07,
        "lambda": 24.19350837329337,
        "learning_rate": 0.7466565550473755,
        "max_depth": 9,
        "min_child_weight": 6.042807138993647e-07,
        "subsample": 0.5349409128032023
    },
    "training": {
        "early_stopping_rounds": 20,
        "verbose": false
    }
}