{
    "metric": "roc_auc",
    "eval_score": 0.8619718309859155,
    "n_trial": 44,
    "dataset": "1487",
    "model": {
        "booster": "gbtree",
        "n_estimators": 2000,
        "n_jobs": -1,
        "tree_method": "hist",
        "alpha": 0.011087647753685733,
        "colsample_bylevel": 0.8764624089504248,
        "colsample_bytree": 0.6003825476141017,
        "gamma": 0.03880419437954006,
        "lambda": 84.85041612167781,
        "learning_rate": 0.7018937506578327,
        "max_depth": 6,
        "min_child_weight": 3.3900542296995715e-07,
        "subsample": 0.7328108257994707
    },
    "training": {
        "early_stopping_rounds": 20,
        "verbose": false
    }
}