{
    "args": {
        "model": "tv7.4",
        "output": "finetune_outputs/binclass-0.8/tv7.4-tuned/train_0509_pollen",
        "dataset": "train_0509_pollen",
        "task": "binclass",
        "batch_size": 64,
        "early_stop": 16,
        "reduce_data": 0.8
    },
    "device": "NVIDIA GeForce RTX 3090",
    "best_eval_score": 0.5438921205711265,
    "final_test_score": 0.5004452690166976,
    "ev_metric": [
        0.5438921205711265,
        0.5436277102062401,
        0.54362771020624,
        0.5425700687466949,
        0.5428344791115812,
        0.5425700687466949,
        0.5423056583818086,
        0.5423056583818086,
        0.5420412480169222,
        0.5420412480169222,
        0.5420412480169222,
        0.5420412480169222,
        0.5423056583818086,
        0.5425700687466949,
        0.5423056583818087,
        0.5423056583818087,
        0.5425700687466949
    ],
    "test_metric": [
        0.5004452690166976,
        0.5004688817675832,
        0.5004655085174566,
        0.50059706527239,
        0.500516107269354,
        0.500502614268848,
        0.500522853769607,
        0.5004115365154327,
        0.5004047900151797,
        0.5003676842637881,
        0.5003811772642942,
        0.5004823747680891,
        0.5004688817675831,
        0.5004486422668241,
        0.5003508180131557,
        0.5003406982627763,
        0.5002867262607522
    ],
    "tr_loss": [
        0.6927308440208435,
        0.6926736906170845,
        0.6929101124405861,
        0.6923849061131477,
        0.6925747767090797,
        0.6927765309810638,
        0.6929363310337067,
        0.6925037577748299,
        0.6925496608018875,
        0.6929154619574547,
        0.6925546750426292,
        0.6924897581338882,
        0.6930261254310608,
        0.692911222577095,
        0.6924278736114502,
        0.6927091106772423,
        0.6926794946193695
    ],
    "tr_times": 5.862497568130493,
    "ev_times": 0.0001881122589111328,
    "test_times": 0.00048804283142089844,
    "param_total_size": 55064,
    "param_total_count": 13766,
    "model_size": 83999
}