{
    "args": {
        "model": "tv7.3",
        "output": "finetune_outputs/binclass-0.8/tv7.3-tuned/train_0445_arsenic-male-bladder",
        "dataset": "train_0445_arsenic-male-bladder",
        "task": "binclass",
        "batch_size": 64,
        "early_stop": 16,
        "reduce_data": 0.8
    },
    "device": "NVIDIA GeForce RTX 3090",
    "best_eval_score": 1.0,
    "final_test_score": 0.7532710280373832,
    "ev_metric": [
        1.0,
        1.0,
        1.0,
        1.0,
        1.0,
        1.0,
        1.0,
        1.0,
        1.0,
        1.0,
        1.0,
        1.0,
        1.0,
        1.0,
        1.0,
        1.0,
        1.0
    ],
    "test_metric": [
        0.7532710280373832,
        0.7532710280373832,
        0.7532710280373832,
        0.7532710280373832,
        0.7532710280373832,
        0.7532710280373832,
        0.7532710280373832,
        0.7532710280373832,
        0.7532710280373832,
        0.7514018691588785,
        0.7514018691588785,
        0.7514018691588785,
        0.7514018691588785,
        0.7514018691588785,
        0.7514018691588785,
        0.7514018691588785,
        0.7514018691588785
    ],
    "tr_loss": [
        0.629619836807251,
        0.6124034821987152,
        0.6361802220344543,
        0.6193529963493347,
        0.6048845648765564,
        0.6101906597614288,
        0.6133068799972534,
        0.6180477440357208,
        0.62440425157547,
        0.6127322316169739,
        0.6079688668251038,
        0.6161018311977386,
        0.6076647043228149,
        0.63137286901474,
        0.6208183765411377,
        0.6166210174560547,
        0.6047779619693756
    ],
    "tr_times": 2.4241199493408203,
    "ev_times": 0.00017952919006347656,
    "test_times": 0.0002033710479736328,
    "param_total_size": 121876,
    "param_total_count": 30469,
    "model_size": 183263
}