{
    "args": {
        "model": "dcnv2",
        "output": "finetune_outputs/binclass-0.8/dcnv2-tuned/diabetes_data_upload",
        "dataset": "diabetes_data_upload",
        "task": "binclass",
        "batch_size": 64,
        "early_stop": 16,
        "reduce_data": 0.8
    },
    "device": "NVIDIA GeForce RTX 3090",
    "best_eval_score": 1.0,
    "final_test_score": 0.944921875,
    "ev_metric": [
        1.0,
        0.9857142857142858,
        1.0,
        1.0,
        1.0,
        1.0,
        1.0,
        1.0,
        1.0,
        1.0,
        1.0,
        1.0,
        1.0,
        1.0,
        1.0,
        1.0,
        1.0
    ],
    "test_metric": [
        0.944921875,
        0.94375,
        0.954296875,
        0.97421875,
        0.954296875,
        0.9484375,
        0.9800781250000001,
        0.976171875,
        0.9765625,
        0.975,
        0.97421875,
        0.97734375,
        0.9796875,
        0.91953125,
        0.9335937499999999,
        0.951953125,
        0.971484375
    ],
    "tr_loss": [
        0.673057347536087,
        0.4606429636478424,
        0.4495420455932617,
        0.49992306530475616,
        0.2959498465061188,
        0.25968383997678757,
        0.26453176885843277,
        0.29364630579948425,
        0.14436398446559728,
        0.1267744144424796,
        0.10661721974611282,
        0.17179974727332592,
        0.8925669118762016,
        0.21886663138866425,
        0.4581589177250862,
        0.0951016959734261,
        0.08859902620315552
    ],
    "tr_times": 0.33568620681762695,
    "ev_times": 0.0002181529998779297,
    "test_times": 0.00020551681518554688,
    "param_total_size": 7083276,
    "param_total_count": 1770804,
    "model_size": 7094357
}