{
    "args": {
        "model": "mlp",
        "output": "finetune_outputs/binclass-0.8/mlp-tuned/train_0406_visualizing_environmental",
        "dataset": "train_0406_visualizing_environmental",
        "task": "binclass",
        "batch_size": 64,
        "early_stop": 16,
        "reduce_data": 0.8
    },
    "device": "NVIDIA GeForce RTX 3090",
    "best_eval_score": 0.75,
    "final_test_score": 0.31060606060606066,
    "ev_metric": [
        0.75,
        0.75,
        0.75,
        0.75,
        0.5,
        0.5,
        0.5,
        0.75,
        0.75,
        0.5,
        0.375,
        0.375,
        0.375,
        0.375,
        0.375,
        0.25,
        0.25
    ],
    "test_metric": [
        0.31060606060606066,
        0.5075757575757576,
        0.5909090909090909,
        0.6212121212121212,
        0.606060606060606,
        0.6590909090909091,
        0.6893939393939394,
        0.7878787878787878,
        0.8106060606060606,
        0.75,
        0.7651515151515151,
        0.7424242424242424,
        0.7727272727272727,
        0.7727272727272727,
        0.7727272727272727,
        0.7121212121212122,
        0.7424242424242424
    ],
    "tr_loss": [
        0.6956271529197693,
        0.9837412238121033,
        0.8930721879005432,
        0.6118372678756714,
        0.9134637713432312,
        0.478291392326355,
        0.4360533058643341,
        0.3992709517478943,
        0.33271247148513794,
        0.38307151198387146,
        17.891307830810547,
        0.27705201506614685,
        0.6507608890533447,
        0.2680799067020416,
        0.2792566418647766,
        0.04626962170004845,
        3.962883710861206
    ],
    "tr_times": 0.31099581718444824,
    "ev_times": 0.0001747608184814453,
    "test_times": 0.00020742416381835938,
    "param_total_size": 15318088,
    "param_total_count": 3829522,
    "model_size": 15326739
}