{
    "args": {
        "output": "finetune_outputs/openml-0.8/ftt-tuned/40978",
        "dataset": "40978",
        "task": "openml",
        "batch_size": 64,
        "early_stop": 16,
        "reduce_data": 0.8
    },
    "device": "NVIDIA GeForce RTX 3090",
    "best_eval_score": 0.9554621848739495,
    "final_test_score": 0.9235399321615788,
    "ev_metric": [
        0.8096638655462185,
        0.9,
        0.9323529411764706,
        0.95,
        0.9554621848739495,
        0.9546218487394957,
        0.9453781512605042,
        0.9390756302521007,
        0.9252100840336134,
        0.9067226890756301,
        0.33109243697478996,
        0.5214285714285715,
        0.6142857142857143,
        0.6739495798319328,
        0.7042016806722688,
        0.7189075630252101,
        0.7483193277310926,
        0.7680672268907563,
        0.776890756302521,
        0.7915966386554621,
        0.7999999999999999
    ],
    "test_metric": [
        0.7783595436324391,
        0.8469935245143386,
        0.8985198889916743,
        0.9182608695652174,
        0.9235399321615788,
        0.9317422139993833,
        0.9405858772741289,
        0.9278569226025286,
        0.9633302497687327,
        0.9402960222016652,
        0.2627937095282146,
        0.42248535306814683,
        0.5123897625655257,
        0.5672648781991982,
        0.5991982732038237,
        0.6162257169287697,
        0.6537711995066297,
        0.685704594511255,
        0.7023373419673142,
        0.7156090040086339,
        0.7253345667591737
    ],
    "tr_loss": [
        0.4054913234252196,
        0.4012163155353986,
        0.41393037828115314,
        0.39876275681532347,
        0.44272035704209256,
        0.39394282033810246,
        0.39270644233776975,
        0.4191308296643771,
        0.4110086285150968,
        0.3772901457089644,
        0.3531946654503162,
        0.39902656410749143,
        0.43514558443656337,
        0.4333487611550551,
        0.4064663900778844,
        0.41290642894231355,
        0.430706276343419,
        0.42214240248386675,
        0.38912838238936204,
        0.4090769290924072,
        0.40677841351582456
    ],
    "tr_times": 52.4920928478241,
    "ev_times": 0.0025758743286132812,
    "test_times": 0.025118350982666016,
    "param_total_size": 5756940,
    "param_total_count": 1437680,
    "model_size": 5777921
}