{
    "args": {
        "model": "tv7.1",
        "output": "finetune_outputs/openml-0.8/tv7.1-tuned/6332",
        "dataset": "6332",
        "task": "openml",
        "batch_size": 64,
        "early_stop": 16,
        "reduce_data": 0.8
    },
    "device": "NVIDIA GeForce RTX 3090",
    "best_eval_score": 0.9571428571428571,
    "final_test_score": 0.6677912730544312,
    "ev_metric": [
        0.9285714285714286,
        0.9285714285714286,
        0.9285714285714286,
        0.9285714285714286,
        0.9428571428571428,
        0.9428571428571428,
        0.9571428571428571,
        0.9571428571428571,
        0.9571428571428571,
        0.9571428571428571,
        0.9571428571428571,
        0.9571428571428571,
        0.9428571428571428,
        0.9428571428571428,
        0.9428571428571428,
        0.9285714285714285,
        0.9142857142857143,
        0.9,
        0.9,
        0.8857142857142857,
        0.8857142857142857,
        0.8714285714285714,
        0.8714285714285714
    ],
    "test_metric": [
        0.6574448942869996,
        0.6614934772829509,
        0.6637426900584795,
        0.6637426900584795,
        0.6655420602789024,
        0.6657669815564553,
        0.6677912730544312,
        0.6707152496626181,
        0.6745389113810167,
        0.6761133603238867,
        0.6801619433198379,
        0.6830859199280253,
        0.6842105263157895,
        0.6829734592892488,
        0.6851102114260009,
        0.6853351327035537,
        0.6853351327035537,
        0.6844354475933423,
        0.6848852901484481,
        0.6869095816464238,
        0.6857849752586594,
        0.6864597390913181,
        0.6855600539811066
    ],
    "tr_loss": [
        0.6891081929206848,
        0.6863168478012085,
        0.6828737258911133,
        0.6788272857666016,
        0.6742465496063232,
        0.6692101955413818,
        0.6638017296791077,
        0.6581059694290161,
        0.6522061824798584,
        0.6461833119392395,
        0.6401125192642212,
        0.6340577602386475,
        0.6280649900436401,
        0.6221591234207153,
        0.6163488626480103,
        0.6106346845626831,
        0.6050162315368652,
        0.5994967222213745,
        0.5940845012664795,
        0.5887914896011353,
        0.5836305618286133,
        0.5786100625991821,
        0.573727548122406
    ],
    "tr_times": 0.028654813766479492,
    "ev_times": 0.00019359588623046875,
    "test_times": 0.00020956993103027344,
    "param_total_size": 3547012,
    "param_total_count": 886734,
    "model_size": 3681117
}