{
    "args": {
        "output": "finetune_outputs/openml-0.8/ftt-tuned/1487",
        "dataset": "1487",
        "task": "openml",
        "batch_size": 64,
        "early_stop": 16,
        "reduce_data": 0.8
    },
    "device": "NVIDIA GeForce RTX 3090",
    "best_eval_score": 0.8140845070422535,
    "final_test_score": 0.6876262626262626,
    "ev_metric": [
        0.7211267605633802,
        0.7014084507042254,
        0.7549295774647887,
        0.8140845070422535,
        0.752112676056338,
        0.7746478873239437,
        0.7943661971830986,
        0.6450704225352113,
        0.36901408450704226,
        0.27323943661971833,
        0.3323943661971831,
        0.3830985915492958,
        0.3971830985915493,
        0.3915492957746479,
        0.3661971830985916,
        0.49014084507042255,
        0.5183098591549296,
        0.5408450704225353,
        0.5549295774647888,
        0.5661971830985915
    ],
    "test_metric": [
        0.7713383838383838,
        0.7481481481481481,
        0.7597222222222222,
        0.6876262626262626,
        0.6819444444444444,
        0.6772516835016835,
        0.7088383838383838,
        0.6739267676767677,
        0.5161195286195286,
        0.49650673400673406,
        0.41759259259259257,
        0.43417508417508416,
        0.41443602693602694,
        0.45147306397306397,
        0.45715488215488215,
        0.6608164983164984,
        0.6590909090909091,
        0.6738425925925926,
        0.7005260942760944,
        0.7134048821548821
    ],
    "tr_loss": [
        0.6381333708763123,
        0.4582254230976105,
        0.3592964231967926,
        0.31344525814056395,
        0.2903598785400391,
        0.27926183938980104,
        0.27814369797706606,
        0.2624390542507172,
        0.25546698570251464,
        0.2500272810459137,
        0.2519443929195404,
        0.2519430249929428,
        0.25110377967357633,
        0.24747994244098664,
        0.2380607008934021,
        0.23774880468845366,
        0.23966560363769532,
        0.2396998167037964,
        0.23553504943847656,
        0.24063895940780639
    ],
    "tr_times": 0.6393966674804688,
    "ev_times": 0.0006401538848876953,
    "test_times": 0.001255035400390625,
    "param_total_size": 385780,
    "param_total_count": 96445,
    "model_size": 404548
}