{
    "args": {
        "model": "xgboost",
        "output": "finetune_outputs/binclass-0.8/xgboost-tuned/train_2389_airlines_seed_0_nrows_2000_nclasses_10_ncols_100_stratify_True",
        "dataset": "train_2389_airlines_seed_0_nrows_2000_nclasses_10_ncols_100_stratify_True",
        "task": "binclass",
        "reduce_data": 0.8
    },
    "device": "NVIDIA GeForce RTX 3090",
    "configs": {
        "metric": "roc_auc",
        "eval_score": 0.7359605911330048,
        "n_trial": 81,
        "dataset": "train_2389_airlines_seed_0_nrows_2000_nclasses_10_ncols_100_stratify_True",
        "model": {
            "booster": "gbtree",
            "n_estimators": 2000,
            "n_jobs": -1,
            "tree_method": "hist",
            "alpha": 0.005299899239335049,
            "colsample_bylevel": 0.5330846898296334,
            "colsample_bytree": 0.7418966501359681,
            "gamma": 0.12335940450203413,
            "lambda": 4.108979355334229e-06,
            "learning_rate": 0.22803836360766974,
            "max_depth": 9,
            "min_child_weight": 0.24114774976799686,
            "subsample": 0.5905303344619294
        },
        "training": {
            "early_stopping_rounds": 20,
            "verbose": false,
            "eval_metric": "error"
        }
    },
    "best_eval_score": 0.7359605911330048,
    "final_test_score": 0.5749190201437393,
    "tr_times": 0.02850508689880371,
    "ev_times": 0.00016641616821289062,
    "test_times": 0.00015544891357421875,
    "param_total_size": 0,
    "param_total_count": 0,
    "model_size": 85521
}