{
    "args": {
        "output": "finetune_outputs/openml-0.8/ftt-tuned/23381",
        "dataset": "23381",
        "task": "openml",
        "batch_size": 64,
        "early_stop": 16,
        "reduce_data": 0.8
    },
    "device": "NVIDIA GeForce RTX 3090",
    "best_eval_score": 0.6111111111111112,
    "final_test_score": 0.5387249736564805,
    "ev_metric": [
        0.5740740740740741,
        0.5185185185185186,
        0.4444444444444444,
        0.4444444444444445,
        0.5,
        0.5185185185185186,
        0.5555555555555556,
        0.5555555555555556,
        0.5555555555555556,
        0.5925925925925927,
        0.6111111111111112,
        0.6111111111111112,
        0.6111111111111112,
        0.5925925925925926,
        0.5925925925925926,
        0.5925925925925926,
        0.5925925925925926,
        0.5925925925925926,
        0.5925925925925926,
        0.5925925925925926,
        0.5925925925925926,
        0.5925925925925926,
        0.5925925925925926,
        0.5925925925925926,
        0.5925925925925926,
        0.5925925925925926,
        0.5925925925925926
    ],
    "test_metric": [
        0.41833508956796633,
        0.4454689146469969,
        0.46048472075869334,
        0.4623287671232877,
        0.4870916754478398,
        0.5084299262381454,
        0.5242360379346681,
        0.5426765015806112,
        0.5461011591148578,
        0.5424130663856691,
        0.5387249736564805,
        0.5432033719704953,
        0.5468914646996839,
        0.5529504741833509,
        0.5545310853530031,
        0.5616438356164384,
        0.565595363540569,
        0.5671759747102213,
        0.565331928345627,
        0.5645416227608009,
        0.5677028451001054,
        0.5690200210748156,
        0.5729715489989463,
        0.5729715489989462,
        0.5761327713382508,
        0.5814014752370917,
        0.5890410958904109
    ],
    "tr_loss": [
        0.7120567560195923,
        0.6799699068069458,
        0.6960212588310242,
        0.7049241662025452,
        0.6604148745536804,
        0.6887722611427307,
        0.6859007477760315,
        0.6582701206207275,
        0.6915528774261475,
        0.6791599988937378,
        0.6427695751190186,
        0.6864261627197266,
        0.6660549640655518,
        0.6782898306846619,
        0.655913233757019,
        0.6321966052055359,
        0.644860029220581,
        0.6521880030632019,
        0.6046440601348877,
        0.6297668814659119,
        0.6291481256484985,
        0.61714768409729,
        0.610489547252655,
        0.6013003587722778,
        0.6024319529533386,
        0.5945109724998474,
        0.5889056921005249
    ],
    "tr_times": 0.4187934398651123,
    "ev_times": 0.0005674362182617188,
    "test_times": 0.000507354736328125,
    "param_total_size": 825916,
    "param_total_count": 206468,
    "model_size": 846273
}