{
    "metric": "roc_auc",
    "eval_score": 0.6331782096906652,
    "n_trial": 51,
    "dataset": "train_2621_sf-police-incidents_seed_2_nrows_2000_nclasses_10_ncols_100_stratify_True",
    "model": {
        "booster": "gbtree",
        "n_estimators": 2000,
        "n_jobs": -1,
        "tree_method": "hist",
        "alpha": 0.033701381175901234,
        "colsample_bylevel": 0.7399506027391191,
        "colsample_bytree": 0.8758327219173423,
        "gamma": 6.078329665067488e-07,
        "lambda": 0.4311437593823887,
        "learning_rate": 0.004745242826703966,
        "max_depth": 9,
        "min_child_weight": 4.754550882699704e-07,
        "subsample": 0.8259470322116211
    },
    "training": {
        "early_stopping_rounds": 20,
        "verbose": false
    }
}