{
    "metric": "roc_auc",
    "eval_score": 1.0,
    "n_trial": 0,
    "dataset": "BankNoteAuthentication",
    "model": {
        "attention_dropout": 0.07870004546533832,
        "d_ffn_factor": 1.7303645649328039,
        "d_token": 232,
        "ffn_dropout": 0.11693752538638685,
        "n_blocks": 3,
        "residual_dropout": 0.013313470716810882
    },
    "training": {
        "batch_size": 64,
        "eval_batch_size": 128,
        "optimizer": "adamw",
        "lr": 1.587602316968508e-05,
        "weight_decay": 7.055134815177713e-06
    }
}