{
    "args": {
        "model": "tv7.2",
        "output": "finetune_outputs/openml-0.8/tv7.2-tuned/1068",
        "dataset": "1068",
        "task": "openml",
        "batch_size": 64,
        "early_stop": 16,
        "reduce_data": 0.8
    },
    "device": "NVIDIA GeForce RTX 3090",
    "best_eval_score": 0.546875,
    "final_test_score": 0.7418207681365575,
    "ev_metric": [
        0.546875,
        0.546875,
        0.546875,
        0.546875,
        0.546875,
        0.546875,
        0.546875,
        0.546875,
        0.546875,
        0.546875,
        0.546875,
        0.546875,
        0.546875,
        0.546875,
        0.546875,
        0.546875,
        0.546875
    ],
    "test_metric": [
        0.7418207681365575,
        0.7414143466775044,
        0.7414143466775046,
        0.7410079252184515,
        0.7410079252184515,
        0.7410079252184515,
        0.7416175574070311,
        0.7416175574070311,
        0.7416175574070311,
        0.7416175574070311,
        0.7414143466775046,
        0.7416175574070311,
        0.7416175574070311,
        0.7414143466775046,
        0.7399918715708188,
        0.7399918715708189,
        0.7401950823003455
    ],
    "tr_loss": [
        0.6629219055175781,
        0.6566835244496664,
        0.6549191077550253,
        0.657920221487681,
        0.6589210033416748,
        0.6571980913480123,
        0.6511615912119547,
        0.6596542000770569,
        0.6637068390846252,
        0.6525247693061829,
        0.6506240566571554,
        0.6509146889050802,
        0.6603880325953165,
        0.6533060073852539,
        0.6504488587379456,
        0.6584300398826599,
        0.6488813757896423
    ],
    "tr_times": 7.107713937759399,
    "ev_times": 0.0001697540283203125,
    "test_times": 0.0001926422119140625,
    "param_total_size": 296204,
    "param_total_count": 74051,
    "model_size": 412511
}