{
    "args": {
        "model": "mlp",
        "output": "finetune_outputs/binclass-0.8/mlp-tuned/train_0446_arsenic-female-bladder",
        "dataset": "train_0446_arsenic-female-bladder",
        "task": "binclass",
        "batch_size": 64,
        "early_stop": 16,
        "reduce_data": 0.8
    },
    "device": "NVIDIA GeForce RTX 3090",
    "best_eval_score": 0.33333333333333337,
    "final_test_score": 0.498046875,
    "ev_metric": [
        0.23333333333333334,
        0.2666666666666667,
        0.2666666666666667,
        0.31111111111111117,
        0.31111111111111117,
        0.32222222222222224,
        0.33333333333333337,
        0.33333333333333337,
        0.33333333333333337,
        0.33333333333333337,
        0.33333333333333337,
        0.33333333333333337,
        0.31111111111111117,
        0.31111111111111117,
        0.31111111111111117,
        0.31111111111111117,
        0.31111111111111117,
        0.31111111111111117,
        0.31111111111111117,
        0.31111111111111117,
        0.31111111111111117,
        0.31111111111111117,
        0.31111111111111117
    ],
    "test_metric": [
        0.5143229166666666,
        0.505859375,
        0.4990234375,
        0.49804687500000006,
        0.49609375,
        0.4938151041666667,
        0.498046875,
        0.4973958333333333,
        0.5013020833333334,
        0.5071614583333334,
        0.5094401041666667,
        0.5146484375,
        0.5162760416666666,
        0.51171875,
        0.51171875,
        0.51171875,
        0.5123697916666666,
        0.513671875,
        0.5162760416666667,
        0.517578125,
        0.517578125,
        0.5172526041666667,
        0.517578125
    ],
    "tr_loss": [
        0.7018887400627136,
        0.7025275528430939,
        0.7005791664123535,
        0.699347972869873,
        0.6988696157932281,
        0.6971768438816071,
        0.6960867345333099,
        0.6973657608032227,
        0.6962986588478088,
        0.6950620412826538,
        0.6951078176498413,
        0.6940068304538727,
        0.6937983632087708,
        0.6926405131816864,
        0.6922700703144073,
        0.6911088228225708,
        0.6908043026924133,
        0.6905016899108887,
        0.6879161298274994,
        0.6872780919075012,
        0.6875812709331512,
        0.6867744326591492,
        0.6838363707065582
    ],
    "tr_times": 0.38219499588012695,
    "ev_times": 0.0003311634063720703,
    "test_times": 0.00022673606872558594,
    "param_total_size": 14273296,
    "param_total_count": 3568324,
    "model_size": 14281875
}