{
    "args": {
        "model": "tv7.3",
        "output": "finetune_outputs/binclass-0.8/tv7.3-tuned/train_0472_analcatdata_marketing",
        "dataset": "train_0472_analcatdata_marketing",
        "task": "binclass",
        "batch_size": 64,
        "early_stop": 16,
        "reduce_data": 0.8
    },
    "device": "NVIDIA GeForce RTX 3090",
    "best_eval_score": 0.46875,
    "final_test_score": 0.5199999999999999,
    "ev_metric": [
        0.46875,
        0.46875,
        0.46875,
        0.46875,
        0.46875,
        0.46875,
        0.46875,
        0.46875,
        0.46875,
        0.46875,
        0.46875,
        0.46875,
        0.46875,
        0.46875,
        0.46875,
        0.46875,
        0.46875
    ],
    "test_metric": [
        0.5199999999999999,
        0.5199999999999999,
        0.5199999999999999,
        0.5199999999999999,
        0.5191304347826087,
        0.5191304347826087,
        0.5191304347826087,
        0.5191304347826087,
        0.52,
        0.52,
        0.52,
        0.52,
        0.52,
        0.52,
        0.5191304347826087,
        0.52,
        0.52
    ],
    "tr_loss": [
        0.6918103694915771,
        0.6917904019355774,
        0.6917704343795776,
        0.6917505264282227,
        0.6917304992675781,
        0.6917105913162231,
        0.6916906237602234,
        0.6916707158088684,
        0.6916507482528687,
        0.6916307210922241,
        0.6916108727455139,
        0.6915908455848694,
        0.6915708780288696,
        0.6915509700775146,
        0.6915310025215149,
        0.6915110945701599,
        0.6914911866188049
    ],
    "tr_times": 1.2983489036560059,
    "ev_times": 0.0002460479736328125,
    "test_times": 0.00022220611572265625,
    "param_total_size": 108660,
    "param_total_count": 27165,
    "model_size": 140895
}