{
    "args": {
        "output": "finetune_outputs/openml-0.8/ftt-tuned/1053",
        "dataset": "1053",
        "task": "openml",
        "batch_size": 64,
        "early_stop": 16,
        "reduce_data": 0.8
    },
    "device": "NVIDIA GeForce RTX 3090",
    "best_eval_score": 0.7511423761423762,
    "final_test_score": 0.6735510237602278,
    "ev_metric": [
        0.7325036075036075,
        0.7395382395382396,
        0.7326238576238576,
        0.7204184704184704,
        0.7335257335257335,
        0.7511423761423762,
        0.7394179894179893,
        0.7406806156806156,
        0.7459114959114959,
        0.7428451178451178,
        0.7415223665223665,
        0.7388167388167389,
        0.7426046176046175,
        0.7399591149591148,
        0.7396584896584897,
        0.7428451178451179,
        0.7435064935064934,
        0.7448893698893699,
        0.7446488696488697,
        0.7445887445887446,
        0.7456709956709957,
        0.7466329966329966
    ],
    "test_metric": [
        0.6667304940934417,
        0.6658333801593237,
        0.6609799743249493,
        0.6441669224086136,
        0.6496418892342005,
        0.6735510237602278,
        0.6689262728384763,
        0.667897325731674,
        0.6708134322874568,
        0.6702108898523036,
        0.6693213401166183,
        0.6692018257813817,
        0.6682874222508461,
        0.669994986017039,
        0.6710502997583778,
        0.6693922274619305,
        0.6698460793678924,
        0.6705290184263875,
        0.6726046344763197,
        0.673062808781386,
        0.6721015072205676,
        0.6723820309224431
    ],
    "tr_loss": [
        0.5123476471219744,
        0.49818322204408194,
        0.4982737544037047,
        0.4934603884106591,
        0.4700266321500142,
        0.48130040225528536,
        0.4922900512104943,
        0.4687785775888534,
        0.46550580859184265,
        0.4632489000047956,
        0.46974467237790424,
        0.4550780767486209,
        0.4543414272013165,
        0.45475311222530546,
        0.46077278824079604,
        0.45810626518158687,
        0.4477608289037432,
        0.4532844381672995,
        0.45125232140223187,
        0.45372040073076886,
        0.4479386480081649,
        0.4458985073225839
    ],
    "tr_times": 1.6785962581634521,
    "ev_times": 0.00049591064453125,
    "test_times": 0.0029349327087402344,
    "param_total_size": 3639044,
    "param_total_count": 909761,
    "model_size": 3658692
}