{
    "metric": "roc_auc",
    "eval_score": 0.762536075036075,
    "n_trial": 93,
    "dataset": "1053",
    "model": {
        "booster": "gbtree",
        "n_estimators": 2000,
        "n_jobs": -1,
        "tree_method": "hist",
        "alpha": 2.8563606443431706e-06,
        "colsample_bylevel": 0.8657753344366469,
        "colsample_bytree": 0.8945456142276862,
        "gamma": 1.5638535749893662e-06,
        "lambda": 0.4204440779509053,
        "learning_rate": 0.07862924663916562,
        "max_depth": 3,
        "min_child_weight": 5.388126970262588e-07,
        "subsample": 0.649164445988921
    },
    "training": {
        "early_stopping_rounds": 20,
        "verbose": false
    }
}