{
    "args": {
        "output": "finetune_outputs/binclass-0.0/ftt-tuned/train_0345_delta_ailerons",
        "dataset": "train_0345_delta_ailerons",
        "task": "binclass",
        "batch_size": 64,
        "early_stop": 16,
        "reduce_data": 0.0
    },
    "device": "NVIDIA GeForce RTX 3090",
    "best_eval_score": 0.9768965091895893,
    "final_test_score": 0.9792075160978846,
    "ev_metric": [
        0.9734118662883928,
        0.9721536943382262,
        0.9733779449858148,
        0.975635253484643,
        0.9750431725669175,
        0.9755735783890465,
        0.975804859997533,
        0.9766559763167634,
        0.9758850376218083,
        0.974367830270137,
        0.9758572838287899,
        0.9747625508819538,
        0.9749198223757247,
        0.9760053040582213,
        0.9768595041322314,
        0.9749938324904404,
        0.9764925373134328,
        0.9755242383125694,
        0.974281485136302,
        0.9751788577772295,
        0.9768965091895893,
        0.9764632416430246,
        0.975255951646725,
        0.9760823979277168,
        0.9752096953250278,
        0.9748365609966696,
        0.9739484396200815,
        0.9750154187738991,
        0.9740810410756136,
        0.9757339336375971,
        0.9749136548661651,
        0.9740902923399531,
        0.9738682619958062,
        0.974793388429752,
        0.9742907364006415,
        0.974281485136302
    ],
    "test_metric": [
        0.9740854170245619,
        0.9737556596825246,
        0.9753215134084864,
        0.9778450456427602,
        0.978243913804985,
        0.9779260040321228,
        0.9792845252975221,
        0.9788540636174972,
        0.979012031206497,
        0.9788007495562099,
        0.979177897174947,
        0.9796893172443343,
        0.9789764884989722,
        0.9797959453669094,
        0.9799894556634342,
        0.9800644902682092,
        0.9790979260830158,
        0.979399051799547,
        0.9790219041808097,
        0.9789192252479597,
        0.9792075160978846,
        0.9792864998923845,
        0.9797840977977343,
        0.979564917767997,
        0.979560968578272,
        0.9800447443195842,
        0.9781511078464477,
        0.9790416501294348,
        0.9793022966512847,
        0.978314999220035,
        0.9794010263944095,
        0.9796932664340593,
        0.9788619619969473,
        0.9794326199122095,
        0.9791166847342097,
        0.9792213382619221
    ],
    "tr_loss": [
        0.3169205892417166,
        0.21812039184280568,
        0.2048793632744087,
        0.20237110777654582,
        0.20385740930214524,
        0.19694201979372236,
        0.19263996416702867,
        0.19095618593403035,
        0.18654603433484832,
        0.19594005319393343,
        0.18601825052044457,
        0.18756184928740063,
        0.18506307103153732,
        0.18518472752637333,
        0.18203090669380295,
        0.18422318736298215,
        0.1846443733924793,
        0.1864207395248943,
        0.1822692310023639,
        0.17973911322446334,
        0.18358454537681407,
        0.18072552823772034,
        0.17694816660756865,
        0.17752469858775535,
        0.17824045004737046,
        0.1789306592092746,
        0.17748000389999813,
        0.17433918971154425,
        0.17649004701524973,
        0.17472106704695356,
        0.178491885204696,
        0.1746808940337764,
        0.1719291815534234,
        0.17344644106924534,
        0.17021075858631068,
        0.17356962296697828
    ]
}