{
    "args": {
        "model": "tv7.4",
        "output": "finetune_outputs/binclass-0.8/tv7.4-tuned/train_1142_Sick_numeric",
        "dataset": "train_1142_Sick_numeric",
        "task": "binclass",
        "batch_size": 64,
        "early_stop": 16,
        "reduce_data": 0.8
    },
    "device": "NVIDIA GeForce RTX 3090",
    "best_eval_score": 0.9724310776942355,
    "final_test_score": 0.9232844790580734,
    "ev_metric": [
        0.949874686716792,
        0.9586466165413533,
        0.9661654135338347,
        0.9711779448621554,
        0.9724310776942355,
        0.9661654135338346,
        0.9661654135338347,
        0.9624060150375939,
        0.9611528822055138,
        0.9624060150375939,
        0.956140350877193,
        0.9624060150375939,
        0.949874686716792,
        0.9548872180451128,
        0.9486215538847118,
        0.9536340852130325,
        0.9373433583959899,
        0.9548872180451127,
        0.9360902255639098,
        0.9586466165413533,
        0.9398496240601504
    ],
    "test_metric": [
        0.9242043294290797,
        0.9235297724903417,
        0.9209848531305576,
        0.9215980867112286,
        0.9232844790580734,
        0.9246949162936163,
        0.9259520451339915,
        0.9264426319985286,
        0.9234377874532409,
        0.9295087999018827,
        0.9259827068130251,
        0.9264426319985284,
        0.9263506469614277,
        0.9273624823695346,
        0.9277917458760043,
        0.9301526951615872,
        0.9320537192616668,
        0.9292021831115473,
        0.9277610841969706,
        0.9285582878518429,
        0.9298460783712517
    ],
    "tr_loss": [
        0.5777367800474167,
        0.543060727417469,
        0.5123366713523865,
        0.48537491634488106,
        0.46309349313378334,
        0.44677330926060677,
        0.4363611564040184,
        0.43033813312649727,
        0.42473742365837097,
        0.4231298230588436,
        0.4206097535789013,
        0.4218386858701706,
        0.4158450774848461,
        0.41326767951250076,
        0.4134866036474705,
        0.4118853285908699,
        0.41124560311436653,
        0.40933309867978096,
        0.4079568237066269,
        0.40708349272608757,
        0.4064277857542038
    ],
    "tr_times": 0.18801641464233398,
    "ev_times": 0.00025153160095214844,
    "test_times": 0.00035762786865234375,
    "param_total_size": 4103744,
    "param_total_count": 1025913,
    "model_size": 4156061
}