{
    "args": {
        "model": "mlp",
        "output": "finetune_outputs/binclass-0.8/mlp-tuned/train_1461_heart-failure",
        "dataset": "train_1461_heart-failure",
        "task": "binclass",
        "batch_size": 64,
        "early_stop": 16,
        "reduce_data": 0.8
    },
    "device": "NVIDIA GeForce RTX 3090",
    "best_eval_score": 0.8095238095238095,
    "final_test_score": 0.8960205391527599,
    "ev_metric": [
        0.8095238095238095,
        0.7619047619047619,
        0.6190476190476191,
        0.6190476190476191,
        0.7142857142857143,
        0.7142857142857143,
        0.6190476190476191,
        0.5714285714285714,
        0.5714285714285714,
        0.5238095238095237,
        0.47619047619047616,
        0.42857142857142855,
        0.3333333333333333,
        0.3333333333333333,
        0.2857142857142857,
        0.2857142857142857,
        0.2857142857142857
    ],
    "test_metric": [
        0.8960205391527599,
        0.8896020539152758,
        0.8549422336328625,
        0.8356867779204108,
        0.8241335044929397,
        0.8189987163029525,
        0.8177150192554556,
        0.8189987163029524,
        0.8080872913992297,
        0.756739409499358,
        0.717586649550706,
        0.7021822849807446,
        0.6688061617458281,
        0.6482670089858794,
        0.631578947368421,
        0.6200256739409499,
        0.6187419768934531
    ],
    "tr_loss": [
        0.7240645289421082,
        0.7190755009651184,
        0.720122218132019,
        0.7098647356033325,
        0.7076535820960999,
        0.701490044593811,
        0.697212815284729,
        0.6997435688972473,
        0.686080813407898,
        0.6853601932525635,
        0.6778717041015625,
        0.6767932772636414,
        0.6733303666114807,
        0.6728072166442871,
        0.6668247580528259,
        0.6646649837493896,
        0.6570990681648254
    ],
    "tr_times": 0.31734490394592285,
    "ev_times": 0.00020456314086914062,
    "test_times": 0.00020956993103027344,
    "param_total_size": 1378252,
    "param_total_count": 344558,
    "model_size": 1385751
}