{
    "metric": "roc_auc",
    "eval_score": 0.8169642857142857,
    "n_trial": 18,
    "dataset": "train_2622_sf-police-incidents_seed_3_nrows_2000_nclasses_10_ncols_100_stratify_True",
    "model": {
        "attention_dropout": 0.12223848377751478,
        "d_ffn_factor": 1.0801418652677872,
        "d_token": 136,
        "ffn_dropout": 0.0732708956216842,
        "n_blocks": 1,
        "residual_dropout": 0.10268618358896124
    },
    "training": {
        "batch_size": 64,
        "eval_batch_size": 128,
        "optimizer": "adamw",
        "lr": 0.00019181040409969893,
        "weight_decay": 0.0003880350955672068
    }
}