{
    "args": {
        "output": "finetune_outputs/binclass-0.8/ftt-tuned/train_2308_electricity_seed_4_nrows_2000_nclasses_10_ncols_100_stratify_True",
        "dataset": "train_2308_electricity_seed_4_nrows_2000_nclasses_10_ncols_100_stratify_True",
        "task": "binclass",
        "batch_size": 64,
        "early_stop": 16,
        "reduce_data": 0.8
    },
    "device": "NVIDIA GeForce RTX 3090",
    "best_eval_score": 0.8291015625,
    "final_test_score": 0.8358,
    "ev_metric": [
        0.62890625,
        0.79296875,
        0.7919921875,
        0.794921875,
        0.794921875,
        0.794921875,
        0.8017578125,
        0.8017578125,
        0.80078125,
        0.798828125,
        0.7919921875,
        0.791015625,
        0.7890625,
        0.796875,
        0.7978515625,
        0.8037109375,
        0.802734375,
        0.810546875,
        0.8046875,
        0.806640625,
        0.8193359375,
        0.8251953125,
        0.8291015625,
        0.8232421875,
        0.82421875,
        0.828125,
        0.8232421875,
        0.8193359375,
        0.814453125,
        0.806640625,
        0.802734375,
        0.8056640625,
        0.8125,
        0.818359375,
        0.8212890625,
        0.8203125,
        0.826171875,
        0.8251953125,
        0.8193359375
    ],
    "test_metric": [
        0.669475,
        0.7892250000000001,
        0.799625,
        0.8024499999999999,
        0.803475,
        0.804975,
        0.8074250000000001,
        0.8090000000000002,
        0.813625,
        0.81985,
        0.8254,
        0.8317749999999999,
        0.838525,
        0.8420500000000001,
        0.84325,
        0.84165,
        0.842975,
        0.8377499999999999,
        0.84095,
        0.8393250000000001,
        0.835575,
        0.8351999999999998,
        0.8358,
        0.8347499999999999,
        0.831925,
        0.8304999999999999,
        0.831475,
        0.832375,
        0.8319,
        0.832125,
        0.83145,
        0.828825,
        0.8274499999999999,
        0.8301499999999999,
        0.8318249999999999,
        0.835375,
        0.8354000000000001,
        0.82985,
        0.830675
    ],
    "tr_loss": [
        0.6789440512657166,
        0.6885583996772766,
        0.6793075203895569,
        0.6403240412473679,
        0.6186791956424713,
        0.6164496541023254,
        0.6014218181371689,
        0.5681338012218475,
        0.5814894884824753,
        0.5641599893569946,
        0.5313423871994019,
        0.5397173315286636,
        0.5304388850927353,
        0.5087825357913971,
        0.48414724320173264,
        0.52273890376091,
        0.4821782633662224,
        0.5412747114896774,
        0.505109891295433,
        0.4699963852763176,
        0.46953044831752777,
        0.48431361466646194,
        0.4665033519268036,
        0.44995223730802536,
        0.4645959362387657,
        0.4544071927666664,
        0.4558017626404762,
        0.440113827586174,
        0.4569391831755638,
        0.448246993124485,
        0.4257958084344864,
        0.4471890553832054,
        0.4386651739478111,
        0.44879423826932907,
        0.41339877992868423,
        0.409437820315361,
        0.4288695603609085,
        0.43523259460926056,
        0.4548671543598175
    ],
    "tr_times": 0.8020765781402588,
    "ev_times": 0.0005435943603515625,
    "test_times": 0.0005486011505126953,
    "param_total_size": 886092,
    "param_total_count": 221522,
    "model_size": 906433
}