{
    "args": {
        "model": "tv7.4",
        "output": "finetune_outputs/binclass-0.8/tv7.4-tuned/train_1333_ricci_vs_destefano",
        "dataset": "train_1333_ricci_vs_destefano",
        "task": "binclass",
        "batch_size": 64,
        "early_stop": 16,
        "reduce_data": 0.8
    },
    "device": "NVIDIA GeForce RTX 3090",
    "best_eval_score": 1.0,
    "final_test_score": 0.916083916083916,
    "ev_metric": [
        1.0,
        1.0,
        1.0,
        1.0,
        1.0,
        1.0,
        1.0,
        1.0,
        1.0,
        1.0,
        1.0,
        1.0,
        1.0,
        1.0,
        1.0,
        1.0,
        1.0
    ],
    "test_metric": [
        0.916083916083916,
        0.916083916083916,
        0.916083916083916,
        0.916083916083916,
        0.916083916083916,
        0.916083916083916,
        0.916083916083916,
        0.8951048951048951,
        0.8951048951048951,
        0.8951048951048951,
        0.8951048951048951,
        0.8881118881118881,
        0.8951048951048952,
        0.8951048951048952,
        0.8881118881118881,
        0.8811188811188811,
        0.8811188811188811
    ],
    "tr_loss": [
        0.6009868383407593,
        0.5996581315994263,
        0.5983265042304993,
        0.596993088722229,
        0.5956587195396423,
        0.5943241119384766,
        0.5929901003837585,
        0.5916579961776733,
        0.5903293490409851,
        0.5890058875083923,
        0.5876893401145935,
        0.5863818526268005,
        0.5850856304168701,
        0.5838028788566589,
        0.5825362801551819,
        0.5812880992889404,
        0.5800601840019226
    ],
    "tr_times": 1.793299674987793,
    "ev_times": 0.00022411346435546875,
    "test_times": 0.00024175643920898438,
    "param_total_size": 479140,
    "param_total_count": 119783,
    "model_size": 495069
}