{
    "args": {
        "model": "tv7.1",
        "output": "finetune_outputs/openml-0.8/tv7.1-tuned/1068",
        "dataset": "1068",
        "task": "openml",
        "batch_size": 64,
        "early_stop": 16,
        "reduce_data": 0.8
    },
    "device": "NVIDIA GeForce RTX 3090",
    "best_eval_score": 0.96875,
    "final_test_score": 0.7769762243446453,
    "ev_metric": [
        0.96875,
        0.96875,
        0.96875,
        0.96875,
        0.96875,
        0.96875,
        0.96875,
        0.96875,
        0.96875,
        0.96875,
        0.96875,
        0.96875,
        0.96875,
        0.96875,
        0.96875,
        0.96875,
        0.953125
    ],
    "test_metric": [
        0.7769762243446453,
        0.7777890672627514,
        0.7781954887218044,
        0.7786019101808576,
        0.77961796382849,
        0.7790083316399105,
        0.7800243852875431,
        0.7808372282056493,
        0.7816500711237553,
        0.7816500711237553,
        0.7824629140418614,
        0.7830725462304411,
        0.783885389148547,
        0.7842918106076,
        0.7849014427961796,
        0.7857142857142857,
        0.7861207071733387
    ],
    "tr_loss": [
        0.6513502796490988,
        0.639595091342926,
        0.6373115380605062,
        0.6367532213528951,
        0.6324677666028341,
        0.6300948262214661,
        0.628161092599233,
        0.6267472902933756,
        0.6367702881495158,
        0.634290079275767,
        0.6199880441029867,
        0.6165163119633993,
        0.6146844824155172,
        0.6161022583643595,
        0.6097192168235779,
        0.6236486832300822,
        0.6379445989926656
    ],
    "tr_times": 2.080789804458618,
    "ev_times": 0.00017714500427246094,
    "test_times": 0.00022149085998535156,
    "param_total_size": 83524,
    "param_total_count": 20881,
    "model_size": 117663
}