{
    "args": {
        "model": "tv7.4",
        "output": "finetune_outputs/binclass-0.8/tv7.4-tuned/train_0472_analcatdata_marketing",
        "dataset": "train_0472_analcatdata_marketing",
        "task": "binclass",
        "batch_size": 64,
        "early_stop": 16,
        "reduce_data": 0.8
    },
    "device": "NVIDIA GeForce RTX 3090",
    "best_eval_score": 0.71875,
    "final_test_score": 0.5295652173913044,
    "ev_metric": [
        0.71875,
        0.625,
        0.59375,
        0.59375,
        0.59375,
        0.5625,
        0.5625,
        0.5625,
        0.5625,
        0.5625,
        0.5625,
        0.5625,
        0.5625,
        0.53125,
        0.53125,
        0.5625,
        0.5625
    ],
    "test_metric": [
        0.5295652173913044,
        0.5304347826086957,
        0.5356521739130434,
        0.5382608695652173,
        0.5356521739130434,
        0.5321739130434782,
        0.5339130434782609,
        0.5321739130434782,
        0.5243478260869565,
        0.5217391304347826,
        0.5269565217391304,
        0.5304347826086956,
        0.5313043478260869,
        0.5304347826086957,
        0.5295652173913044,
        0.5286956521739131,
        0.5286956521739131
    ],
    "tr_loss": [
        0.687372624874115,
        0.686222493648529,
        0.685050368309021,
        0.6838560104370117,
        0.682638943195343,
        0.6813989281654358,
        0.6801353096961975,
        0.6788477897644043,
        0.6775360107421875,
        0.6761994957923889,
        0.6748377680778503,
        0.6734508275985718,
        0.6720382571220398,
        0.6706000566482544,
        0.6691360473632812,
        0.6676463484764099,
        0.6661310195922852
    ],
    "tr_times": 0.027133941650390625,
    "ev_times": 0.00022745132446289062,
    "test_times": 0.00022530555725097656,
    "param_total_size": 1471932,
    "param_total_count": 367974,
    "model_size": 1510621
}