{
    "args": {
        "model": "mlp",
        "output": "finetune_outputs/openml-0.8/mlp-tuned/1050",
        "dataset": "1050",
        "task": "openml",
        "batch_size": 64,
        "early_stop": 16,
        "reduce_data": 0.8
    },
    "device": "NVIDIA GeForce RTX 3090",
    "best_eval_score": 0.8285714285714285,
    "final_test_score": 0.7832621082621083,
    "ev_metric": [
        0.3238095238095238,
        0.2952380952380953,
        0.24761904761904763,
        0.8285714285714285,
        0.7761904761904762,
        0.719047619047619,
        0.7761904761904762,
        0.7714285714285714,
        0.7380952380952381,
        0.7380952380952381,
        0.7428571428571429,
        0.6952380952380952,
        0.719047619047619,
        0.6904761904761905,
        0.6857142857142856,
        0.7095238095238094,
        0.6904761904761905,
        0.6619047619047619,
        0.6857142857142858,
        0.6952380952380953
    ],
    "test_metric": [
        0.3709401709401709,
        0.42257834757834756,
        0.3498575498575499,
        0.7832621082621083,
        0.7870370370370371,
        0.7786324786324786,
        0.8016381766381767,
        0.8031339031339031,
        0.792877492877493,
        0.7889601139601139,
        0.7761396011396012,
        0.7623931623931623,
        0.7757834757834758,
        0.7582621082621083,
        0.7487891737891739,
        0.7553418803418803,
        0.7422364672364673,
        0.7004985754985755,
        0.7507834757834757,
        0.7673076923076924
    ],
    "tr_loss": [
        0.9731689890225729,
        0.6336545348167419,
        0.4687831997871399,
        0.3652145465215047,
        0.3114950855573018,
        0.283401424686114,
        0.3185702959696452,
        0.31486251950263977,
        0.3075866401195526,
        0.2589463144540787,
        0.2639368722836177,
        0.26643216609954834,
        0.24746856093406677,
        0.26071735223134357,
        0.24313615759213766,
        0.235003928343455,
        0.23562107483545938,
        0.23880011339982352,
        0.22036190330982208,
        0.23831073443094888
    ],
    "tr_times": 0.36429429054260254,
    "ev_times": 0.00012445449829101562,
    "test_times": 0.00012302398681640625,
    "param_total_size": 6594368,
    "param_total_count": 1648592,
    "model_size": 6599325
}