{
    "args": {
        "output": "finetune_outputs/binclass-0.8/ftt-tuned/train_1512_eye_movements",
        "dataset": "train_1512_eye_movements",
        "task": "binclass",
        "batch_size": 64,
        "early_stop": 16,
        "reduce_data": 0.8
    },
    "device": "NVIDIA GeForce RTX 3090",
    "best_eval_score": 0.5904326793872615,
    "final_test_score": 0.5663324244846931,
    "ev_metric": [
        0.5904326793872615,
        0.5654393980112873,
        0.5718220908357968,
        0.5739048642837947,
        0.5671190540177372,
        0.5658425154528354,
        0.5624832034399355,
        0.5616097823165815,
        0.5473662993818866,
        0.554420854608976,
        0.5445444772910508,
        0.52714324106423,
        0.5382289707067992,
        0.5463585057780167,
        0.5426632625638269,
        0.542327331362537,
        0.5320478366030638
    ],
    "test_metric": [
        0.5663324244846931,
        0.5861426195907247,
        0.5875266136092457,
        0.6041146841506352,
        0.6103577663389862,
        0.613714577782536,
        0.6171577269689754,
        0.6163392451663814,
        0.6113454701176437,
        0.6062705375905899,
        0.6139131545911821,
        0.604800205829179,
        0.6104043887201466,
        0.6143949191965065,
        0.6127268740038783,
        0.6015651306031037,
        0.5890219833160946
    ],
    "tr_loss": [
        0.7151271104812622,
        0.6980226784944534,
        0.6856462471187115,
        0.6733100600540638,
        0.6617334298789501,
        0.6608752347528934,
        0.6643411703407764,
        0.6534967869520187,
        0.6610886119306087,
        0.6692314743995667,
        0.6456955336034298,
        0.6508040204644203,
        0.6494136713445187,
        0.6468193642795086,
        0.6367426104843616,
        0.6207238771021366,
        0.6315692439675331
    ],
    "tr_times": 1.1936187744140625,
    "ev_times": 0.0005428791046142578,
    "test_times": 0.0012514591217041016,
    "param_total_size": 2867500,
    "param_total_count": 716870,
    "model_size": 2887745
}