{
    "args": {
        "model": "tv7.1",
        "output": "finetune_outputs/binclass-0.8/tv7.1-tuned/train_0424_autoPrice",
        "dataset": "train_0424_autoPrice",
        "task": "binclass",
        "batch_size": 64,
        "early_stop": 16,
        "reduce_data": 0.8
    },
    "device": "NVIDIA GeForce RTX 3090",
    "best_eval_score": 1.0,
    "final_test_score": 0.9783549783549783,
    "ev_metric": [
        1.0,
        1.0,
        1.0,
        1.0,
        1.0,
        1.0,
        1.0,
        1.0,
        1.0,
        1.0,
        1.0,
        1.0,
        1.0,
        1.0,
        1.0,
        1.0,
        1.0
    ],
    "test_metric": [
        0.9783549783549783,
        0.9783549783549783,
        0.9783549783549783,
        0.9783549783549783,
        0.9783549783549783,
        0.9783549783549783,
        0.9783549783549783,
        0.9783549783549783,
        0.9783549783549783,
        0.9783549783549783,
        0.9783549783549783,
        0.9783549783549783,
        0.9783549783549783,
        0.9783549783549783,
        0.9783549783549783,
        0.9783549783549783,
        0.9783549783549783
    ],
    "tr_loss": [
        0.6522054672241211,
        0.652077317237854,
        0.6519490480422974,
        0.651820719242096,
        0.6516923308372498,
        0.6515637636184692,
        0.6514352560043335,
        0.6513064503669739,
        0.651177704334259,
        0.6510488390922546,
        0.6509197950363159,
        0.6507907509803772,
        0.6506615281105042,
        0.6505322456359863,
        0.6504029035568237,
        0.6502733826637268,
        0.6501438021659851
    ],
    "tr_times": 0.3329470157623291,
    "ev_times": 0.0002334117889404297,
    "test_times": 0.0002446174621582031,
    "param_total_size": 96684,
    "param_total_count": 24171
}