{
    "args": {
        "model": "tv7.3",
        "output": "finetune_outputs/openml-0.8/tv7.3-tuned/37",
        "dataset": "37",
        "task": "openml",
        "batch_size": 64,
        "early_stop": 16,
        "reduce_data": 0.8
    },
    "device": "NVIDIA GeForce RTX 3090",
    "best_eval_score": 0.7166666666666666,
    "final_test_score": 0.7637014925373135,
    "ev_metric": [
        0.7166666666666666,
        0.7166666666666666,
        0.7166666666666666,
        0.7166666666666666,
        0.7166666666666666,
        0.7166666666666666,
        0.7166666666666666,
        0.7166666666666666,
        0.7166666666666666,
        0.7166666666666666,
        0.7166666666666666,
        0.7166666666666666,
        0.7166666666666666,
        0.7166666666666666,
        0.7166666666666666,
        0.7166666666666666,
        0.7166666666666666
    ],
    "test_metric": [
        0.7637014925373135,
        0.7637014925373135,
        0.7635820895522387,
        0.7634626865671641,
        0.7634626865671641,
        0.7633432835820895,
        0.7633432835820895,
        0.7633432835820895,
        0.7633432835820895,
        0.7632238805970148,
        0.7633432835820895,
        0.7631044776119402,
        0.7631044776119402,
        0.7631044776119402,
        0.7629850746268656,
        0.7629850746268656,
        0.7629850746268656
    ],
    "tr_loss": [
        0.6588141620159149,
        0.6607422530651093,
        0.6615918278694153,
        0.6593617498874664,
        0.6588179469108582,
        0.6604399085044861,
        0.6570382118225098,
        0.6591105461120605,
        0.6575286984443665,
        0.6587329506874084,
        0.6612206697463989,
        0.6593037545681,
        0.6615988910198212,
        0.656842052936554,
        0.6562870144844055,
        0.6612828075885773,
        0.6569376885890961
    ],
    "tr_times": 5.1816887855529785,
    "ev_times": 0.00024628639221191406,
    "test_times": 0.00037598609924316406,
    "param_total_size": 70436,
    "param_total_count": 17609,
    "model_size": 97887
}