{
    "args": {
        "output": "finetune_outputs/binclass-0.0/ftt-tuned/train_1006_Titanic",
        "dataset": "train_1006_Titanic",
        "task": "binclass",
        "batch_size": 64,
        "early_stop": 16,
        "reduce_data": 0.0
    },
    "device": "NVIDIA GeForce RTX 3090",
    "best_eval_score": 0.7542938227922747,
    "final_test_score": 0.7398252390597767,
    "ev_metric": [
        0.7542201090962701,
        0.7327141382868939,
        0.7016806722689076,
        0.7020123839009288,
        0.7075409111012826,
        0.7318664307828395,
        0.7050346454371222,
        0.7050162170131211,
        0.7328247088309008,
        0.7329721362229102,
        0.7339856995429751,
        0.7542938227922747,
        0.7294707356626862,
        0.72781217750258,
        0.7289915966386554,
        0.7294523072386849,
        0.7326035677428867,
        0.7260614772224679,
        0.7305211558307533,
        0.7336355594869527,
        0.7340962700869822,
        0.730687011646764,
        0.726282618310482,
        0.7307054400707652,
        0.7302078726227333,
        0.730171015774731,
        0.7301894441987321,
        0.7304842989827509
    ],
    "test_metric": [
        0.7519313203636535,
        0.7236798718733808,
        0.7102666164209337,
        0.7096895755805738,
        0.7186867021527157,
        0.7236327664986575,
        0.7102312873898913,
        0.7094776013943191,
        0.722902633190447,
        0.7219251966649395,
        0.7222431579443215,
        0.7398252390597767,
        0.7349498327759196,
        0.7352324650242593,
        0.7347849639643884,
        0.7349027274011964,
        0.7439705120354232,
        0.7276131706627726,
        0.7371402327005512,
        0.7447124216873144,
        0.7449597249046116,
        0.7364454284233831,
        0.7279664609731971,
        0.7366220735785953,
        0.736327664986575,
        0.7362805596118517,
        0.736327664986575,
        0.7357270714588534
    ],
    "tr_loss": [
        0.3909064270555973,
        -0.1820976689288562,
        -0.49033018438653514,
        -0.6722084575078704,
        -0.8230383504520763,
        -0.9291244609789415,
        -1.0395207540555433,
        -1.1433736072345213,
        -1.2325790145180442,
        -1.3024084242907437,
        -1.3809535042806105,
        -1.435192807154222,
        -1.4936444434252651,
        -1.536964619701559,
        -1.5894506627863103,
        -1.6159123236482793,
        -1.666044614531777,
        -1.7039830630475825,
        -1.728710494258187,
        -1.7649888396263123,
        -1.7992825643582777,
        -1.8431867415254766,
        -1.866263297471133,
        -1.9060361331159419,
        -1.9294121807271785,
        -1.9539342360063032,
        -1.9893596361983905,
        -2.0089581283656033
    ]
}