{
    "args": {
        "model": "xgboost",
        "output": "finetune_outputs/binclass-0.8/xgboost-tuned/BankNoteAuthentication",
        "dataset": "BankNoteAuthentication",
        "task": "binclass",
        "reduce_data": 0.8
    },
    "device": "NVIDIA GeForce RTX 3090",
    "configs": {
        "metric": "roc_auc",
        "eval_score": 1.0,
        "n_trial": 6,
        "dataset": "BankNoteAuthentication",
        "model": {
            "booster": "gbtree",
            "n_estimators": 2000,
            "n_jobs": -1,
            "tree_method": "hist",
            "alpha": 2.1603515821615775e-06,
            "colsample_bylevel": 0.6254572398843943,
            "colsample_bytree": 0.9009932738555908,
            "gamma": 0.004659636553719878,
            "lambda": 0.36418201412209966,
            "learning_rate": 0.015450747883117422,
            "max_depth": 6,
            "min_child_weight": 0.8633281514317991,
            "subsample": 0.6763223304509791
        },
        "training": {
            "early_stopping_rounds": 20,
            "verbose": false,
            "eval_metric": "error"
        }
    },
    "best_eval_score": 1.0,
    "final_test_score": 0.9972141862209365,
    "tr_times": 0.051518917083740234,
    "ev_times": 0.00026154518127441406,
    "test_times": 0.00024056434631347656,
    "param_total_size": 0,
    "param_total_count": 0,
    "model_size": 117455
}