{
    "metric": "roc_auc",
    "eval_score": 0.5901948460087996,
    "n_trial": 6,
    "dataset": "piracydataset",
    "model": {
        "booster": "gbtree",
        "n_estimators": 2000,
        "n_jobs": -1,
        "tree_method": "hist",
        "alpha": 1.0176973178826053e-06,
        "colsample_bylevel": 0.625858205380933,
        "colsample_bytree": 0.9893275317810906,
        "gamma": 0.0384988896970291,
        "lambda": 0.1398666892949264,
        "learning_rate": 0.00014175441853297972,
        "max_depth": 6,
        "min_child_weight": 1.0819171246857702,
        "subsample": 0.9028565461973806
    },
    "training": {
        "early_stopping_rounds": 20,
        "verbose": false
    }
}