{
    "args": {
        "model": "xgboost",
        "output": "finetune_outputs/binclass-0.8/xgboost-tuned/train_2304_electricity_seed_0_nrows_2000_nclasses_10_ncols_100_stratify_True",
        "dataset": "train_2304_electricity_seed_0_nrows_2000_nclasses_10_ncols_100_stratify_True",
        "task": "binclass",
        "reduce_data": 0.8
    },
    "device": "NVIDIA GeForce RTX 3090",
    "configs": {
        "metric": "roc_auc",
        "eval_score": 0.88671875,
        "n_trial": 83,
        "dataset": "train_2304_electricity_seed_0_nrows_2000_nclasses_10_ncols_100_stratify_True",
        "model": {
            "booster": "gbtree",
            "n_estimators": 2000,
            "n_jobs": -1,
            "tree_method": "hist",
            "alpha": 0.2579992292854674,
            "colsample_bylevel": 0.7942315750602368,
            "colsample_bytree": 0.7778179036459919,
            "gamma": 0.034865825092977074,
            "lambda": 1.1939333486074216e-07,
            "learning_rate": 8.025725484714842e-05,
            "max_depth": 8,
            "min_child_weight": 2.451273931142083e-05,
            "subsample": 0.8604462269939268
        },
        "training": {
            "early_stopping_rounds": 20,
            "verbose": false,
            "eval_metric": "error"
        }
    },
    "best_eval_score": 0.88671875,
    "final_test_score": 0.8767124999999999,
    "tr_times": 0.035594940185546875,
    "ev_times": 0.0001957416534423828,
    "test_times": 0.00018095970153808594,
    "param_total_size": 0,
    "param_total_count": 0,
    "model_size": 162004
}