{
    "args": {
        "model": "tv7.1",
        "output": "finetune_outputs/binclass-0.8/tv7.1-tuned/train_0541_plasma_retinol",
        "dataset": "train_0541_plasma_retinol",
        "task": "binclass",
        "batch_size": 64,
        "early_stop": 16,
        "reduce_data": 0.8
    },
    "device": "NVIDIA GeForce RTX 3090",
    "best_eval_score": 0.5416666666666666,
    "final_test_score": 0.33641975308641975,
    "ev_metric": [
        0.5,
        0.5,
        0.5416666666666666,
        0.5416666666666666,
        0.5416666666666666,
        0.5416666666666666,
        0.5416666666666666,
        0.5416666666666666,
        0.5416666666666666,
        0.5416666666666666,
        0.5416666666666666,
        0.5416666666666666,
        0.5416666666666666,
        0.5416666666666666,
        0.5416666666666666,
        0.5416666666666666,
        0.5416666666666666,
        0.5416666666666666,
        0.5416666666666666
    ],
    "test_metric": [
        0.33539094650205764,
        0.33641975308641975,
        0.33641975308641975,
        0.3374485596707819,
        0.33436213991769553,
        0.33641975308641975,
        0.3374485596707819,
        0.338477366255144,
        0.338477366255144,
        0.3395061728395062,
        0.3395061728395062,
        0.338477366255144,
        0.338477366255144,
        0.338477366255144,
        0.33744855967078186,
        0.33641975308641975,
        0.33641975308641975,
        0.3343621399176955,
        0.3323045267489712
    ],
    "tr_loss": [
        0.691167950630188,
        0.6911399364471436,
        0.69111168384552,
        0.6910830736160278,
        0.6910542249679565,
        0.6910251379013062,
        0.6909957528114319,
        0.6909660696983337,
        0.6909359693527222,
        0.6909056901931763,
        0.6908750534057617,
        0.6908440589904785,
        0.6908128261566162,
        0.6907811164855957,
        0.6907491683959961,
        0.6907168030738831,
        0.6906841397285461,
        0.6906511187553406,
        0.6906176805496216
    ],
    "tr_times": 0.34732723236083984,
    "ev_times": 0.00026869773864746094,
    "test_times": 0.00029730796813964844,
    "param_total_size": 263068,
    "param_total_count": 65764
}