{
    "args": {
        "model": "tv7.4",
        "output": "finetune_outputs/binclass-0.8/tv7.4-tuned/train_2621_sf-police-incidents_seed_2_nrows_2000_nclasses_10_ncols_100_stratify_True",
        "dataset": "train_2621_sf-police-incidents_seed_2_nrows_2000_nclasses_10_ncols_100_stratify_True",
        "task": "binclass",
        "batch_size": 64,
        "early_stop": 16,
        "reduce_data": 0.8
    },
    "device": "NVIDIA GeForce RTX 3090",
    "best_eval_score": 0.6651785714285714,
    "final_test_score": 0.47752776324204893,
    "ev_metric": [
        0.6651785714285714,
        0.6651785714285714,
        0.6607142857142857,
        0.6584821428571428,
        0.6607142857142857,
        0.6584821428571428,
        0.65625,
        0.6540178571428572,
        0.6495535714285714,
        0.6495535714285714,
        0.6495535714285714,
        0.6495535714285714,
        0.6495535714285714,
        0.6517857142857142,
        0.6517857142857142,
        0.6473214285714286,
        0.6450892857142857
    ],
    "test_metric": [
        0.47752776324204893,
        0.4774114774114774,
        0.4772370486656201,
        0.47653933368219076,
        0.4761323332751904,
        0.47569626141054716,
        0.47508576080004655,
        0.47374847374847373,
        0.47305075876504443,
        0.4730216873074016,
        0.47299261584975866,
        0.4730507587650445,
        0.4725565439851154,
        0.4725856154427583,
        0.47276004418861556,
        0.4719460433746148,
        0.47223675795104364
    ],
    "tr_loss": [
        0.692845955491066,
        0.6926371306180954,
        0.6924299150705338,
        0.6922276020050049,
        0.692027285695076,
        0.6918207108974457,
        0.6916118413209915,
        0.6914150714874268,
        0.6912072747945786,
        0.6910042762756348,
        0.6908067613840103,
        0.6906093657016754,
        0.6904021948575974,
        0.6902020275592804,
        0.6899967193603516,
        0.6897980868816376,
        0.6895937025547028
    ],
    "tr_times": 5.474583387374878,
    "ev_times": 0.00020885467529296875,
    "test_times": 0.000301361083984375,
    "param_total_size": 581792,
    "param_total_count": 145445,
    "model_size": 626525
}