{
    "args": {
        "output": "finetune_outputs/binclass-0.8/ftt-tuned/Customer_Behaviour",
        "dataset": "Customer_Behaviour",
        "task": "binclass",
        "batch_size": 64,
        "early_stop": 16,
        "reduce_data": 0.8
    },
    "device": "NVIDIA GeForce RTX 3090",
    "best_eval_score": 1.0,
    "final_test_score": 0.8816768086544963,
    "ev_metric": [
        0.19999999999999998,
        0.425,
        0.575,
        0.75,
        0.75,
        0.9,
        0.9,
        0.9,
        0.95,
        0.95,
        0.95,
        0.95,
        0.95,
        0.95,
        1.0,
        1.0,
        1.0,
        1.0,
        1.0,
        1.0,
        1.0,
        1.0,
        1.0,
        1.0,
        1.0,
        1.0,
        1.0,
        1.0,
        1.0,
        1.0,
        1.0
    ],
    "test_metric": [
        0.20486815415821502,
        0.24678837052062202,
        0.3542934415145369,
        0.4415145368492225,
        0.54631507775524,
        0.6436781609195402,
        0.7058823529411764,
        0.7565922920892494,
        0.7897227856659905,
        0.8147396889790399,
        0.847870182555781,
        0.854631507775524,
        0.8647734956051386,
        0.8789722785665991,
        0.8816768086544963,
        0.8843813387423934,
        0.8864097363083164,
        0.887762001352265,
        0.8884381338742393,
        0.889790398918188,
        0.8904665314401623,
        0.8911426639621366,
        0.8911426639621366,
        0.8918187964841109,
        0.8918187964841109,
        0.8938471940500339,
        0.8938471940500339,
        0.8938471940500339,
        0.8924949290060853,
        0.8918187964841109,
        0.8918187964841109
    ],
    "tr_loss": [
        0.7752940654754639,
        0.7056406140327454,
        0.7185840606689453,
        0.6625738739967346,
        0.678560197353363,
        0.6937050223350525,
        0.6655033826828003,
        0.6225521564483643,
        0.6229472160339355,
        0.5783563256263733,
        0.6062698364257812,
        0.6091026067733765,
        0.6180984973907471,
        0.5914474129676819,
        0.5958030223846436,
        0.5289684534072876,
        0.5965754985809326,
        0.5820255279541016,
        0.5585010051727295,
        0.560665488243103,
        0.5345184803009033,
        0.5619809031486511,
        0.538335919380188,
        0.5445364117622375,
        0.5282269716262817,
        0.5026367902755737,
        0.5479323863983154,
        0.49626484513282776,
        0.48827308416366577,
        0.47850218415260315,
        0.49455419182777405
    ],
    "tr_times": 0.411757230758667,
    "ev_times": 0.0005757808685302734,
    "test_times": 0.0005440711975097656,
    "param_total_size": 2842332,
    "param_total_count": 710582,
    "model_size": 2862593
}