{
    "args": {
        "model": "tv7.1",
        "output": "finetune_outputs/binclass-0.8/tv7.1-tuned/train_2308_electricity_seed_4_nrows_2000_nclasses_10_ncols_100_stratify_True",
        "dataset": "train_2308_electricity_seed_4_nrows_2000_nclasses_10_ncols_100_stratify_True",
        "task": "binclass",
        "batch_size": 64,
        "early_stop": 16,
        "reduce_data": 0.8
    },
    "device": "NVIDIA GeForce RTX 3090",
    "best_eval_score": 0.7998046875,
    "final_test_score": 0.7782374999999999,
    "ev_metric": [
        0.798828125,
        0.798828125,
        0.798828125,
        0.798828125,
        0.798828125,
        0.7978515625,
        0.798828125,
        0.798828125,
        0.798828125,
        0.7998046875,
        0.7978515625,
        0.796875,
        0.794921875,
        0.794921875,
        0.7939453125,
        0.794921875,
        0.79296875,
        0.79296875,
        0.79296875,
        0.7939453125,
        0.7939453125,
        0.79296875,
        0.79296875,
        0.79296875,
        0.79296875,
        0.7939453125
    ],
    "test_metric": [
        0.777575,
        0.7777000000000001,
        0.777525,
        0.777575,
        0.7775000000000001,
        0.7776500000000001,
        0.778025,
        0.778125,
        0.7780250000000001,
        0.7782374999999999,
        0.7784,
        0.7786500000000001,
        0.7786500000000001,
        0.7787499999999999,
        0.7787250000000001,
        0.778775,
        0.778925,
        0.778875,
        0.7787999999999999,
        0.77875,
        0.778775,
        0.778775,
        0.778675,
        0.7787250000000001,
        0.77875,
        0.7788875
    ],
    "tr_loss": [
        0.6806054264307022,
        0.6805166602134705,
        0.6804256588220596,
        0.6803434789180756,
        0.6802527010440826,
        0.6801673322916031,
        0.6800792515277863,
        0.6799883544445038,
        0.6799039840698242,
        0.6798109859228134,
        0.6797230541706085,
        0.6796330660581589,
        0.6795394718647003,
        0.6794531345367432,
        0.6793620437383652,
        0.6792664080858231,
        0.679167777299881,
        0.6790768802165985,
        0.6789824664592743,
        0.6788885146379471,
        0.6787962317466736,
        0.6786904335021973,
        0.6785988360643387,
        0.6784955710172653,
        0.6783990114927292,
        0.6783016622066498
    ],
    "tr_times": 0.4721715450286865,
    "ev_times": 0.0002696514129638672,
    "test_times": 0.0003070831298828125,
    "param_total_size": 635836,
    "param_total_count": 158958
}