{
    "metric": "roc_auc",
    "eval_score": 1.0,
    "n_trial": 0,
    "dataset": "train_0546_analcatdata_seropositive",
    "model": {
        "attention_dropout": 0.09203208854012135,
        "d_ffn_factor": 1.8522029668970101,
        "d_token": 184,
        "ffn_dropout": 0.38638566785641515,
        "n_blocks": 3,
        "residual_dropout": 0.25425720773888244
    },
    "training": {
        "batch_size": 64,
        "eval_batch_size": 128,
        "optimizer": "adamw",
        "lr": 0.0006559775122949498,
        "weight_decay": 8.103010655034765e-05
    }
}