{
    "args": {
        "output": "finetune_outputs/binclass-0.0/ftt-tuned/train_1619_NBA-2k20-player-dataset",
        "dataset": "train_1619_NBA-2k20-player-dataset",
        "task": "binclass",
        "batch_size": 64,
        "early_stop": 16,
        "reduce_data": 0.0
    },
    "device": "NVIDIA GeForce RTX 3090",
    "best_eval_score": 0.9855072463768116,
    "final_test_score": 0.9186046511627907,
    "ev_metric": [
        0.7318840579710145,
        0.5579710144927537,
        0.8115942028985508,
        0.927536231884058,
        0.9782608695652174,
        0.9855072463768116,
        0.9855072463768116,
        0.9855072463768116,
        0.9855072463768116,
        0.9855072463768116,
        0.9855072463768116,
        0.9855072463768116,
        0.9855072463768116,
        0.9855072463768116,
        0.9855072463768116,
        0.9855072463768116,
        0.9855072463768116,
        0.9855072463768116,
        0.9855072463768116,
        0.9855072463768116,
        0.9855072463768116,
        0.9855072463768116
    ],
    "test_metric": [
        0.8023255813953488,
        0.6337209302325582,
        0.9127906976744187,
        0.936046511627907,
        0.9302325581395349,
        0.9186046511627907,
        0.9069767441860466,
        0.9069767441860466,
        0.9069767441860466,
        0.9127906976744187,
        0.9069767441860466,
        0.9127906976744187,
        0.936046511627907,
        0.9186046511627907,
        0.9476744186046512,
        0.9476744186046512,
        0.9593023255813953,
        0.9767441860465117,
        0.9476744186046512,
        0.9418604651162791,
        0.9593023255813953,
        0.9418604651162791
    ],
    "tr_loss": [
        0.4093558549880981,
        0.13834437727928162,
        0.1119097001850605,
        0.11893326714634896,
        0.09881920516490936,
        0.09489135891199112,
        0.12880923748016357,
        0.09277145192027092,
        0.09148080088198185,
        0.08799703493714332,
        0.08915461525321007,
        0.07882624939084053,
        0.06714831963181496,
        0.06163560524582863,
        0.061195054277777675,
        0.07172113806009292,
        0.0538091279566288,
        0.05788299031555653,
        0.05722467713057995,
        0.04884229078888893,
        0.06130425669252872,
        0.04028666596859694
    ]
}