{
    "args": {
        "output": "finetune_outputs/openml-0.8/ftt-tuned/3",
        "dataset": "3",
        "task": "openml",
        "batch_size": 64,
        "early_stop": 16,
        "reduce_data": 0.8
    },
    "device": "NVIDIA GeForce RTX 3090",
    "best_eval_score": 0.9991304347826088,
    "final_test_score": 0.9928873655002699,
    "ev_metric": [
        0.8456521739130435,
        0.8560869565217392,
        0.8895652173913045,
        0.9234782608695653,
        0.9521739130434782,
        0.9604347826086956,
        0.9682608695652175,
        0.967391304347826,
        0.9656521739130435,
        0.9652173913043478,
        0.9691304347826087,
        0.9682608695652174,
        0.9669565217391305,
        0.9691304347826087,
        0.9678260869565217,
        0.9673913043478262,
        0.9752173913043478,
        0.9743478260869566,
        0.9743478260869565,
        0.991304347826087,
        0.9956521739130435,
        0.9956521739130435,
        0.9904347826086957,
        0.9621739130434783,
        0.9786956521739131,
        0.9947826086956522,
        0.9991304347826088,
        0.9982608695652174,
        0.9873913043478261,
        0.9886956521739131,
        0.9904347826086957,
        0.9878260869565217,
        0.9891304347826088
    ],
    "test_metric": [
        0.8436036511105252,
        0.849234748326993,
        0.8812949640287769,
        0.9258164149308825,
        0.9620010797644607,
        0.9733386066016297,
        0.9852034602684345,
        0.9890705236857635,
        0.9863648348337037,
        0.982133664795912,
        0.9763895689730936,
        0.9872123243813326,
        0.9831129860509498,
        0.9887378055670647,
        0.9881853679360176,
        0.9880535362286087,
        0.9902632867527966,
        0.9901440104460935,
        0.9903637299584416,
        0.9908973344884302,
        0.9921089306565218,
        0.9921214860572274,
        0.9898552362298643,
        0.97810338116941,
        0.9878965937197886,
        0.9922282069632252,
        0.9928873655002699,
        0.9935465240373147,
        0.9916004369279445,
        0.9918578226424096,
        0.9919457104473489,
        0.9918201564402928,
        0.9928748100995642
    ],
    "tr_loss": [
        0.6928325196107229,
        0.6713626980781555,
        0.6429019967714945,
        0.5713313619295756,
        0.474958211183548,
        0.37215610096851987,
        0.3114398370186488,
        0.2554337829351425,
        0.2264590710401535,
        0.24779249727725983,
        0.21667846540609995,
        0.22231404980023703,
        0.1726991149286429,
        0.1640233447154363,
        0.15289369225502014,
        0.17002670094370842,
        0.1225334679087003,
        0.16820304840803146,
        0.15088211745023727,
        0.12248987704515457,
        0.11890735601385434,
        0.09463459129134814,
        0.13814151287078857,
        0.09483957539002101,
        0.0955018661916256,
        0.07185215316712856,
        0.0660540983080864,
        0.07261042917768161,
        0.07053494515518348,
        0.08298613565663497,
        0.05821290984749794,
        0.07605367961029212,
        0.10378225892782211
    ],
    "tr_times": 0,
    "ev_times": 0,
    "test_times": 0,
    "param_total_size": 0,
    "param_total_count": 0,
    "model_size": 0
}