{
    "metric": "roc_auc",
    "eval_score": 1.0,
    "n_trial": 4,
    "dataset": "train_0446_newton_hema",
    "model": {
        "booster": "gbtree",
        "n_estimators": 2000,
        "n_jobs": -1,
        "tree_method": "hist",
        "alpha": 4.687778200035074e-07,
        "colsample_bylevel": 0.5900506937683244,
        "colsample_bytree": 0.666583562074269,
        "gamma": 1.8031449688513068e-05,
        "lambda": 1.9752680232070857e-06,
        "learning_rate": 0.039029418788291796,
        "max_depth": 6,
        "min_child_weight": 0.010928611832713906,
        "subsample": 0.5809573430753859
    },
    "training": {
        "early_stopping_rounds": 20,
        "verbose": false
    }
}