{
    "args": {
        "model": "tv7.1",
        "output": "finetune_outputs/binclass-0.8/tv7.1-tuned/audit_risk",
        "dataset": "audit_risk",
        "task": "binclass",
        "batch_size": 64,
        "early_stop": 16,
        "reduce_data": 0.8
    },
    "device": "NVIDIA GeForce RTX 3090",
    "best_eval_score": 0.9866666666666667,
    "final_test_score": 0.9930974978429681,
    "ev_metric": [
        0.9866666666666667,
        0.9866666666666667,
        0.9866666666666667,
        0.9866666666666667,
        0.9866666666666667,
        0.9866666666666667,
        0.9866666666666667,
        0.9866666666666667,
        0.9866666666666667,
        0.9866666666666667,
        0.9866666666666667,
        0.9866666666666667,
        0.9866666666666667,
        0.9866666666666667,
        0.9866666666666667,
        0.9866666666666667,
        0.9866666666666667
    ],
    "test_metric": [
        0.9930974978429681,
        0.9930974978429681,
        0.9930974978429681,
        0.9930974978429681,
        0.9930974978429681,
        0.9932700603968939,
        0.9934426229508198,
        0.9934426229508198,
        0.9936151855047455,
        0.9936151855047455,
        0.9936151855047455,
        0.9937877480586713,
        0.9937877480586713,
        0.9939603106125972,
        0.9941328731665229,
        0.9943054357204487,
        0.9943054357204487
    ],
    "tr_loss": [
        0.633095383644104,
        0.6335669755935669,
        0.6350982189178467,
        0.6320526003837585,
        0.6311481595039368,
        0.633699357509613,
        0.6291503310203552,
        0.6318049728870392,
        0.6312754154205322,
        0.6355920732021332,
        0.6300786435604095,
        0.6303358674049377,
        0.6271657645702362,
        0.632855623960495,
        0.6314399242401123,
        0.6277649700641632,
        0.6290120184421539
    ],
    "tr_times": 0.3736386299133301,
    "ev_times": 0.00030875205993652344,
    "test_times": 0.00029921531677246094,
    "param_total_size": 2148764,
    "param_total_count": 537188
}