{
    "args": {
        "output": "finetune_outputs/binclass-0.8/ftt-tuned/train_2304_electricity_seed_0_nrows_2000_nclasses_10_ncols_100_stratify_True",
        "dataset": "train_2304_electricity_seed_0_nrows_2000_nclasses_10_ncols_100_stratify_True",
        "task": "binclass",
        "batch_size": 64,
        "early_stop": 16,
        "reduce_data": 0.8
    },
    "device": "NVIDIA GeForce RTX 3090",
    "best_eval_score": 0.845703125,
    "final_test_score": 0.77925,
    "ev_metric": [
        0.6904296875,
        0.732421875,
        0.7392578125,
        0.765625,
        0.791015625,
        0.8046875,
        0.8125,
        0.8193359375,
        0.8203125,
        0.8349609375,
        0.8427734375,
        0.8427734375,
        0.845703125,
        0.8447265625,
        0.84375,
        0.8408203125,
        0.83984375,
        0.8359375,
        0.8330078125,
        0.833984375,
        0.83203125,
        0.83203125,
        0.830078125,
        0.828125,
        0.8271484375,
        0.8251953125,
        0.8232421875,
        0.8212890625,
        0.818359375
    ],
    "test_metric": [
        0.562575,
        0.6301249999999999,
        0.674925,
        0.704475,
        0.726225,
        0.74315,
        0.7562,
        0.7630750000000001,
        0.7672749999999999,
        0.771,
        0.7733749999999999,
        0.7762,
        0.77925,
        0.7811750000000001,
        0.782375,
        0.7831250000000001,
        0.7836750000000001,
        0.7843249999999999,
        0.7848000000000002,
        0.785625,
        0.786025,
        0.7873749999999999,
        0.7893749999999999,
        0.7906500000000001,
        0.79235,
        0.794675,
        0.7969,
        0.79925,
        0.800775
    ],
    "tr_loss": [
        0.7102004885673523,
        0.697676494717598,
        0.7115016579627991,
        0.7061193734407425,
        0.6994689404964447,
        0.7144226133823395,
        0.7069017738103867,
        0.694360762834549,
        0.6762724071741104,
        0.6835009157657623,
        0.664210319519043,
        0.6664258241653442,
        0.6733906865119934,
        0.6698361784219742,
        0.6667481660842896,
        0.6676495522260666,
        0.6639795005321503,
        0.6526792347431183,
        0.6439834088087082,
        0.655443012714386,
        0.657930001616478,
        0.6406411975622177,
        0.640660285949707,
        0.6307214647531509,
        0.6441838294267654,
        0.6247944682836533,
        0.6309361904859543,
        0.6306925117969513,
        0.6159779280424118
    ],
    "tr_times": 0.6783270835876465,
    "ev_times": 0.0005657672882080078,
    "test_times": 0.0005240440368652344,
    "param_total_size": 3731244,
    "param_total_count": 932810,
    "model_size": 3751489
}