{
    "metric": "roc_auc",
    "eval_score": 0.6439205955334987,
    "n_trial": 52,
    "dataset": "train_0437_quake",
    "model": {
        "booster": "gbtree",
        "n_estimators": 2000,
        "n_jobs": -1,
        "tree_method": "hist",
        "alpha": 7.18928346792108e-07,
        "colsample_bylevel": 0.8442910334129016,
        "colsample_bytree": 0.9032810055445261,
        "gamma": 0.00012807272595005418,
        "lambda": 0.8836155285853728,
        "learning_rate": 0.6107532473651948,
        "max_depth": 6,
        "min_child_weight": 1.2185929871149915e-08,
        "subsample": 0.6916875574879914
    },
    "training": {
        "early_stopping_rounds": 20,
        "verbose": false
    }
}