{
    "args": {
        "model": "tv7.1",
        "output": "finetune_outputs/openml-0.8/tv7.1-tuned/1050",
        "dataset": "1050",
        "task": "openml",
        "batch_size": 64,
        "early_stop": 16,
        "reduce_data": 0.8
    },
    "device": "NVIDIA GeForce RTX 3090",
    "best_eval_score": 0.8761904761904762,
    "final_test_score": 0.8,
    "ev_metric": [
        0.8666666666666666,
        0.8714285714285714,
        0.8714285714285716,
        0.8761904761904762,
        0.8761904761904762,
        0.8714285714285714,
        0.8714285714285714,
        0.8714285714285714,
        0.8714285714285714,
        0.8714285714285714,
        0.8714285714285714,
        0.8714285714285714,
        0.8666666666666666,
        0.8666666666666666,
        0.8666666666666666,
        0.8666666666666666,
        0.8619047619047618,
        0.8619047619047618,
        0.8619047619047618,
        0.861904761904762
    ],
    "test_metric": [
        0.8028490028490028,
        0.8021367521367522,
        0.8008547008547009,
        0.8,
        0.799928774928775,
        0.7991452991452992,
        0.7987891737891738,
        0.7982905982905983,
        0.7977920227920228,
        0.7975071225071224,
        0.797008547008547,
        0.7966524216524218,
        0.7966524216524217,
        0.7968660968660969,
        0.7972222222222223,
        0.7972222222222223,
        0.7974358974358974,
        0.7976495726495727,
        0.7975783475783476,
        0.7970797720797721
    ],
    "tr_loss": [
        0.6669775048891703,
        0.6639808019002279,
        0.6612020134925842,
        0.6587251822153727,
        0.6562609275182089,
        0.653831402460734,
        0.6512071490287781,
        0.6488683819770813,
        0.6466891566912333,
        0.6445736090342203,
        0.6420053839683533,
        0.639997124671936,
        0.6376224756240845,
        0.635389506816864,
        0.6334191759427389,
        0.6310067971547445,
        0.6285306016604105,
        0.6266089876492819,
        0.6243830521901449,
        0.6224432786305746
    ],
    "tr_times": 5.327751398086548,
    "ev_times": 0.0001666545867919922,
    "test_times": 0.00023484230041503906,
    "param_total_size": 426252,
    "param_total_count": 106563,
    "model_size": 597535
}