{
    "metric": "roc_auc",
    "eval_score": 0.995433789954338,
    "n_trial": 91,
    "dataset": "train_1752_Wisconsin-breast-cancer-cytology-features",
    "model": {
        "booster": "gbtree",
        "n_estimators": 2000,
        "n_jobs": -1,
        "tree_method": "hist",
        "alpha": 8.180248301615058e-05,
        "colsample_bylevel": 0.6623252580349338,
        "colsample_bytree": 0.7799115898393251,
        "gamma": 0.014582379572498203,
        "lambda": 8.427645056885663e-08,
        "learning_rate": 0.21967336258001105,
        "max_depth": 5,
        "min_child_weight": 0.0005460159673087408,
        "subsample": 0.502208851249586
    },
    "training": {
        "early_stopping_rounds": 20,
        "verbose": false
    }
}