{
    "args": {
        "output": "finetune_outputs/binclass-0.8/ftt-tuned/train_2621_sf-police-incidents_seed_2_nrows_2000_nclasses_10_ncols_100_stratify_True",
        "dataset": "train_2621_sf-police-incidents_seed_2_nrows_2000_nclasses_10_ncols_100_stratify_True",
        "task": "binclass",
        "batch_size": 64,
        "early_stop": 16,
        "reduce_data": 0.8
    },
    "device": "NVIDIA GeForce RTX 3090",
    "best_eval_score": 0.4732142857142857,
    "final_test_score": 0.5634048491191348,
    "ev_metric": [
        0.3794642857142857,
        0.3995535714285714,
        0.3950892857142857,
        0.3861607142857143,
        0.4419642857142857,
        0.4732142857142857,
        0.4642857142857143,
        0.4709821428571429,
        0.46875,
        0.46875000000000006,
        0.4620535714285714,
        0.4575892857142857,
        0.4620535714285714,
        0.453125,
        0.453125,
        0.45089285714285715,
        0.4241071428571429,
        0.4174107142857143,
        0.390625,
        0.3816964285714286,
        0.3794642857142857,
        0.3705357142857143
    ],
    "test_metric": [
        0.5549159834874121,
        0.5663701377987093,
        0.5659049944764231,
        0.5639862782719927,
        0.5670678527821384,
        0.5634048491191348,
        0.5677655677655677,
        0.5710215710215709,
        0.5735217163788593,
        0.569509855224141,
        0.5673004244432817,
        0.5665445665445666,
        0.565149136577708,
        0.5645677074248502,
        0.5678237106808536,
        0.5691609977324263,
        0.5650328507471364,
        0.5626489912204198,
        0.5601488458631315,
        0.5586371300657015,
        0.5580557009128437,
        0.5567765567765568
    ],
    "tr_loss": [
        0.5196199119091034,
        0.4515504240989685,
        0.41559454798698425,
        0.3897038772702217,
        0.38102399557828903,
        0.37769174575805664,
        0.36663179844617844,
        0.37082312256097794,
        0.3684786558151245,
        0.37351155281066895,
        0.3655337914824486,
        0.3640768975019455,
        0.3675430417060852,
        0.3629772216081619,
        0.36317476630210876,
        0.3594687581062317,
        0.362260140478611,
        0.3698659762740135,
        0.3614668846130371,
        0.3592439368367195,
        0.3698762059211731,
        0.3616906777024269
    ],
    "tr_times": 0.5633444786071777,
    "ev_times": 0.0005242824554443359,
    "test_times": 0.0005230903625488281,
    "param_total_size": 454412,
    "param_total_count": 113600,
    "model_size": 475393
}