{
    "metric": "roc_auc",
    "eval_score": 1.0,
    "n_trial": 54,
    "dataset": "train_1408_national-longitudinal-survey-binary",
    "model": {
        "booster": "gbtree",
        "n_estimators": 2000,
        "n_jobs": -1,
        "tree_method": "hist",
        "alpha": 2.106946871779736e-05,
        "colsample_bylevel": 0.6616565051266848,
        "colsample_bytree": 0.7869377959243523,
        "gamma": 0.006673675412997601,
        "lambda": 4.123845469223345e-05,
        "learning_rate": 0.08810328847796817,
        "max_depth": 4,
        "min_child_weight": 5.30317408772e-06,
        "subsample": 0.8755307399791539
    },
    "training": {
        "early_stopping_rounds": 20,
        "verbose": false
    }
}