{
    "args": {
        "output": "finetune_outputs/binclass-0.8/ftt-tuned/train_2389_airlines_seed_0_nrows_2000_nclasses_10_ncols_100_stratify_True",
        "dataset": "train_2389_airlines_seed_0_nrows_2000_nclasses_10_ncols_100_stratify_True",
        "task": "binclass",
        "batch_size": 64,
        "early_stop": 16,
        "reduce_data": 0.8
    },
    "device": "NVIDIA GeForce RTX 3090",
    "best_eval_score": 0.7024630541871922,
    "final_test_score": 0.587926409555623,
    "ev_metric": [
        0.7024630541871922,
        0.6896551724137931,
        0.7024630541871921,
        0.6896551724137931,
        0.7004926108374384,
        0.7014778325123153,
        0.6965517241379311,
        0.6985221674876848,
        0.6935960591133005,
        0.6945812807881774,
        0.6945812807881774,
        0.6886699507389162,
        0.6866995073891626,
        0.6847290640394089,
        0.6857142857142857,
        0.6847290640394089,
        0.6827586206896552
    ],
    "test_metric": [
        0.587926409555623,
        0.6124860815872053,
        0.6084623949792489,
        0.606640348213382,
        0.6063366737524042,
        0.6077285150318857,
        0.607424840570908,
        0.6059317744711002,
        0.6048436076525965,
        0.6047929952424334,
        0.6051472821135742,
        0.6063872861625671,
        0.6070199412896042,
        0.6087154570300638,
        0.6088926004656342,
        0.6077285150318859,
        0.6083105577487601
    ],
    "tr_loss": [
        0.6873470842838287,
        0.6880982518196106,
        0.6925318986177444,
        0.6896102279424667,
        0.6925763785839081,
        0.6821846067905426,
        0.6878953725099564,
        0.664109468460083,
        0.6956590116024017,
        0.6727929413318634,
        0.6898760944604874,
        0.6896899193525314,
        0.6800316125154495,
        0.6788168698549271,
        0.6801774352788925,
        0.6884387284517288,
        0.6804953366518021
    ],
    "tr_times": 0.4228096008300781,
    "ev_times": 0.00030422210693359375,
    "test_times": 0.00039196014404296875,
    "param_total_size": 159916,
    "param_total_count": 39978,
    "model_size": 172817
}