{
    "args": {
        "output": "finetune_outputs/binclass-0.0/ftt-tuned/train_0445_arsenic-male-bladder",
        "dataset": "train_0445_arsenic-male-bladder",
        "task": "binclass",
        "batch_size": 64,
        "early_stop": 16,
        "reduce_data": 0.0
    },
    "device": "NVIDIA GeForce RTX 3090",
    "best_eval_score": 0.9127906976744187,
    "final_test_score": 0.8542056074766355,
    "ev_metric": [
        0.8866279069767442,
        0.9040697674418605,
        0.9069767441860466,
        0.9069767441860466,
        0.9127906976744187,
        0.9098837209302326,
        0.8662790697674418,
        0.8197674418604651,
        0.8197674418604651,
        0.811046511627907,
        0.8023255813953488,
        0.8052325581395349,
        0.811046511627907,
        0.813953488372093,
        0.813953488372093,
        0.8168604651162791,
        0.8197674418604651,
        0.8255813953488372,
        0.8255813953488372,
        0.8255813953488372,
        0.8255813953488372
    ],
    "test_metric": [
        0.811214953271028,
        0.8355140186915888,
        0.8485981308411215,
        0.8542056074766355,
        0.8542056074766355,
        0.8485981308411215,
        0.8598130841121495,
        0.8710280373831776,
        0.8392523364485981,
        0.822429906542056,
        0.8093457943925233,
        0.8093457943925233,
        0.8130841121495327,
        0.8130841121495327,
        0.8093457943925233,
        0.8130841121495327,
        0.8037383177570093,
        0.8074766355140186,
        0.8093457943925233,
        0.805607476635514,
        0.811214953271028
    ],
    "tr_loss": [
        0.2932467373708884,
        0.16128784666458765,
        0.15489089861512184,
        0.15153379614154497,
        0.13613658770918846,
        0.13679671908418337,
        0.11367005047698815,
        0.1128611130019029,
        0.12076660494009654,
        0.1039051382491986,
        0.11306322924792767,
        0.11155986941109101,
        0.1059180951366822,
        0.10382694626847903,
        0.10876049349705379,
        0.1123581292728583,
        0.10741739844282468,
        0.09764032221088807,
        0.09790867070357005,
        0.09669704145441453,
        0.10752317495644093
    ]
}