{
    "args": {
        "model": "tv7.4",
        "output": "finetune_outputs/binclass-0.8/tv7.4-tuned/train_1752_Wisconsin-breast-cancer-cytology-features",
        "dataset": "train_1752_Wisconsin-breast-cancer-cytology-features",
        "task": "binclass",
        "batch_size": 64,
        "early_stop": 16,
        "reduce_data": 0.8
    },
    "device": "NVIDIA GeForce RTX 3090",
    "best_eval_score": 0.9916666666666667,
    "final_test_score": 0.9934329710144927,
    "ev_metric": [
        0.9916666666666667,
        0.9916666666666667,
        0.9916666666666667,
        0.9916666666666667,
        0.9916666666666667,
        0.9916666666666667,
        0.9916666666666667,
        0.9916666666666667,
        0.9916666666666667,
        0.9916666666666667,
        0.9916666666666667,
        0.9916666666666667,
        0.9916666666666667,
        0.9916666666666667,
        0.9916666666666667,
        0.9916666666666667,
        0.9916666666666667
    ],
    "test_metric": [
        0.9934329710144927,
        0.9938858695652174,
        0.9938858695652174,
        0.9938858695652174,
        0.9941123188405797,
        0.9945652173913044,
        0.9950181159420289,
        0.9952445652173912,
        0.9954710144927537,
        0.995697463768116,
        0.9959239130434783,
        0.9959239130434783,
        0.9961503623188406,
        0.9961503623188406,
        0.9961503623188406,
        0.9961503623188406,
        0.9961503623188406
    ],
    "tr_loss": [
        0.6318231821060181,
        0.6264916062355042,
        0.6204246878623962,
        0.6232971549034119,
        0.6151724755764008,
        0.6157499551773071,
        0.6089926362037659,
        0.6036891341209412,
        0.6010825932025909,
        0.6000211238861084,
        0.5980163812637329,
        0.5971826016902924,
        0.5890153348445892,
        0.5861953496932983,
        0.5882228016853333,
        0.5760379731655121,
        0.5757478475570679
    ],
    "tr_times": 0.04201340675354004,
    "ev_times": 0.000232696533203125,
    "test_times": 0.0002624988555908203,
    "param_total_size": 1231752,
    "param_total_count": 307930,
    "model_size": 1278557
}