{
    "metric": "roc_auc",
    "eval_score": 1.0,
    "n_trial": 0,
    "dataset": "train_0446_newton_hema",
    "model": {
        "attention_dropout": 0.05949066152124155,
        "d_ffn_factor": 1.7491028625445466,
        "d_token": 184,
        "ffn_dropout": 0.41082186360373674,
        "n_blocks": 3,
        "residual_dropout": 0.01781065567325163
    },
    "training": {
        "batch_size": 64,
        "eval_batch_size": 128,
        "optimizer": "adamw",
        "lr": 8.097067666702023e-05,
        "weight_decay": 0.0003589852877154028
    }
}