{
    "metric": "roc_auc",
    "eval_score": 0.6847290640394089,
    "n_trial": 62,
    "dataset": "train_2391_airlines_seed_2_nrows_2000_nclasses_10_ncols_100_stratify_True",
    "model": {
        "stacked": false,
        "cross_dropout": 0.4577490284799468,
        "d": 339,
        "hidden_dropout": 0.19869030935886084,
        "n_cross_layers": 1,
        "n_hidden_layers": 6,
        "d_embedding": 99
    },
    "training": {
        "batch_size": 64,
        "eval_batch_size": 64,
        "optimizer": "adamw",
        "lr": 0.008091850430408684,
        "weight_decay": 1.3802899908838223e-05
    }
}