{
    "args": {
        "model": "tv7.1",
        "output": "finetune_outputs/binclass-0.8/tv7.1-tuned/train_0419_pm10",
        "dataset": "train_0419_pm10",
        "task": "binclass",
        "batch_size": 64,
        "early_stop": 16,
        "reduce_data": 0.8
    },
    "device": "NVIDIA GeForce RTX 3090",
    "best_eval_score": 0.484375,
    "final_test_score": 0.7324929971988795,
    "ev_metric": [
        0.484375,
        0.484375,
        0.484375,
        0.484375,
        0.484375,
        0.484375,
        0.484375,
        0.484375,
        0.484375,
        0.484375,
        0.46875,
        0.46875,
        0.46875,
        0.46875,
        0.46875,
        0.46875,
        0.46875
    ],
    "test_metric": [
        0.7324929971988795,
        0.7314925970388155,
        0.7312925170068026,
        0.7316926770708283,
        0.735094037615046,
        0.7346938775510204,
        0.7356942777110844,
        0.7364945978391355,
        0.7372949179671868,
        0.7384953981592637,
        0.7378951580632253,
        0.7378951580632253,
        0.7378951580632253,
        0.7378951580632253,
        0.7386954781912765,
        0.7394957983193278,
        0.7392957182873149
    ],
    "tr_loss": [
        0.692985475063324,
        0.6929540634155273,
        0.692923367023468,
        0.6928932666778564,
        0.6928640007972717,
        0.69283527135849,
        0.6928073763847351,
        0.6927801966667175,
        0.692753791809082,
        0.6927280426025391,
        0.6927030682563782,
        0.6926787495613098,
        0.6926552653312683,
        0.6926323175430298,
        0.6926101446151733,
        0.6925886869430542,
        0.6925678849220276
    ],
    "tr_times": 0.03067493438720703,
    "ev_times": 0.000274658203125,
    "test_times": 0.00027561187744140625,
    "param_total_size": 70916,
    "param_total_count": 17729
}