{
    "args": {
        "model": "tv7.1",
        "output": "finetune_outputs/binclass-0.8/tv7.1-tuned/train_1413_shill-bidding",
        "dataset": "train_1413_shill-bidding",
        "task": "binclass",
        "batch_size": 64,
        "early_stop": 16,
        "reduce_data": 0.8
    },
    "device": "NVIDIA GeForce RTX 3090",
    "best_eval_score": 0.9997488699146158,
    "final_test_score": 0.9955490003277614,
    "ev_metric": [
        0.9997488699146158,
        0.9994977398292315,
        0.9994977398292315,
        0.9994977398292315,
        0.9992466097438474,
        0.9987443495730789,
        0.9987443495730789,
        0.9984932194876946,
        0.9982420894023104,
        0.9979909593169262,
        0.9974886991461578,
        0.9969864389753893,
        0.9964841788046208,
        0.9962330487192366,
        0.9959819186338524,
        0.9959819186338524,
        0.9959819186338524
    ],
    "test_metric": [
        0.9955490003277614,
        0.9955817764667322,
        0.9955621107833497,
        0.995575221238938,
        0.9954834480498197,
        0.9954768928220257,
        0.9953654539495247,
        0.995221238938053,
        0.9950639134709931,
        0.994782038675844,
        0.9945788266142248,
        0.9943756145526057,
        0.9942117338577515,
        0.9940019665683383,
        0.9938577515568666,
        0.9937725335955425,
        0.9937200917731892
    ],
    "tr_loss": [
        0.6664806604385376,
        0.6620026735159067,
        0.6574249313427851,
        0.652268125460698,
        0.6466468801865211,
        0.6405323422872103,
        0.6341053018203149,
        0.6269794427431546,
        0.6196607167904193,
        0.6118158927330604,
        0.6033010620337266,
        0.5950650985424335,
        0.5867329239845276,
        0.5787095840160663,
        0.5709741069720342,
        0.563601227907034,
        0.5565652755590585
    ],
    "tr_times": 0.6732039451599121,
    "ev_times": 0.0003745555877685547,
    "test_times": 0.0006687641143798828,
    "param_total_size": 676924,
    "param_total_count": 169229
}