{
    "args": {
        "model": "mlp",
        "output": "finetune_outputs/binclass-0.8/mlp-tuned/Customer_Behaviour",
        "dataset": "Customer_Behaviour",
        "task": "binclass",
        "batch_size": 64,
        "early_stop": 16,
        "reduce_data": 0.8
    },
    "device": "NVIDIA GeForce RTX 3090",
    "best_eval_score": 1.0,
    "final_test_score": 0.9124408384043273,
    "ev_metric": [
        0.8,
        0.8,
        0.8,
        0.8,
        0.825,
        0.9,
        0.9,
        0.925,
        0.95,
        1.0,
        1.0,
        1.0,
        1.0,
        1.0,
        1.0,
        1.0,
        1.0,
        1.0,
        1.0,
        1.0,
        1.0,
        1.0,
        1.0,
        1.0,
        1.0,
        1.0
    ],
    "test_metric": [
        0.7146720757268424,
        0.718052738336714,
        0.7288708586883028,
        0.7450980392156863,
        0.7653820148749155,
        0.7856659905341448,
        0.8160919540229885,
        0.839080459770115,
        0.8688302907369845,
        0.9124408384043273,
        0.9364435429344152,
        0.9452332657200812,
        0.9465855307640297,
        0.9452332657200812,
        0.947261663286004,
        0.9438810006761326,
        0.9398242055442868,
        0.9367816091954023,
        0.929344151453685,
        0.9286680189317106,
        0.9300202839756593,
        0.934077079107505,
        0.9334009465855307,
        0.9313725490196078,
        0.9334009465855307,
        0.9381338742393509
    ],
    "tr_loss": [
        0.6934267282485962,
        0.6419408917427063,
        0.5557562112808228,
        0.4294644594192505,
        0.324893057346344,
        0.30771738290786743,
        0.29081085324287415,
        0.2504301071166992,
        0.2241259664297104,
        0.21501471102237701,
        0.18872052431106567,
        0.1769518107175827,
        0.13844965398311615,
        0.1600126028060913,
        0.10910461097955704,
        0.0966503769159317,
        0.09227783977985382,
        0.09327054768800735,
        0.13749104738235474,
        0.11718956381082535,
        0.09569265693426132,
        0.14920231699943542,
        0.08369895070791245,
        0.13732346892356873,
        0.07859085500240326,
        0.048557348549366
    ],
    "tr_times": 0.3193809986114502,
    "ev_times": 0.00015687942504882812,
    "test_times": 0.00019979476928710938,
    "param_total_size": 2904568,
    "param_total_count": 726141,
    "model_size": 2909087
}