{
    "args": {
        "model": "tv7.2",
        "output": "finetune_outputs/binclass-0.8/tv7.2-tuned/train_2620_sf-police-incidents_seed_1_nrows_2000_nclasses_10_ncols_100_stratify_True",
        "dataset": "train_2620_sf-police-incidents_seed_1_nrows_2000_nclasses_10_ncols_100_stratify_True",
        "task": "binclass",
        "batch_size": 64,
        "early_stop": 16,
        "reduce_data": 0.8
    },
    "device": "NVIDIA GeForce RTX 3090",
    "best_eval_score": 0.46205357142857145,
    "final_test_score": 0.5577649863364149,
    "ev_metric": [
        0.46205357142857145,
        0.4598214285714286,
        0.45535714285714285,
        0.4508928571428571,
        0.4419642857142857,
        0.4419642857142857,
        0.4441964285714286,
        0.43973214285714285,
        0.4375,
        0.4330357142857143,
        0.43526785714285715,
        0.43526785714285715,
        0.4330357142857143,
        0.421875,
        0.4174107142857143,
        0.4129464285714286,
        0.4040178571428571
    ],
    "test_metric": [
        0.5577649863364149,
        0.5547415547415547,
        0.5499156927728356,
        0.5483458340601198,
        0.5459038316181173,
        0.5437525437525438,
        0.5410198267341124,
        0.5384615384615384,
        0.5354962497819641,
        0.5345078202221059,
        0.5325309611023896,
        0.5299726728298157,
        0.5279958137100994,
        0.5259608116750975,
        0.5241583813012385,
        0.5235769521483808,
        0.5224140938426652
    ],
    "tr_loss": [
        0.6719614863395691,
        0.6692001521587372,
        0.6664505302906036,
        0.663758710026741,
        0.6610618382692337,
        0.6582787483930588,
        0.6555579602718353,
        0.6528756618499756,
        0.650185838341713,
        0.6475336402654648,
        0.6448837071657181,
        0.6422806531190872,
        0.6395567506551743,
        0.6369548141956329,
        0.6343815326690674,
        0.6318756639957428,
        0.6293055564165115
    ],
    "tr_times": 6.644665479660034,
    "ev_times": 0.00021505355834960938,
    "test_times": 0.0002613067626953125,
    "param_total_size": 724860,
    "param_total_count": 181212,
    "model_size": 740317
}