{
    "args": {
        "output": "finetune_outputs/binclass-0.8/ftt-tuned/Breast_Cancer",
        "dataset": "Breast_Cancer",
        "task": "binclass",
        "batch_size": 64,
        "early_stop": 16,
        "reduce_data": 0.8
    },
    "device": "NVIDIA GeForce RTX 3090",
    "best_eval_score": 0.8348623853211009,
    "final_test_score": 0.8329280213623251,
    "ev_metric": [
        0.7568807339449541,
        0.7701834862385321,
        0.7944954128440367,
        0.7816513761467891,
        0.7940366972477064,
        0.7954128440366972,
        0.789908256880734,
        0.7784403669724771,
        0.7788990825688072,
        0.7807339449541284,
        0.7935779816513762,
        0.7912844036697247,
        0.8114678899082568,
        0.8348623853211009,
        0.8307339449541284,
        0.8201834862385321,
        0.8142201834862385,
        0.7981651376146788,
        0.805045871559633,
        0.7935779816513762,
        0.8077981651376147,
        0.7986238532110093,
        0.8050458715596329,
        0.8,
        0.7802752293577981,
        0.7853211009174311,
        0.810091743119266,
        0.8142201834862385,
        0.8036697247706421,
        0.7880733944954128
    ],
    "test_metric": [
        0.7697470376463296,
        0.8034952197029301,
        0.8297689721765252,
        0.8401997949598263,
        0.8416183868583553,
        0.842691271487495,
        0.8494385237107502,
        0.8380301838208998,
        0.8506306177431276,
        0.8329399423026488,
        0.8434303697875688,
        0.8496531006365782,
        0.8414038099325276,
        0.8329280213623251,
        0.8373864530434161,
        0.8406170278711584,
        0.8288033760102996,
        0.8429296902939702,
        0.8406885535131012,
        0.8514054788641728,
        0.8494146818301028,
        0.8528955964046444,
        0.8444913334763846,
        0.8491643420833036,
        0.8541115323176691,
        0.8465894189733687,
        0.8376010299692439,
        0.8341201153947024,
        0.841224995827671,
        0.8276589657392176
    ],
    "tr_loss": [
        0.4551002093487316,
        0.4441930270857281,
        0.5327548947599199,
        0.31885994805230033,
        0.3152466615041097,
        0.28524908009502625,
        0.26752692543798023,
        0.24571840878989962,
        0.4311916381120682,
        0.2812482416629791,
        0.2803289091421498,
        0.29473206566439736,
        0.2607703043354882,
        0.2661372721195221,
        0.24572114646434784,
        0.24952945030397838,
        0.2288774773478508,
        0.2532985657453537,
        0.28152555382500094,
        0.2580898871852292,
        0.2701351030005349,
        0.24579042134185633,
        0.41513843999968636,
        0.3164621972375446,
        0.3044799367586772,
        0.3152325484487746,
        0.22117489410771263,
        0.21858041609326997,
        0.22702833430634606,
        0.38959675365024143
    ],
    "tr_times": 1.5620014667510986,
    "ev_times": 0.0007770061492919922,
    "test_times": 0.0007145404815673828,
    "param_total_size": 6403548,
    "param_total_count": 1600877,
    "model_size": 6432305
}