{
    "metric": "roc_auc",
    "eval_score": 1.0,
    "n_trial": 2,
    "dataset": "new_model",
    "model": {
        "booster": "gbtree",
        "n_estimators": 2000,
        "n_jobs": -1,
        "tree_method": "hist",
        "alpha": 0.0006811856241234909,
        "colsample_bylevel": 0.8221579723486112,
        "colsample_bytree": 0.5920506139990935,
        "gamma": 8.75119539054136e-07,
        "lambda": 0.23779990013622795,
        "learning_rate": 2.006607899657187e-05,
        "max_depth": 4,
        "min_child_weight": 3.652488736218021e-05,
        "subsample": 0.8136116891733336
    },
    "training": {
        "early_stopping_rounds": 20,
        "verbose": false
    }
}