{
    "args": {
        "model": "dcnv2",
        "output": "finetune_outputs/binclass-0.8/dcnv2-tuned/train_2304_electricity_seed_0_nrows_2000_nclasses_10_ncols_100_stratify_True",
        "dataset": "train_2304_electricity_seed_0_nrows_2000_nclasses_10_ncols_100_stratify_True",
        "task": "binclass",
        "batch_size": 64,
        "early_stop": 16,
        "reduce_data": 0.8
    },
    "device": "NVIDIA GeForce RTX 3090",
    "best_eval_score": 0.84375,
    "final_test_score": 0.749475,
    "ev_metric": [
        0.7978515625,
        0.8125,
        0.8212890625,
        0.830078125,
        0.8330078125,
        0.8388671875,
        0.8388671875,
        0.84375,
        0.84375,
        0.83984375,
        0.8408203125,
        0.8349609375,
        0.833984375,
        0.833984375,
        0.83203125,
        0.8291015625,
        0.8232421875,
        0.8232421875,
        0.8232421875,
        0.8232421875,
        0.822265625,
        0.8212890625,
        0.8203125,
        0.8173828125
    ],
    "test_metric": [
        0.689725,
        0.7011000000000001,
        0.7117499999999999,
        0.721575,
        0.7296749999999999,
        0.7374499999999999,
        0.7441249999999999,
        0.749475,
        0.7544,
        0.7590749999999999,
        0.763175,
        0.7672249999999999,
        0.7701,
        0.7728,
        0.7754,
        0.77755,
        0.7791500000000001,
        0.7805000000000002,
        0.7819500000000001,
        0.7833,
        0.7844,
        0.78585,
        0.7867,
        0.7879
    ],
    "tr_loss": [
        0.6796485036611557,
        0.6782016456127167,
        0.676917627453804,
        0.6744791865348816,
        0.6724167764186859,
        0.6713071018457413,
        0.6696177870035172,
        0.6694786995649338,
        0.6669189482927322,
        0.6657996028661728,
        0.6637768149375916,
        0.6624850183725357,
        0.6602095067501068,
        0.6599447429180145,
        0.6580863744020462,
        0.6563066095113754,
        0.6550867855548859,
        0.6545364856719971,
        0.6518766433000565,
        0.6508359163999557,
        0.6504380851984024,
        0.648304894566536,
        0.6463428139686584,
        0.6451164186000824
    ],
    "tr_times": 0.4718012809753418,
    "ev_times": 0.0002701282501220703,
    "test_times": 0.00025844573974609375,
    "param_total_size": 1941584,
    "param_total_count": 485395,
    "model_size": 1956237
}