{
    "metric": "roc_auc",
    "eval_score": 0.9305603679087788,
    "n_trial": 83,
    "dataset": "1461",
    "model": {
        "stacked": false,
        "cross_dropout": 0.03395642469048756,
        "d": 221,
        "hidden_dropout": 0.3176541109952985,
        "n_cross_layers": 1,
        "n_hidden_layers": 2,
        "d_embedding": 65
    },
    "training": {
        "batch_size": 64,
        "eval_batch_size": 64,
        "optimizer": "adamw",
        "lr": 0.00017084779539379582,
        "weight_decay": 0.00011995265018255648
    }
}