{
    "args": {
        "model": "tv7.3",
        "output": "finetune_outputs/openml-0.8/tv7.3-tuned/31",
        "dataset": "31",
        "task": "openml",
        "batch_size": 64,
        "early_stop": 16,
        "reduce_data": 0.8
    },
    "device": "NVIDIA GeForce RTX 3090",
    "best_eval_score": 0.45502645502645506,
    "final_test_score": 0.6934095238095238,
    "ev_metric": [
        0.45502645502645506,
        0.45502645502645506,
        0.45502645502645506,
        0.44973544973544977,
        0.44973544973544977,
        0.44973544973544977,
        0.44973544973544977,
        0.44973544973544977,
        0.44973544973544977,
        0.44973544973544977,
        0.44973544973544977,
        0.44973544973544977,
        0.44973544973544977,
        0.45502645502645506,
        0.45502645502645506,
        0.44973544973544977,
        0.44973544973544977
    ],
    "test_metric": [
        0.6934095238095238,
        0.693104761904762,
        0.6933333333333334,
        0.6935619047619047,
        0.6934857142857144,
        0.6936380952380953,
        0.6934857142857144,
        0.6933333333333331,
        0.6934857142857141,
        0.6938285714285714,
        0.6939428571428572,
        0.6939428571428571,
        0.6937142857142857,
        0.6942476190476191,
        0.6942095238095236,
        0.6943238095238095,
        0.6939428571428571
    ],
    "tr_loss": [
        0.6866344809532166,
        0.6864819228649139,
        0.6863968074321747,
        0.6860791146755219,
        0.6859024465084076,
        0.6857424378395081,
        0.6858835816383362,
        0.6856062710285187,
        0.6854557394981384,
        0.6854798197746277,
        0.6851093173027039,
        0.6852089166641235,
        0.6850945353507996,
        0.6847571432590485,
        0.6848098039627075,
        0.6845059394836426,
        0.6845375597476959
    ],
    "tr_times": 0.044710636138916016,
    "ev_times": 0.0002110004425048828,
    "test_times": 0.00023651123046875,
    "param_total_size": 7364,
    "param_total_count": 1841,
    "model_size": 13151
}