{
    "metric": "roc_auc",
    "eval_score": 1.0,
    "n_trial": 0,
    "dataset": "trial",
    "model": {
        "attention_dropout": 0.16226584506709757,
        "d_ffn_factor": 1.9840298943506598,
        "d_token": 160,
        "ffn_dropout": 0.4927005980577628,
        "n_blocks": 1,
        "residual_dropout": 0.4056805062468115
    },
    "training": {
        "batch_size": 64,
        "eval_batch_size": 128,
        "optimizer": "adamw",
        "lr": 0.0005117289420039398,
        "weight_decay": 7.345028628267871e-05
    }
}