{
    "args": {
        "model": "tv7.3",
        "output": "finetune_outputs/openml-0.8/tv7.3-tuned/1494",
        "dataset": "1494",
        "task": "openml",
        "batch_size": 64,
        "early_stop": 16,
        "reduce_data": 0.8
    },
    "device": "NVIDIA GeForce RTX 3090",
    "best_eval_score": 0.8614718614718615,
    "final_test_score": 0.7936436597110755,
    "ev_metric": [
        0.8614718614718615,
        0.8614718614718615,
        0.8614718614718615,
        0.8614718614718615,
        0.8614718614718615,
        0.8614718614718615,
        0.8614718614718615,
        0.8614718614718615,
        0.8614718614718615,
        0.8571428571428572,
        0.8571428571428572,
        0.8571428571428572,
        0.8528138528138528,
        0.8528138528138528,
        0.8441558441558441,
        0.8441558441558441,
        0.8441558441558441
    ],
    "test_metric": [
        0.7936436597110755,
        0.794991974317817,
        0.7970465489566614,
        0.7986516853932585,
        0.8003852327447833,
        0.8022471910112359,
        0.8039165329052969,
        0.8057142857142857,
        0.8075120385232745,
        0.809438202247191,
        0.8107223113964687,
        0.8123274478330658,
        0.8129052969502408,
        0.8149598715890851,
        0.8167576243980739,
        0.8179775280898876,
        0.8198073836276083
    ],
    "tr_loss": [
        0.6864203810691833,
        0.6861498653888702,
        0.6856911480426788,
        0.6853825449943542,
        0.6850886642932892,
        0.6847632527351379,
        0.684442013502121,
        0.6841792166233063,
        0.6837790608406067,
        0.6834968030452728,
        0.6831726729869843,
        0.6828506588935852,
        0.6824045777320862,
        0.682081401348114,
        0.681679368019104,
        0.6813888251781464,
        0.6809890866279602
    ],
    "tr_times": 0.03845357894897461,
    "ev_times": 0.00019288063049316406,
    "test_times": 0.0002446174621582031,
    "param_total_size": 19272,
    "param_total_count": 4818,
    "model_size": 27167
}