{
    "args": {
        "model": "dcnv2",
        "output": "finetune_outputs/openml-0.8/dcnv2-tuned/1067",
        "dataset": "1067",
        "task": "openml",
        "batch_size": 64,
        "early_stop": 16,
        "reduce_data": 0.8
    },
    "device": "NVIDIA GeForce RTX 3090",
    "best_eval_score": 0.8296296296296296,
    "final_test_score": 0.7877884720551243,
    "ev_metric": [
        0.8296296296296296,
        0.787037037037037,
        0.7574074074074074,
        0.7148148148148148,
        0.6611111111111111,
        0.6333333333333334,
        0.538888888888889,
        0.6666666666666666,
        0.7703703703703704,
        0.7277777777777779,
        0.7407407407407408,
        0.7425925925925926,
        0.6685185185185185,
        0.6870370370370371,
        0.6574074074074073,
        0.6,
        0.48333333333333334
    ],
    "test_metric": [
        0.7877884720551243,
        0.7858744394618835,
        0.7797700426555836,
        0.7616482554960079,
        0.7389806409274855,
        0.7299915235699441,
        0.6818057530351087,
        0.7323020343432135,
        0.7434854533522913,
        0.7629607349885158,
        0.7643552444493056,
        0.768463578694083,
        0.7449483211199824,
        0.755871978562835,
        0.743000109373291,
        0.7188559553756974,
        0.6202832768237995
    ],
    "tr_loss": [
        0.502002090215683,
        0.38160379230976105,
        0.35812970250844955,
        0.355331227183342,
        0.3498637303709984,
        0.339391253888607,
        0.33272113278508186,
        0.4237210303544998,
        0.40415630489587784,
        0.5872365683317184,
        0.35898178815841675,
        0.3346486911177635,
        0.3483799025416374,
        0.3368162661790848,
        0.3682105392217636,
        0.3256949484348297,
        0.3523246943950653
    ],
    "tr_times": 0.44438886642456055,
    "ev_times": 0.0002646446228027344,
    "test_times": 0.00047850608825683594,
    "param_total_size": 10267396,
    "param_total_count": 2566849,
    "model_size": 10282061
}