{
    "args": {
        "model": "tv7.1",
        "output": "finetune_outputs/openml-0.8/tv7.1-tuned/15",
        "dataset": "15",
        "task": "openml",
        "batch_size": 64,
        "early_stop": 16,
        "reduce_data": 0.8
    },
    "device": "NVIDIA GeForce RTX 3090",
    "best_eval_score": 1.0,
    "final_test_score": 0.9944927536231883,
    "ev_metric": [
        1.0,
        1.0,
        1.0,
        1.0,
        1.0,
        1.0,
        1.0,
        1.0,
        1.0,
        1.0,
        1.0,
        1.0,
        1.0,
        1.0,
        1.0,
        1.0,
        1.0
    ],
    "test_metric": [
        0.9944927536231883,
        0.9944927536231883,
        0.9944927536231883,
        0.9944927536231883,
        0.9944927536231883,
        0.9944927536231883,
        0.9944927536231883,
        0.9944927536231883,
        0.9944927536231883,
        0.9944927536231883,
        0.9944927536231883,
        0.9944927536231883,
        0.9944927536231883,
        0.9944927536231883,
        0.9944927536231883,
        0.9944927536231883,
        0.9944927536231883
    ],
    "tr_loss": [
        0.5517925322055817,
        0.5588989853858948,
        0.5567247867584229,
        0.5540708005428314,
        0.5535437762737274,
        0.5486730933189392,
        0.5578359067440033,
        0.5513861775398254,
        0.5590372979640961,
        0.5593976080417633,
        0.5634540617465973,
        0.5542002320289612,
        0.5562189221382141,
        0.5505423843860626,
        0.5540902018547058,
        0.5571508705615997,
        0.5521953999996185
    ],
    "tr_times": 2.711385488510132,
    "ev_times": 0.00018095970153808594,
    "test_times": 0.00019097328186035156,
    "param_total_size": 153380,
    "param_total_count": 38345,
    "model_size": 224479
}