{
    "args": {
        "model": "mlp",
        "output": "finetune_outputs/binclass-0.8/mlp-tuned/train_1898_Personal-Loan-Modeling",
        "dataset": "train_1898_Personal-Loan-Modeling",
        "task": "binclass",
        "batch_size": 64,
        "early_stop": 16,
        "reduce_data": 0.8
    },
    "device": "NVIDIA GeForce RTX 3090",
    "best_eval_score": 0.636885708906044,
    "final_test_score": 0.5258185427145363,
    "ev_metric": [
        0.6119374882319714,
        0.636885708906044,
        0.629354170589343,
        0.601299190359631,
        0.5994163057804557,
        0.6013933345885898,
        0.5944266616456411,
        0.594050084729806,
        0.5911316136320843,
        0.5890604405949915,
        0.5859536810393522,
        0.5891545848239502,
        0.5825644887968368,
        0.5880248540764451,
        0.5914140463189607,
        0.5842590849180945,
        0.5823762003389192,
        0.584070796460177
    ],
    "test_metric": [
        0.5120926557591875,
        0.5258185427145363,
        0.5733340078240928,
        0.5749335144822803,
        0.5723559962228517,
        0.5710527837197201,
        0.5794526025707734,
        0.5905070243394808,
        0.5825311711086701,
        0.5764463008999634,
        0.5714357981152801,
        0.5758802104411169,
        0.5900806498236688,
        0.5891002293268582,
        0.5919186371432426,
        0.5979095604247364,
        0.6027731205796766,
        0.6104671330288489
    ],
    "tr_loss": [
        0.6612827956676484,
        0.6170241475105286,
        0.6063358128070832,
        0.6098797202110291,
        0.6087301135063171,
        0.6055118262767791,
        0.6093752086162567,
        0.6066442340612411,
        0.6076476693153381,
        0.6076669216156005,
        0.6062650620937348,
        0.6040472149848938,
        0.5914367318153382,
        0.6034491837024689,
        0.5895458221435547,
        0.5761055767536163,
        0.5725683301687241,
        0.5725854337215424
    ],
    "tr_times": 0.6827993392944336,
    "ev_times": 0.00026488304138183594,
    "test_times": 0.0003561973571777344,
    "param_total_size": 1023296,
    "param_total_count": 255818,
    "model_size": 1036679
}