{
    "args": {
        "model": "mlp",
        "output": "finetune_outputs/openml-0.8/mlp-tuned/1049",
        "dataset": "1049",
        "task": "openml",
        "batch_size": 64,
        "early_stop": 16,
        "reduce_data": 0.8
    },
    "device": "NVIDIA GeForce RTX 3090",
    "best_eval_score": 0.8564102564102564,
    "final_test_score": 0.798125,
    "ev_metric": [
        0.49230769230769234,
        0.7128205128205128,
        0.558974358974359,
        0.46153846153846156,
        0.7794871794871795,
        0.8564102564102564,
        0.8307692307692308,
        0.8,
        0.7846153846153846,
        0.758974358974359,
        0.7897435897435897,
        0.7076923076923077,
        0.717948717948718,
        0.7282051282051283,
        0.7538461538461538,
        0.7794871794871795,
        0.8102564102564103,
        0.8256410256410257,
        0.7846153846153846,
        0.7897435897435897,
        0.8307692307692307,
        0.7384615384615385
    ],
    "test_metric": [
        0.6111111111111112,
        0.7953472222222222,
        0.7520138888888889,
        0.6602777777777777,
        0.7920138888888889,
        0.798125,
        0.8004166666666667,
        0.8118055555555556,
        0.8006944444444445,
        0.8185416666666667,
        0.8199305555555556,
        0.8224305555555556,
        0.8279861111111112,
        0.8265972222222221,
        0.8401388888888889,
        0.830625,
        0.8349305555555555,
        0.8290277777777777,
        0.8340277777777777,
        0.8277777777777777,
        0.8350694444444444,
        0.8248611111111112
    ],
    "tr_loss": [
        1.0323664247989655,
        0.4678298632303874,
        0.5310653249422709,
        0.44710006316502887,
        0.3714940349260966,
        0.35843777656555176,
        0.32993648449579877,
        0.30856101711591083,
        0.30142442385355633,
        0.3200843681891759,
        0.2735922634601593,
        0.2466577390829722,
        0.23432152469952902,
        0.23569160203138986,
        0.22420490284760794,
        0.25812992950280506,
        0.23469841480255127,
        0.2117565075556437,
        0.2011221001545588,
        0.24669570724169412,
        0.2358336796363195,
        0.21252582470575967
    ],
    "tr_times": 0.3807713985443115,
    "ev_times": 0.00014448165893554688,
    "test_times": 0.0001456737518310547,
    "param_total_size": 1325764,
    "param_total_count": 331441,
    "model_size": 1332057
}