{
    "args": {
        "model": "tv7.1",
        "output": "finetune_outputs/binclass-0.8/tv7.1-tuned/train_0406_visualizing_environmental",
        "dataset": "train_0406_visualizing_environmental",
        "task": "binclass",
        "batch_size": 64,
        "early_stop": 16,
        "reduce_data": 0.8
    },
    "device": "NVIDIA GeForce RTX 3090",
    "best_eval_score": 0.875,
    "final_test_score": 0.47727272727272724,
    "ev_metric": [
        0.875,
        0.875,
        0.875,
        0.875,
        0.875,
        0.875,
        0.875,
        0.875,
        0.875,
        0.875,
        0.875,
        0.875,
        0.875,
        0.875,
        0.875,
        0.875,
        0.875
    ],
    "test_metric": [
        0.47727272727272724,
        0.47727272727272724,
        0.47727272727272724,
        0.47727272727272724,
        0.47727272727272724,
        0.47727272727272724,
        0.47727272727272724,
        0.47727272727272724,
        0.47727272727272724,
        0.47727272727272724,
        0.47727272727272724,
        0.47727272727272724,
        0.47727272727272724,
        0.47727272727272724,
        0.47727272727272724,
        0.47727272727272724,
        0.47727272727272724
    ],
    "tr_loss": [
        0.6804435849189758,
        0.6804239749908447,
        0.6804043054580688,
        0.6803846955299377,
        0.6803651452064514,
        0.6803455948829651,
        0.6803261637687683,
        0.680306613445282,
        0.6802870631217957,
        0.6802675724029541,
        0.6802480816841125,
        0.6802286505699158,
        0.6802091598510742,
        0.6801897287368774,
        0.6801702976226807,
        0.6801508665084839,
        0.6801314949989319
    ],
    "tr_times": 0.029398441314697266,
    "ev_times": 0.00030541419982910156,
    "test_times": 0.0002808570861816406,
    "param_total_size": 20112,
    "param_total_count": 5028
}