{
    "args": {
        "output": "finetune_outputs/binclass-0.8/ftt-tuned/train_1742_Loan-Predication",
        "dataset": "train_1742_Loan-Predication",
        "task": "binclass",
        "batch_size": 64,
        "early_stop": 16,
        "reduce_data": 0.8
    },
    "device": "NVIDIA GeForce RTX 3090",
    "best_eval_score": 0.9761904761904763,
    "final_test_score": 0.7241486068111455,
    "ev_metric": [
        0.34523809523809523,
        0.5238095238095238,
        0.6666666666666667,
        0.7023809523809524,
        0.738095238095238,
        0.7023809523809524,
        0.6785714285714285,
        0.6904761904761905,
        0.7142857142857143,
        0.7380952380952381,
        0.8095238095238095,
        0.8690476190476192,
        0.9166666666666666,
        0.9404761904761905,
        0.9761904761904763,
        0.9761904761904763,
        0.9642857142857144,
        0.9166666666666667,
        0.8928571428571429,
        0.8928571428571428,
        0.8690476190476191,
        0.9047619047619049,
        0.8928571428571429,
        0.9047619047619048,
        0.8928571428571429,
        0.8571428571428572,
        0.8809523809523809,
        0.9047619047619049,
        0.9285714285714286,
        0.9404761904761906,
        0.9404761904761906
    ],
    "test_metric": [
        0.4544891640866873,
        0.5021671826625387,
        0.6631578947368422,
        0.7294117647058823,
        0.7300309597523219,
        0.7219814241486069,
        0.7126934984520124,
        0.711764705882353,
        0.7188854489164087,
        0.7312693498452012,
        0.7374613003095976,
        0.7458204334365325,
        0.7386996904024768,
        0.7284829721362228,
        0.7241486068111455,
        0.7229102167182663,
        0.721671826625387,
        0.731578947368421,
        0.7390092879256965,
        0.7284829721362229,
        0.7179566563467492,
        0.7247678018575852,
        0.7260061919504645,
        0.7328173374613003,
        0.7263157894736842,
        0.7195046439628483,
        0.7284829721362229,
        0.7377708978328174,
        0.7393188854489164,
        0.7386996904024767,
        0.7380804953560371
    ],
    "tr_loss": [
        0.6840897798538208,
        0.6620257794857025,
        0.6260064840316772,
        0.6546273827552795,
        0.5820465683937073,
        0.5949919521808624,
        0.5926457345485687,
        0.5850044786930084,
        0.515129804611206,
        0.4527996927499771,
        0.40930764377117157,
        0.4255792647600174,
        0.44639264047145844,
        0.3278406709432602,
        0.4283591955900192,
        0.35664020478725433,
        0.4272240996360779,
        0.32236893475055695,
        0.37355585396289825,
        0.4044017642736435,
        0.3804434835910797,
        0.3952648639678955,
        0.3465157151222229,
        0.46433258056640625,
        0.4021715521812439,
        0.3577685207128525,
        0.390893891453743,
        0.3118758350610733,
        0.46672067046165466,
        0.5055578500032425,
        0.384261891245842
    ],
    "tr_times": 0.5725452899932861,
    "ev_times": 0.0007228851318359375,
    "test_times": 0.0006647109985351562,
    "param_total_size": 2710348,
    "param_total_count": 677581,
    "model_size": 2739057
}