{
    "args": {
        "output": "finetune_outputs/binclass-0.0/ftt-tuned/train_2620_sf-police-incidents_seed_1_nrows_2000_nclasses_10_ncols_100_stratify_True",
        "dataset": "train_2620_sf-police-incidents_seed_1_nrows_2000_nclasses_10_ncols_100_stratify_True",
        "task": "binclass",
        "batch_size": 64,
        "early_stop": 16,
        "reduce_data": 0.0
    },
    "device": "NVIDIA GeForce RTX 3090",
    "best_eval_score": 0.6025184779633177,
    "final_test_score": 0.4901447758590615,
    "ev_metric": [
        0.582261155214892,
        0.6015147367460535,
        0.5829911488274477,
        0.5830823980290172,
        0.5983210146911214,
        0.5883748517200474,
        0.6025184779633177,
        0.5893785929373118,
        0.5685737749794689,
        0.555616388356602,
        0.5492289442467378,
        0.5366365544301487,
        0.5270553882653527,
        0.5672050369559266,
        0.5895610913404508,
        0.5804361711835021,
        0.5662012957386624,
        0.5832648964321562,
        0.5660187973355233,
        0.5581713660005474,
        0.5704900082124281,
        0.5953097910393285,
        0.5998722511178027
    ],
    "test_metric": [
        0.524507238792953,
        0.5064829350543636,
        0.5006686435257863,
        0.4897377754520611,
        0.4965986394557823,
        0.4943310657596372,
        0.4901447758590615,
        0.4838653410081981,
        0.47520204663061805,
        0.4673527530670388,
        0.46764346764346765,
        0.4453747310890168,
        0.45078202221059366,
        0.4722949008663294,
        0.46613175184603756,
        0.457584743299029,
        0.4720041862899006,
        0.4805511948369091,
        0.46060817489388917,
        0.4674690388976104,
        0.46950404093261233,
        0.469329612186755,
        0.4753764753764754
    ],
    "tr_loss": [
        0.40934122502803805,
        0.3697356231510639,
        0.3769255705177784,
        0.3716069027781487,
        0.3710031405091286,
        0.3689199730753899,
        0.37087397575378417,
        0.37052598521113395,
        0.3668570637702942,
        0.3653122067451477,
        0.36873649135231973,
        0.3631728120148182,
        0.36377051249146464,
        0.36540063470602036,
        0.3669090896844864,
        0.367439803481102,
        0.36329474225640296,
        0.3667940258979797,
        0.36211044192314146,
        0.3608800582587719,
        0.3606091544032097,
        0.3625518210232258,
        0.36311285346746447
    ]
}