{
    "args": {
        "model": "xgboost",
        "output": "finetune_outputs/binclass-0.8/xgboost-tuned/Customer_Behaviour",
        "dataset": "Customer_Behaviour",
        "task": "binclass",
        "reduce_data": 0.8
    },
    "device": "NVIDIA GeForce RTX 3090",
    "configs": {
        "metric": "roc_auc",
        "eval_score": 1.0,
        "n_trial": 2,
        "dataset": "Customer_Behaviour",
        "model": {
            "booster": "gbtree",
            "n_estimators": 2000,
            "n_jobs": -1,
            "tree_method": "hist",
            "alpha": 2.7465940307905844e-06,
            "colsample_bylevel": 0.8685859906189904,
            "colsample_bytree": 0.7813102385791741,
            "gamma": 3.296549910145925e-07,
            "lambda": 3.690998595380604,
            "learning_rate": 0.000638284336609793,
            "max_depth": 5,
            "min_child_weight": 0.0002526599426767142,
            "subsample": 0.8889687976147536
        },
        "training": {
            "early_stopping_rounds": 20,
            "verbose": false,
            "eval_metric": "error"
        }
    },
    "best_eval_score": 1.0,
    "final_test_score": 0.932048681541582,
    "tr_times": 0.014189004898071289,
    "ev_times": 0.00016236305236816406,
    "test_times": 0.00013780593872070312,
    "param_total_size": 0,
    "param_total_count": 0,
    "model_size": 17874
}