{
    "args": {
        "output": "finetune_outputs/binclass-0.0/ftt-tuned/train_0509_pollen",
        "dataset": "train_0509_pollen",
        "task": "binclass",
        "batch_size": 64,
        "early_stop": 16,
        "reduce_data": 0.0
    },
    "device": "NVIDIA GeForce RTX 3090",
    "best_eval_score": 0.5289572440546467,
    "final_test_score": 0.49359419800978244,
    "ev_metric": [
        0.4666891550008433,
        0.5097613425535503,
        0.5225427981109798,
        0.5285988362287064,
        0.5289572440546467,
        0.507484398718165,
        0.5234124641592174,
        0.5131556754933378,
        0.510931438691179,
        0.5288412885815483,
        0.4749167228875021,
        0.5102146230392983,
        0.512428318434812,
        0.5129817422836903,
        0.506019143194468,
        0.4975016866250633,
        0.49549354865913303,
        0.49991566874683757,
        0.4971380080958003,
        0.5015179625569236
    ],
    "test_metric": [
        0.5139214032720527,
        0.5018316748186878,
        0.489789171867094,
        0.49151627593186037,
        0.49359419800978244,
        0.49595547309833027,
        0.49136785292629453,
        0.49201214370045543,
        0.49355371900826445,
        0.487562826783606,
        0.5414268848035082,
        0.49285208298195315,
        0.5340833192781245,
        0.48966773486254,
        0.49229212346095463,
        0.49998313374936754,
        0.5160094451003542,
        0.5006476640242874,
        0.5016798785629955,
        0.5012615955473099
    ],
    "tr_loss": [
        0.7022595986341819,
        0.6959349772869012,
        0.7009965716264187,
        0.699434498945872,
        0.6949283602910165,
        0.695245976631458,
        0.6953209745578277,
        0.6960961665862646,
        0.6938336736116654,
        0.695045686685122,
        0.6967122463079599,
        0.6957856218020121,
        0.6943114888973725,
        0.6949876714975406,
        0.6930566338392404,
        0.6954446648940061,
        0.6942663620679806,
        0.693958716514783,
        0.6940837747011429,
        0.6943768996458787
    ]
}