{
    "args": {
        "model": "xgboost",
        "output": "finetune_outputs/openml-0.8/xgboost-tuned/1461",
        "dataset": "1461",
        "task": "openml",
        "reduce_data": 0.8
    },
    "device": "NVIDIA GeForce RTX 3090",
    "configs": {
        "metric": "roc_auc",
        "eval_score": 0.7709967345995947,
        "n_trial": 32,
        "dataset": "1461",
        "model": {
            "booster": "gbtree",
            "n_estimators": 2000,
            "n_jobs": -1,
            "tree_method": "hist",
            "alpha": 6.678240121563574e-08,
            "colsample_bylevel": 0.8402407689843877,
            "colsample_bytree": 0.7066709534778643,
            "gamma": 3.518713444181188,
            "lambda": 6.779275738661307e-05,
            "learning_rate": 0.24139604351930183,
            "max_depth": 8,
            "min_child_weight": 0.00021439871174277719,
            "subsample": 0.9542536265613304
        },
        "training": {
            "early_stopping_rounds": 20,
            "verbose": false,
            "eval_metric": "error"
        }
    },
    "best_eval_score": 0.7709967345995947,
    "final_test_score": 0.7694227580057178,
    "tr_times": 0.021816253662109375,
    "ev_times": 0.00025844573974609375,
    "test_times": 0.0008840560913085938,
    "param_total_size": 0,
    "param_total_count": 0,
    "model_size": 32730
}