{
    "args": {
        "model": "tv7.2",
        "output": "finetune_outputs/binclass-0.8/tv7.2-tuned/BankNoteAuthentication",
        "dataset": "BankNoteAuthentication",
        "task": "binclass",
        "batch_size": 64,
        "early_stop": 16,
        "reduce_data": 0.8
    },
    "device": "NVIDIA GeForce RTX 3090",
    "best_eval_score": 0.9873684210526317,
    "final_test_score": 0.9965177327761705,
    "ev_metric": [
        0.9873684210526317,
        0.9873684210526317,
        0.9873684210526317,
        0.9873684210526317,
        0.9873684210526317,
        0.9873684210526317,
        0.9873684210526317,
        0.9852631578947368,
        0.9852631578947368,
        0.9852631578947368,
        0.9852631578947368,
        0.9852631578947368,
        0.9852631578947368,
        0.9852631578947368,
        0.9852631578947368,
        0.9873684210526317,
        0.9873684210526317
    ],
    "test_metric": [
        0.9965177327761705,
        0.9965177327761705,
        0.9965177327761705,
        0.9965177327761705,
        0.9965177327761705,
        0.9965177327761705,
        0.9965177327761705,
        0.9965177327761705,
        0.9965177327761705,
        0.9965177327761705,
        0.9965177327761705,
        0.9965177327761705,
        0.9965177327761705,
        0.9965177327761705,
        0.9965177327761705,
        0.9965177327761705,
        0.9965177327761705
    ],
    "tr_loss": [
        0.6609676678975424,
        0.6608767112096151,
        0.660713771979014,
        0.6603946884473165,
        0.6606473525365194,
        0.6607613762219747,
        0.6603818933169047,
        0.6606759627660116,
        0.6601788202921549,
        0.6602118810017904,
        0.6601971785227457,
        0.6601183613141378,
        0.6598792870839437,
        0.6597502032915751,
        0.6599695483843485,
        0.6595340569814047,
        0.6597271958986918
    ],
    "tr_times": 6.909372329711914,
    "ev_times": 0.00018358230590820312,
    "test_times": 0.00019788742065429688,
    "param_total_size": 376244,
    "param_total_count": 94061,
    "model_size": 562399
}