{
    "args": {
        "model": "tv7.2",
        "output": "finetune_outputs/openml-0.8/tv7.2-tuned/1510",
        "dataset": "1510",
        "task": "openml",
        "batch_size": 64,
        "early_stop": 16,
        "reduce_data": 0.8
    },
    "device": "NVIDIA GeForce RTX 3090",
    "best_eval_score": 0.9242424242424242,
    "final_test_score": 0.9754716981132077,
    "ev_metric": [
        0.9090909090909092,
        0.9090909090909092,
        0.9090909090909092,
        0.9242424242424242,
        0.9090909090909092,
        0.8939393939393939,
        0.8939393939393939,
        0.8939393939393939,
        0.8939393939393939,
        0.8939393939393939,
        0.8939393939393939,
        0.8939393939393939,
        0.8939393939393939,
        0.8939393939393939,
        0.8939393939393939,
        0.8939393939393939,
        0.8939393939393939,
        0.8939393939393939,
        0.8939393939393939,
        0.8939393939393939
    ],
    "test_metric": [
        0.9750524109014675,
        0.9748427672955975,
        0.9748427672955975,
        0.9754716981132077,
        0.9761006289308176,
        0.9769392033542977,
        0.9777777777777777,
        0.9771488469601678,
        0.9779874213836479,
        0.9788259958071279,
        0.980083857442348,
        0.980712788259958,
        0.9807127882599581,
        0.9809224318658282,
        0.9805031446540882,
        0.9807127882599581,
        0.9811320754716981,
        0.9815513626834381,
        0.9813417190775682,
        0.9815513626834381
    ],
    "tr_loss": [
        0.6531311273574829,
        0.6418797075748444,
        0.640855073928833,
        0.6470882594585419,
        0.648339718580246,
        0.6539445519447327,
        0.6545053124427795,
        0.6475368440151215,
        0.6512433290481567,
        0.6437220573425293,
        0.6256147623062134,
        0.6315179765224457,
        0.6408265233039856,
        0.6462303698062897,
        0.635446310043335,
        0.6261114478111267,
        0.6337710618972778,
        0.6239332854747772,
        0.6312020123004913,
        0.6443483531475067
    ],
    "tr_times": 1.25262451171875,
    "ev_times": 0.00017380714416503906,
    "test_times": 0.0002117156982421875,
    "param_total_size": 37932,
    "param_total_count": 9483,
    "model_size": 49951
}