{
    "metric": "roc_auc",
    "eval_score": 0.7521367521367521,
    "n_trial": 12,
    "dataset": "1485",
    "model": {
        "booster": "gbtree",
        "n_estimators": 2000,
        "n_jobs": -1,
        "tree_method": "hist",
        "alpha": 0.18195476434032465,
        "colsample_bylevel": 0.8366227943722984,
        "colsample_bytree": 0.990647317643484,
        "gamma": 3.2395003834908893e-06,
        "lambda": 1.2008831719250626,
        "learning_rate": 0.00014331810603603176,
        "max_depth": 5,
        "min_child_weight": 2.1665321218412756e-05,
        "subsample": 0.8915983035741559
    },
    "training": {
        "early_stopping_rounds": 20,
        "verbose": false
    }
}