{
    "args": {
        "output": "finetune_outputs/openml-0.8/ftt-tuned/40701",
        "dataset": "40701",
        "task": "openml",
        "batch_size": 64,
        "early_stop": 16,
        "reduce_data": 0.8
    },
    "device": "NVIDIA GeForce RTX 3090",
    "best_eval_score": 0.873015873015873,
    "final_test_score": 0.8453567535975485,
    "ev_metric": [
        0.6596530084902178,
        0.6637135474344777,
        0.6770025839793281,
        0.7043189368770764,
        0.7227759320782576,
        0.7393872277593208,
        0.8076781100036914,
        0.8121077888519749,
        0.8504983388704319,
        0.873015873015873,
        0.837578442229605,
        0.8106312292358804,
        0.8176448874123292,
        0.8128460686600221,
        0.8032484311554079,
        0.8069398301956441,
        0.8135843484680694,
        0.7877445551864156,
        0.811000369139904
    ],
    "test_metric": [
        0.6219533384933736,
        0.6860220828660337,
        0.7041769999104891,
        0.7210550702660581,
        0.7308565140242522,
        0.7303773674317215,
        0.7675665144981334,
        0.7861373939690715,
        0.8317668925500603,
        0.8453567535975485,
        0.8582094660411435,
        0.850938021598454,
        0.8631430963400571,
        0.8558558558558558,
        0.8329463303162894,
        0.8567299034861864,
        0.8639592251515105,
        0.8656125441630994,
        0.8478472628092734
    ],
    "tr_loss": [
        0.42626759111881257,
        0.4212028980255127,
        0.40100619196891785,
        0.4233673751354218,
        0.4084832102060318,
        0.4005501538515091,
        0.3764601916074753,
        0.36698953807353973,
        0.3641475737094879,
        0.3410223737359047,
        0.3075737565755844,
        0.29968310743570326,
        0.2913914918899536,
        0.29047042727470396,
        0.27316195964813234,
        0.2873380184173584,
        0.25598164945840834,
        0.2514625355601311,
        0.27962187975645064
    ],
    "tr_times": 0,
    "ev_times": 0,
    "test_times": 0,
    "param_total_size": 0,
    "param_total_count": 0,
    "model_size": 0
}