{
    "args": {
        "output": "finetune_outputs/binclass-0.0/ftt-tuned/train_2622_sf-police-incidents_seed_3_nrows_2000_nclasses_10_ncols_100_stratify_True",
        "dataset": "train_2622_sf-police-incidents_seed_3_nrows_2000_nclasses_10_ncols_100_stratify_True",
        "task": "binclass",
        "batch_size": 64,
        "early_stop": 16,
        "reduce_data": 0.0
    },
    "device": "NVIDIA GeForce RTX 3090",
    "best_eval_score": 0.5827174012227394,
    "final_test_score": 0.5712250712250712,
    "ev_metric": [
        0.5093530431608724,
        0.5372752988411351,
        0.5508714298749886,
        0.557897618395839,
        0.551692672689114,
        0.5827174012227394,
        0.5698512638014417,
        0.5435714937494297,
        0.541929008121179,
        0.5180217173099735,
        0.5242266630166986,
        0.5442102381604161,
        0.5555251391550324,
        0.5560726343644493,
        0.5546126471393376,
        0.5382790400583994,
        0.5245004106214071,
        0.5466739666027922,
        0.5426590017337348,
        0.5464914681996532,
        0.5510539282781276,
        0.5253216534355325
    ],
    "test_metric": [
        0.5511366939938368,
        0.5593348450491308,
        0.5621257049828479,
        0.5799755799755799,
        0.5796848653991511,
        0.5712250712250712,
        0.5752078609221466,
        0.590208733065876,
        0.5116576545147973,
        0.5106110820396534,
        0.5227048084190942,
        0.5593348450491308,
        0.5256119541833827,
        0.5618931333217048,
        0.5599162742019885,
        0.541891970463399,
        0.5336938194081051,
        0.5616024187452758,
        0.5453224024652596,
        0.560555846270132,
        0.5551485551485551,
        0.5363102505959648
    ],
    "tr_loss": [
        0.4064760386943817,
        0.37140813916921617,
        0.3739112690091133,
        0.3705651745200157,
        0.36902846693992614,
        0.36750867739319804,
        0.3693944409489632,
        0.3631330505013466,
        0.36951076835393903,
        0.3649830654263496,
        0.3635880783200264,
        0.3624440632760525,
        0.3639407820999622,
        0.3646996937692165,
        0.36279909014701844,
        0.360791689902544,
        0.3607765704393387,
        0.36049034744501113,
        0.35795072466135025,
        0.35373478159308436,
        0.3538073241710663,
        0.35004478245973586
    ]
}