{
    "args": {
        "model": "tv7.1",
        "output": "finetune_outputs/openml-0.8/tv7.1-tuned/40994",
        "dataset": "40994",
        "task": "openml",
        "batch_size": 64,
        "early_stop": 16,
        "reduce_data": 0.8
    },
    "device": "NVIDIA GeForce RTX 3090",
    "best_eval_score": 0.8125,
    "final_test_score": 0.5318428184281844,
    "ev_metric": [
        0.8125,
        0.8125,
        0.8125,
        0.8125,
        0.8125,
        0.8125,
        0.8125,
        0.8125,
        0.8125,
        0.8125,
        0.8125,
        0.8125,
        0.8125,
        0.8125,
        0.8125,
        0.8125,
        0.8125
    ],
    "test_metric": [
        0.5318428184281844,
        0.5318428184281844,
        0.5318428184281844,
        0.5318428184281844,
        0.5318428184281844,
        0.5318428184281844,
        0.5318428184281844,
        0.5318428184281844,
        0.5318428184281844,
        0.5318428184281844,
        0.5318428184281844,
        0.5318428184281844,
        0.5318428184281844,
        0.5318428184281844,
        0.5318428184281844,
        0.5318428184281844,
        0.5318428184281844
    ],
    "tr_loss": [
        0.6859104633331299,
        0.6859060525894165,
        0.6859017014503479,
        0.6858973503112793,
        0.6858929395675659,
        0.6858886480331421,
        0.6858842372894287,
        0.6858799457550049,
        0.6858755946159363,
        0.6858712434768677,
        0.6858668327331543,
        0.6858624815940857,
        0.6858581304550171,
        0.6858537793159485,
        0.6858494281768799,
        0.6858450770378113,
        0.6858407258987427
    ],
    "tr_times": 1.463301420211792,
    "ev_times": 0.00020742416381835938,
    "test_times": 0.00039076805114746094,
    "param_total_size": 200652,
    "param_total_count": 50163,
    "model_size": 284319
}