{
    "metric": "roc_auc",
    "eval_score": 0.8513513513513513,
    "n_trial": 4,
    "dataset": "piracydataset",
    "model": {
        "booster": "gbtree",
        "n_estimators": 2000,
        "n_jobs": -1,
        "tree_method": "hist",
        "alpha": 0.012507672948291327,
        "colsample_bylevel": 0.5077417716947557,
        "colsample_bytree": 0.9925435895597787,
        "gamma": 0.0028827601706926504,
        "lambda": 0.022873080296306032,
        "learning_rate": 0.008246240644089351,
        "max_depth": 8,
        "min_child_weight": 5.594427149600112e-08,
        "subsample": 0.7616745514886165
    },
    "training": {
        "early_stopping_rounds": 20,
        "verbose": false
    }
}