{
    "metric": "roc_auc",
    "eval_score": 1.0,
    "n_trial": 1,
    "dataset": "train_1736_combined-wine-data",
    "model": {
        "attention_dropout": 0.1937483169264939,
        "d_ffn_factor": 2.0992024665736886,
        "d_token": 192,
        "ffn_dropout": 0.08558665136486254,
        "n_blocks": 3,
        "residual_dropout": 0.32317470865819725
    },
    "training": {
        "batch_size": 64,
        "eval_batch_size": 128,
        "optimizer": "adamw",
        "lr": 1.1562605877381206e-05,
        "weight_decay": 0.00018671516386179637
    }
}