{
    "args": {
        "output": "finetune_outputs/binclass-0.0/ftt-tuned/train_0526_colleges_aaup",
        "dataset": "train_0526_colleges_aaup",
        "task": "binclass",
        "batch_size": 64,
        "early_stop": 16,
        "reduce_data": 0.0
    },
    "device": "NVIDIA GeForce RTX 3090",
    "best_eval_score": 0.9991758241758242,
    "final_test_score": 0.9999123575810693,
    "ev_metric": [
        0.9760989010989011,
        0.9854395604395605,
        0.9946428571428572,
        0.9973901098901099,
        0.9983516483516484,
        0.9991758241758242,
        0.9986263736263736,
        0.9986263736263736,
        0.9983516483516484,
        0.9971153846153846,
        0.9980769230769231,
        0.9986263736263736,
        0.9983516483516484,
        0.9978021978021978,
        0.9982142857142857,
        0.9986263736263736
    ],
    "test_metric": [
        0.9538124452234882,
        0.9684487291849255,
        0.9949167397020158,
        0.9992112182296232,
        0.9996494303242769,
        0.9999123575810693,
        0.9993865030674847,
        0.9996494303242769,
        0.9995617879053462,
        0.9993865030674847,
        0.9991235758106924,
        0.9992112182296232,
        0.9992112182296231,
        0.9991235758106923,
        0.9990359333917617,
        0.9995617879053462
    ],
    "tr_loss": [
        0.5781823595364889,
        0.40220070630311966,
        0.26528041313091916,
        0.1892453165103992,
        0.13573022310932478,
        0.10088077063361804,
        0.08578561867276828,
        0.08830908437569936,
        0.06953576145072778,
        0.07331029791384935,
        0.0836250598852833,
        0.06698527031888564,
        0.05815373330066601,
        0.05988978579019507,
        0.053455109552790724,
        0.06277064296106498
    ]
}