{
    "metric": "roc_auc",
    "eval_score": 0.732120253164557,
    "n_trial": 26,
    "dataset": "train_2703_compas-two-years",
    "model": {
        "booster": "gbtree",
        "n_estimators": 2000,
        "n_jobs": -1,
        "tree_method": "hist",
        "alpha": 2.577822739125186,
        "colsample_bylevel": 0.6311384005747888,
        "colsample_bytree": 0.8104250612199231,
        "gamma": 0.06665846873972449,
        "lambda": 0.0001381675178341692,
        "learning_rate": 0.03412589579280106,
        "max_depth": 7,
        "min_child_weight": 0.03603767157101049,
        "subsample": 0.75029821110638
    },
    "training": {
        "early_stopping_rounds": 20,
        "verbose": false
    }
}