{
    "args": {
        "output": "finetune_outputs/binclass-0.8/ftt-tuned/train_1333_ricci_vs_destefano",
        "dataset": "train_1333_ricci_vs_destefano",
        "task": "binclass",
        "batch_size": 64,
        "early_stop": 16,
        "reduce_data": 0.8
    },
    "device": "NVIDIA GeForce RTX 3090",
    "best_eval_score": 1.0,
    "final_test_score": 0.9090909090909091,
    "ev_metric": [
        1.0,
        1.0,
        1.0,
        1.0,
        1.0,
        1.0,
        1.0,
        1.0,
        1.0,
        1.0,
        1.0,
        1.0,
        1.0,
        1.0,
        1.0,
        1.0,
        1.0
    ],
    "test_metric": [
        0.9090909090909091,
        0.9300699300699301,
        0.9370629370629371,
        0.9370629370629371,
        0.9370629370629371,
        0.9440559440559441,
        0.951048951048951,
        0.951048951048951,
        0.951048951048951,
        0.9440559440559441,
        0.9440559440559441,
        0.9440559440559441,
        0.965034965034965,
        0.965034965034965,
        0.9720279720279721,
        0.979020979020979,
        0.979020979020979
    ],
    "tr_loss": [
        0.735934853553772,
        0.6350319385528564,
        0.529621422290802,
        0.4273257851600647,
        0.3669221103191376,
        0.2771933674812317,
        0.35205432772636414,
        0.24418652057647705,
        0.2577347457408905,
        0.18972080945968628,
        0.20330826938152313,
        0.13599793612957,
        0.13819965720176697,
        0.08222803473472595,
        0.12123389542102814,
        0.08639855682849884,
        0.05895150080323219
    ],
    "tr_times": 0.35799145698547363,
    "ev_times": 0.0005490779876708984,
    "test_times": 0.0005247592926025391,
    "param_total_size": 2473044,
    "param_total_count": 618259,
    "model_size": 2494145
}