{
    "args": {
        "model": "dcnv2",
        "output": "finetune_outputs/binclass-0.8/dcnv2-tuned/Customer_Behaviour",
        "dataset": "Customer_Behaviour",
        "task": "binclass",
        "batch_size": 64,
        "early_stop": 16,
        "reduce_data": 0.8
    },
    "device": "NVIDIA GeForce RTX 3090",
    "best_eval_score": 0.975,
    "final_test_score": 0.8465179175118324,
    "ev_metric": [
        0.5,
        0.7,
        0.95,
        0.975,
        0.95,
        0.95,
        0.925,
        0.85,
        0.85,
        0.85,
        0.85,
        0.85,
        0.85,
        0.85,
        0.85,
        0.875,
        0.9,
        0.9,
        0.9,
        0.9
    ],
    "test_metric": [
        0.5868830290736985,
        0.7139959432048681,
        0.8181203515889115,
        0.8465179175118324,
        0.8356997971602435,
        0.8181203515889115,
        0.8005409060175794,
        0.795131845841785,
        0.7876943881000675,
        0.7924273157538878,
        0.7937795807978364,
        0.7931034482758621,
        0.7917511832319135,
        0.7924273157538877,
        0.7937795807978364,
        0.7985125084516566,
        0.8045977011494253,
        0.8100067613252198,
        0.8208248816768087,
        0.8289384719405004
    ],
    "tr_loss": [
        0.7090563774108887,
        0.6924684047698975,
        0.6770057082176208,
        0.6617181897163391,
        0.6479918956756592,
        0.6331068277359009,
        0.6173303723335266,
        0.6007175445556641,
        0.5834399461746216,
        0.5594329237937927,
        0.5409104228019714,
        0.5167772173881531,
        0.4775180220603943,
        0.4541488587856293,
        0.4262951910495758,
        0.42751583456993103,
        0.40751656889915466,
        0.3804815113544464,
        0.38931596279144287,
        0.35894304513931274
    ],
    "tr_times": 0.3160896301269531,
    "ev_times": 0.0002052783966064453,
    "test_times": 0.00019669532775878906,
    "param_total_size": 2894248,
    "param_total_count": 723561,
    "model_size": 2905109
}