{
    "args": {
        "model": "tv7.1",
        "output": "finetune_outputs/binclass-0.8/tv7.1-tuned/train_0312_cpu_act",
        "dataset": "train_0312_cpu_act",
        "task": "binclass",
        "batch_size": 64,
        "early_stop": 16,
        "reduce_data": 0.8
    },
    "device": "NVIDIA GeForce RTX 3090",
    "best_eval_score": 0.9469461160683406,
    "final_test_score": 0.9536378517201478,
    "ev_metric": [
        0.9468077747803832,
        0.9469461160683406,
        0.9465310922044684,
        0.9465310922044684,
        0.9465310922044684,
        0.9465310922044684,
        0.9463927509165111,
        0.9462544096285537,
        0.9459085564086602,
        0.9457010444767241,
        0.9456318738327454,
        0.945493532544788,
        0.9457010444767241,
        0.945701044476724,
        0.945493532544788,
        0.9454935325447881,
        0.9454243619008094,
        0.9452860206128519
    ],
    "test_metric": [
        0.9536396156125645,
        0.9536378517201478,
        0.9535708238083143,
        0.9534949764343972,
        0.953415601275647,
        0.9533626845031468,
        0.9532868371292299,
        0.9532145175401462,
        0.9531421979510625,
        0.9531210312420626,
        0.9530575311150622,
        0.9529816837411452,
        0.952918183614145,
        0.9528202875850195,
        0.9527153359862275,
        0.9526130302260604,
        0.9525230717128101,
        0.9523572658256427
    ],
    "tr_loss": [
        0.6502254955908832,
        0.6485757932943457,
        0.646833269035115,
        0.6459106662694145,
        0.644446453627418,
        0.6434530160006355,
        0.6421615586561316,
        0.6412057841525358,
        0.639678064514609,
        0.6390155378509971,
        0.6369339508168838,
        0.6352894341244417,
        0.6337406459976646,
        0.6323407257304472,
        0.6305889627512764,
        0.6294932330355925,
        0.6278553184340981,
        0.6262207241619334
    ],
    "tr_times": 0.7149546146392822,
    "ev_times": 0.0003151893615722656,
    "test_times": 0.0004506111145019531,
    "param_total_size": 319372,
    "param_total_count": 79843
}