{
    "args": {
        "model": "dcnv2",
        "output": "finetune_outputs/binclass-0.8/dcnv2-tuned/train_0312_cpu_act",
        "dataset": "train_0312_cpu_act",
        "task": "binclass",
        "batch_size": 64,
        "early_stop": 16,
        "reduce_data": 0.8
    },
    "device": "NVIDIA GeForce RTX 3090",
    "best_eval_score": 0.9764128104032649,
    "final_test_score": 0.9767607174103237,
    "ev_metric": [
        0.9535864978902954,
        0.9701182818012035,
        0.9739226672200318,
        0.9764128104032649,
        0.9733693020682023,
        0.975236909455627,
        0.9698415992252888,
        0.9691498927855019,
        0.963201217403334,
        0.9653455073666736,
        0.9523414262986789,
        0.9542090336861037,
        0.9661063844504393,
        0.9610569274399945,
        0.9626478522515045,
        0.960019367780314,
        0.9620253164556962,
        0.963201217403334,
        0.9494362592515736,
        0.9643079477069931
    ],
    "test_metric": [
        0.9528652668416449,
        0.9676396297237039,
        0.9723333474444726,
        0.9767607174103237,
        0.9760057714559873,
        0.9770993847543251,
        0.9766760505743234,
        0.9763867722179889,
        0.9715431236418028,
        0.9723245279823893,
        0.9645140123613581,
        0.9658792650918635,
        0.9732258770073096,
        0.9711815256963847,
        0.9706805802500493,
        0.9677895605791211,
        0.9686573956481247,
        0.9700261761634634,
        0.9608627550588434,
        0.9689502017892925
    ],
    "tr_loss": [
        0.40295624031740074,
        0.2405210076009526,
        0.19426466612254872,
        0.16892829340170412,
        0.16490423043861108,
        0.16268602868213372,
        0.15233922158094013,
        0.13373121487743714,
        0.14138617541860132,
        0.12105508849901311,
        0.1148345369626494,
        0.11338093591963544,
        0.11292399685172473,
        0.10027849235955406,
        0.09997881225803319,
        0.10487452938276179,
        0.09769202987937366,
        0.09137914439334589,
        0.08112022193039164,
        0.08120720866410171
    ],
    "tr_times": 0.9441864490509033,
    "ev_times": 0.0002510547637939453,
    "test_times": 0.0005042552947998047,
    "param_total_size": 894244,
    "param_total_count": 223561,
    "model_size": 909453
}