{
    "args": {
        "model": "tv7.1",
        "output": "finetune_outputs/binclass-0.8/tv7.1-tuned/train_1592_Diabetes-Data-Set",
        "dataset": "train_1592_Diabetes-Data-Set",
        "task": "binclass",
        "batch_size": 64,
        "early_stop": 16,
        "reduce_data": 0.8
    },
    "device": "NVIDIA GeForce RTX 3090",
    "best_eval_score": 0.7569444444444444,
    "final_test_score": 0.7635185185185187,
    "ev_metric": [
        0.7569444444444444,
        0.7569444444444444,
        0.7569444444444444,
        0.7569444444444444,
        0.7569444444444444,
        0.7569444444444444,
        0.7569444444444444,
        0.7569444444444444,
        0.7569444444444444,
        0.7569444444444444,
        0.7569444444444444,
        0.7569444444444444,
        0.7569444444444444,
        0.7569444444444444,
        0.7569444444444444,
        0.7569444444444444,
        0.7569444444444444
    ],
    "test_metric": [
        0.7635185185185187,
        0.7637037037037038,
        0.764074074074074,
        0.764074074074074,
        0.764074074074074,
        0.7638888888888888,
        0.763888888888889,
        0.763888888888889,
        0.763888888888889,
        0.763888888888889,
        0.7637037037037038,
        0.7637037037037038,
        0.7637037037037038,
        0.7637037037037038,
        0.7637037037037038,
        0.7637037037037038,
        0.7637037037037038
    ],
    "tr_loss": [
        0.6899601817131042,
        0.6893461644649506,
        0.68967205286026,
        0.6891935765743256,
        0.6895083487033844,
        0.689757227897644,
        0.6892096102237701,
        0.6896650493144989,
        0.6889088749885559,
        0.6895661056041718,
        0.6892797648906708,
        0.6895549297332764,
        0.6893748342990875,
        0.6893068850040436,
        0.6893613934516907,
        0.6892194449901581,
        0.6892716884613037
    ],
    "tr_times": 0.359635591506958,
    "ev_times": 0.00030422210693359375,
    "test_times": 0.0002593994140625,
    "param_total_size": 249548,
    "param_total_count": 62387
}