{
    "args": {
        "output": "finetune_outputs/openml-0.8/ftt-tuned/1494",
        "dataset": "1494",
        "task": "openml",
        "batch_size": 64,
        "early_stop": 16,
        "reduce_data": 0.8
    },
    "device": "NVIDIA GeForce RTX 3090",
    "best_eval_score": 0.8398268398268398,
    "final_test_score": 0.8273515248796147,
    "ev_metric": [
        0.7965367965367964,
        0.8268398268398268,
        0.8398268398268398,
        0.8268398268398268,
        0.8138528138528138,
        0.8225108225108225,
        0.8225108225108225,
        0.8268398268398268,
        0.8225108225108225,
        0.8181818181818182,
        0.8181818181818181,
        0.8181818181818181,
        0.8138528138528138,
        0.8225108225108225,
        0.8268398268398268,
        0.8354978354978355,
        0.8225108225108225,
        0.8354978354978355,
        0.8398268398268398
    ],
    "test_metric": [
        0.8023113964686999,
        0.8263242375601927,
        0.8273515248796147,
        0.8429855537720706,
        0.8435313001605136,
        0.8519422150882824,
        0.857720706260032,
        0.8600963081861959,
        0.861701444622793,
        0.8648475120385233,
        0.866131621187801,
        0.8683788121990369,
        0.8683146067415731,
        0.8691492776886035,
        0.8673515248796148,
        0.8652327447833066,
        0.8570786516853932,
        0.8579775280898876,
        0.8558587479935794
    ],
    "tr_loss": [
        0.6454906761646271,
        0.6526834666728973,
        0.6439107954502106,
        0.6512817740440369,
        0.6375329494476318,
        0.6359714269638062,
        0.6489234268665314,
        0.6311504542827606,
        0.6355535089969635,
        0.6333253383636475,
        0.6283665299415588,
        0.6272480487823486,
        0.6183750629425049,
        0.6145666837692261,
        0.6115385293960571,
        0.5863356292247772,
        0.5696582794189453,
        0.4905593991279602,
        0.4676041156053543
    ],
    "tr_times": 0.515526533126831,
    "ev_times": 0.0007338523864746094,
    "test_times": 0.0006895065307617188,
    "param_total_size": 836476,
    "param_total_count": 209119,
    "model_size": 863540
}