{
    "metric": "roc_auc",
    "eval_score": 0.9358984375,
    "n_trial": 99,
    "dataset": "train_2305_electricity_seed_1_nrows_2000_nclasses_10_ncols_100_stratify_True",
    "model": {
        "attention_dropout": 0.2163144764599368,
        "d_ffn_factor": 0.9324304735699274,
        "d_token": 184,
        "ffn_dropout": 0.31111367417808833,
        "n_blocks": 2,
        "residual_dropout": 0.03535086341192677
    },
    "training": {
        "batch_size": 64,
        "eval_batch_size": 128,
        "optimizer": "adamw",
        "lr": 6.859796909377661e-05,
        "weight_decay": 3.82191766374724e-05
    }
}