{
    "args": {
        "model": "tv7.2",
        "output": "finetune_outputs/binclass-0.8/tv7.2-tuned/train_1413_shill-bidding",
        "dataset": "train_1413_shill-bidding",
        "task": "binclass",
        "batch_size": 64,
        "early_stop": 16,
        "reduce_data": 0.8
    },
    "device": "NVIDIA GeForce RTX 3090",
    "best_eval_score": 0.9992466097438474,
    "final_test_score": 0.9941592920353982,
    "ev_metric": [
        0.9992466097438474,
        0.9992466097438474,
        0.9984932194876946,
        0.9984932194876946,
        0.9982420894023104,
        0.9982420894023104,
        0.9982420894023104,
        0.9979909593169262,
        0.9977398292315419,
        0.9974886991461578,
        0.9972375690607735,
        0.9967353088900051,
        0.9962330487192366,
        0.9962330487192366,
        0.9964841788046208,
        0.9967353088900051,
        0.9967353088900051
    ],
    "test_metric": [
        0.9941592920353982,
        0.9942707309078991,
        0.9944149459193707,
        0.9944804981973123,
        0.9944804981973123,
        0.9944673877417239,
        0.9944739429695181,
        0.9942576204523108,
        0.9942248443133399,
        0.9940544083906916,
        0.9939888561127499,
        0.9939233038348082,
        0.9939167486070142,
        0.9938380858734841,
        0.9938839724680433,
        0.9939823008849558,
        0.9941068502130449
    ],
    "tr_loss": [
        0.6463000636834365,
        0.6404608625632066,
        0.6343944026873662,
        0.6279536852469811,
        0.6206954213289114,
        0.6133184524682852,
        0.6050688074185298,
        0.5965773371549753,
        0.5881690703905545,
        0.5797003140816321,
        0.5724932597233698,
        0.5644598878346957,
        0.5575919563953693,
        0.5513783051417425,
        0.5453531237748953,
        0.5396345349458548,
        0.5345257749924293
    ],
    "tr_times": 30.58341360092163,
    "ev_times": 0.0002124309539794922,
    "test_times": 0.0006551742553710938,
    "param_total_size": 1309064,
    "param_total_count": 327264,
    "model_size": 1558941
}