{
    "args": {
        "output": "finetune_outputs/binclass-0.8/ftt-tuned/Employee Satisfaction Index",
        "dataset": "Employee Satisfaction Index",
        "task": "binclass",
        "batch_size": 64,
        "early_stop": 16,
        "reduce_data": 0.8
    },
    "device": "NVIDIA GeForce RTX 3090",
    "best_eval_score": 0.640625,
    "final_test_score": 0.5146527498996387,
    "ev_metric": [
        0.46875,
        0.453125,
        0.375,
        0.40625,
        0.46875,
        0.5,
        0.5,
        0.453125,
        0.421875,
        0.40625,
        0.390625,
        0.390625,
        0.390625,
        0.4375,
        0.453125,
        0.484375,
        0.53125,
        0.59375,
        0.609375,
        0.625,
        0.640625,
        0.59375,
        0.59375,
        0.546875,
        0.453125,
        0.40625,
        0.390625,
        0.40625,
        0.375,
        0.375,
        0.34375,
        0.359375,
        0.359375,
        0.359375,
        0.4375,
        0.421875,
        0.46875
    ],
    "test_metric": [
        0.45443596949016457,
        0.4801284624648735,
        0.4785226816539542,
        0.4865515857085508,
        0.4865515857085508,
        0.48615014050582095,
        0.4829385788839823,
        0.48414291449217184,
        0.4881573665194701,
        0.4825371336812525,
        0.47892412685668406,
        0.4765154556403051,
        0.4781212364512244,
        0.47852268165395423,
        0.47691690084303495,
        0.4793255720594139,
        0.4865515857085509,
        0.4889602569249298,
        0.5034122842232035,
        0.5082296266559615,
        0.5146527498996387,
        0.523083099156965,
        0.5250903251706143,
        0.5202729827378563,
        0.5238859895624248,
        0.5274989963869932,
        0.5250903251706143,
        0.5222802087515055,
        0.5106382978723404,
        0.5355279004415898,
        0.5576073865917303,
        0.541549578482537,
        0.5339221196306704,
        0.5375351264552389,
        0.5371336812525092,
        0.537133681252509,
        0.5266961059815335
    ],
    "tr_loss": [
        0.6897561550140381,
        0.6670165061950684,
        0.7579571008682251,
        0.7371807098388672,
        0.6848461627960205,
        0.6720346212387085,
        0.6890035271644592,
        0.6682538986206055,
        0.665777325630188,
        0.6609718799591064,
        0.6547187566757202,
        0.6319527626037598,
        0.6234632730484009,
        0.6156184077262878,
        0.626167893409729,
        0.5951634645462036,
        0.5835744142532349,
        0.5820980072021484,
        0.5593276023864746,
        0.515838623046875,
        0.5486333966255188,
        0.5082414150238037,
        0.47462379932403564,
        0.4555317163467407,
        0.41929537057876587,
        0.42272499203681946,
        0.37603437900543213,
        0.4072648286819458,
        0.3549484610557556,
        0.39023855328559875,
        0.30680930614471436,
        0.3419046998023987,
        0.2966231107711792,
        0.3142514228820801,
        0.25350165367126465,
        0.2909988760948181,
        0.34618300199508667
    ],
    "tr_times": 0.42801904678344727,
    "ev_times": 0.0005807876586914062,
    "test_times": 0.000640869140625,
    "param_total_size": 3353980,
    "param_total_count": 838484,
    "model_size": 3374273
}