{
    "args": {
        "model": "xgboost",
        "output": "finetune_outputs/binclass-0.8/xgboost-tuned/UniversalBank",
        "dataset": "UniversalBank",
        "task": "binclass",
        "reduce_data": 0.8
    },
    "device": "NVIDIA GeForce RTX 3090",
    "configs": {
        "metric": "roc_auc",
        "eval_score": 0.647712295236302,
        "n_trial": 96,
        "dataset": "UniversalBank",
        "model": {
            "booster": "gbtree",
            "n_estimators": 2000,
            "n_jobs": -1,
            "tree_method": "hist",
            "alpha": 0.05739199201547143,
            "colsample_bylevel": 0.5270975470016959,
            "colsample_bytree": 0.5545863187009693,
            "gamma": 5.737497013092265e-06,
            "lambda": 1.0344531255168575e-06,
            "learning_rate": 0.1486449784745697,
            "max_depth": 4,
            "min_child_weight": 6.65475987682933e-07,
            "subsample": 0.9517105504409208
        },
        "training": {
            "early_stopping_rounds": 20,
            "verbose": false,
            "eval_metric": "error"
        }
    },
    "best_eval_score": 0.647712295236302,
    "final_test_score": 0.5889171532635717,
    "tr_times": 0.030668258666992188,
    "ev_times": 0.00019741058349609375,
    "test_times": 0.0001888275146484375,
    "param_total_size": 0,
    "param_total_count": 0,
    "model_size": 72890
}