{
    "args": {
        "model": "tv7.1",
        "output": "finetune_outputs/binclass-0.8/tv7.1-tuned/train_2621_sf-police-incidents_seed_2_nrows_2000_nclasses_10_ncols_100_stratify_True",
        "dataset": "train_2621_sf-police-incidents_seed_2_nrows_2000_nclasses_10_ncols_100_stratify_True",
        "task": "binclass",
        "batch_size": 64,
        "early_stop": 16,
        "reduce_data": 0.8
    },
    "device": "NVIDIA GeForce RTX 3090",
    "best_eval_score": 0.5133928571428572,
    "final_test_score": 0.523489737775452,
    "ev_metric": [
        0.5133928571428572,
        0.5133928571428572,
        0.5133928571428572,
        0.5111607142857143,
        0.5111607142857143,
        0.5111607142857143,
        0.5111607142857143,
        0.5122767857142857,
        0.5122767857142857,
        0.5111607142857143,
        0.5111607142857143,
        0.5111607142857143,
        0.5078125,
        0.5066964285714286,
        0.5066964285714286,
        0.5078124999999999,
        0.5100446428571428
    ],
    "test_metric": [
        0.523489737775452,
        0.5231408802837374,
        0.5231118088260945,
        0.5231118088260945,
        0.523228094656666,
        0.5233443804872375,
        0.5229373800802373,
        0.5231408802837375,
        0.5229373800802373,
        0.5230536659108088,
        0.5228501657073085,
        0.5227629513343799,
        0.5226466655038083,
        0.5227338798767369,
        0.5226175940461655,
        0.5225013082155939,
        0.5219198790627362
    ],
    "tr_loss": [
        0.6693797707557678,
        0.668371856212616,
        0.6673636585474014,
        0.666388601064682,
        0.665328323841095,
        0.6643273681402206,
        0.6632764786481857,
        0.6622404456138611,
        0.6611841320991516,
        0.6601074039936066,
        0.659050703048706,
        0.6579678356647491,
        0.6568932831287384,
        0.6557673215866089,
        0.6546545475721359,
        0.65352763235569,
        0.6524405777454376
    ],
    "tr_times": 0.1111443042755127,
    "ev_times": 0.0003132820129394531,
    "test_times": 0.00029754638671875,
    "param_total_size": 222124,
    "param_total_count": 55528
}