{
    "args": {
        "model": "tv7.1",
        "output": "finetune_outputs/binclass-0.8/tv7.1-tuned/train_1458_kdd_ipums_la_97-small",
        "dataset": "train_1458_kdd_ipums_la_97-small",
        "task": "binclass",
        "batch_size": 64,
        "early_stop": 16,
        "reduce_data": 0.8
    },
    "device": "NVIDIA GeForce RTX 3090",
    "best_eval_score": 0.8799535491363042,
    "final_test_score": 0.8613960447132287,
    "ev_metric": [
        0.8799535491363042,
        0.873566555378139,
        0.8674698795180722,
        0.8613732036580055,
        0.85687327623748,
        0.8528088256641022,
        0.8493250108869213,
        0.8475831034983308,
        0.8452605603135432,
        0.8436638118740021,
        0.8432283350268545,
        0.8426476992306575,
        0.8425025402816084,
        0.8433734939759037,
        0.8445347655682973,
        0.8458411961097402,
        0.8467121498040354
    ],
    "test_metric": [
        0.8613960447132287,
        0.8514001655770508,
        0.8423194152085862,
        0.8349983850668805,
        0.8280114790188632,
        0.8230590174524152,
        0.8195729894082663,
        0.8164767728067538,
        0.8139151547551429,
        0.8126714706286359,
        0.8124580024576682,
        0.8120978909344709,
        0.8123484840047371,
        0.8132246316281867,
        0.8142715537884104,
        0.8157695434751133,
        0.8172007083430786
    ],
    "tr_loss": [
        0.6828519810329784,
        0.6800042228265242,
        0.6766912124373696,
        0.6729382547465238,
        0.6689737114039335,
        0.6656657240607522,
        0.6606922312216326,
        0.6565449021079324,
        0.6532170555808328,
        0.6481684663079001,
        0.6453809792345221,
        0.6428307674147866,
        0.6385288563641635,
        0.637555637142875,
        0.6338875835592096,
        0.6317170858383179,
        0.6311462846669283
    ],
    "tr_times": 0.5989677906036377,
    "ev_times": 0.00026416778564453125,
    "test_times": 0.0006535053253173828,
    "param_total_size": 1713120,
    "param_total_count": 428277
}