{
    "args": {
        "model": "tv7.1",
        "output": "finetune_outputs/binclass-0.8/tv7.1-tuned/train_0435_strikes",
        "dataset": "train_0435_strikes",
        "task": "binclass",
        "batch_size": 64,
        "early_stop": 16,
        "reduce_data": 0.8
    },
    "device": "NVIDIA GeForce RTX 3090",
    "best_eval_score": 0.515,
    "final_test_score": 0.560547875064004,
    "ev_metric": [
        0.515,
        0.515,
        0.515,
        0.515,
        0.515,
        0.515,
        0.515,
        0.515,
        0.515,
        0.515,
        0.515,
        0.515,
        0.515,
        0.515,
        0.515,
        0.515,
        0.515
    ],
    "test_metric": [
        0.560547875064004,
        0.5608038914490527,
        0.5601638504864311,
        0.5601638504864311,
        0.5608038914490527,
        0.5604198668714798,
        0.5610599078341014,
        0.5613159242191501,
        0.5613159242191501,
        0.5613159242191501,
        0.5606758832565284,
        0.5606758832565284,
        0.5604198668714797,
        0.5604198668714797,
        0.560547875064004,
        0.5610599078341014,
        0.5602918586789555
    ],
    "tr_loss": [
        0.7003336250782013,
        0.6976616978645325,
        0.69822958111763,
        0.7024585604667664,
        0.6980065405368805,
        0.6962980926036835,
        0.6973121762275696,
        0.6999660432338715,
        0.6964231729507446,
        0.7000935971736908,
        0.6992411315441132,
        0.7003743946552277,
        0.6960455179214478,
        0.698980838060379,
        0.6982358992099762,
        0.6971249282360077,
        0.6969348192214966
    ],
    "tr_times": 0.05184197425842285,
    "ev_times": 0.00028324127197265625,
    "test_times": 0.0003285408020019531,
    "param_total_size": 253108,
    "param_total_count": 63277
}