{
    "args": {
        "model": "tv7.2",
        "output": "finetune_outputs/openml-0.8/tv7.2-tuned/1053",
        "dataset": "1053",
        "task": "openml",
        "batch_size": 64,
        "early_stop": 16,
        "reduce_data": 0.8
    },
    "device": "NVIDIA GeForce RTX 3090",
    "best_eval_score": 0.7346681096681097,
    "final_test_score": 0.6675465630443521,
    "ev_metric": [
        0.7346681096681097,
        0.7346380471380471,
        0.7334054834054834,
        0.7318422318422318,
        0.7306397306397305,
        0.7298581048581048,
        0.7284151034151034,
        0.7270923520923521,
        0.7265512265512265,
        0.725949975949976,
        0.7254088504088504,
        0.7247474747474747,
        0.7237253487253487,
        0.7229136604136605,
        0.721921596921597,
        0.7214405964405964,
        0.7207792207792206
    ],
    "test_metric": [
        0.6675465630443521,
        0.6679870155130904,
        0.6683038473674427,
        0.6686634709729288,
        0.668806110143374,
        0.668788388307046,
        0.6688065423832844,
        0.6688653270111042,
        0.6688839133272532,
        0.6688566822128954,
        0.6688078391030158,
        0.6688480374146867,
        0.6687940074258816,
        0.6687840659079416,
        0.6687624539124195,
        0.6688134582218515,
        0.6688229674998812
    ],
    "tr_loss": [
        0.6890646162487212,
        0.6873205644743783,
        0.685416735353924,
        0.6835044480505443,
        0.6816703336579459,
        0.6800129583903721,
        0.6780020935194833,
        0.6763628579321361,
        0.674539117586045,
        0.6727831164995829,
        0.6707769916171119,
        0.6690949882779803,
        0.6676648883592515,
        0.6658902026358104,
        0.6639762549173265,
        0.6627855698267618,
        0.6606324371837434
    ],
    "tr_times": 3.5140373706817627,
    "ev_times": 0.00019049644470214844,
    "test_times": 0.0011200904846191406,
    "param_total_size": 268616,
    "param_total_count": 67154,
    "model_size": 383007
}