{
    "args": {
        "model": "tv7.1",
        "output": "finetune_outputs/openml-0.8/tv7.1-tuned/1510",
        "dataset": "1510",
        "task": "openml",
        "batch_size": 64,
        "early_stop": 16,
        "reduce_data": 0.8
    },
    "device": "NVIDIA GeForce RTX 3090",
    "best_eval_score": 0.9242424242424242,
    "final_test_score": 0.989517819706499,
    "ev_metric": [
        0.9242424242424242,
        0.9242424242424242,
        0.9242424242424242,
        0.9242424242424242,
        0.9242424242424242,
        0.9242424242424242,
        0.9242424242424242,
        0.9242424242424242,
        0.9242424242424242,
        0.9242424242424242,
        0.9242424242424242,
        0.9242424242424242,
        0.9242424242424242,
        0.9242424242424242,
        0.9242424242424242,
        0.9242424242424242,
        0.9242424242424242
    ],
    "test_metric": [
        0.989517819706499,
        0.989517819706499,
        0.9897274633123689,
        0.9897274633123689,
        0.9897274633123689,
        0.9897274633123689,
        0.9897274633123689,
        0.989937106918239,
        0.989937106918239,
        0.990146750524109,
        0.990146750524109,
        0.990146750524109,
        0.990146750524109,
        0.990146750524109,
        0.990146750524109,
        0.990146750524109,
        0.990146750524109
    ],
    "tr_loss": [
        0.6264161467552185,
        0.6548046171665192,
        0.6211340725421906,
        0.6199521422386169,
        0.6188958585262299,
        0.624629020690918,
        0.6429744958877563,
        0.617003321647644,
        0.6264634430408478,
        0.6161861717700958,
        0.6140370070934296,
        0.6151907444000244,
        0.60978764295578,
        0.6089324355125427,
        0.6166519820690155,
        0.6181395053863525,
        0.6197434961795807
    ],
    "tr_times": 0.9854319095611572,
    "ev_times": 0.00016951560974121094,
    "test_times": 0.00020122528076171875,
    "param_total_size": 80044,
    "param_total_count": 20011,
    "model_size": 111391
}