{
    "args": {
        "output": "finetune_outputs/binclass-0.8/ftt-tuned/train_0406_visualizing_environmental",
        "dataset": "train_0406_visualizing_environmental",
        "task": "binclass",
        "batch_size": 64,
        "early_stop": 16,
        "reduce_data": 0.8
    },
    "device": "NVIDIA GeForce RTX 3090",
    "best_eval_score": 0.5,
    "final_test_score": 0.5303030303030303,
    "ev_metric": [
        0.25,
        0.5,
        0.5,
        0.5,
        0.5,
        0.5,
        0.5,
        0.5,
        0.5,
        0.5,
        0.5,
        0.5,
        0.5,
        0.5,
        0.5,
        0.5,
        0.5,
        0.5
    ],
    "test_metric": [
        0.4772727272727273,
        0.5303030303030303,
        0.6060606060606061,
        0.6363636363636364,
        0.6590909090909091,
        0.6666666666666666,
        0.6818181818181818,
        0.6893939393939393,
        0.6893939393939393,
        0.6893939393939393,
        0.7045454545454545,
        0.7121212121212122,
        0.7121212121212122,
        0.7121212121212122,
        0.7121212121212122,
        0.7121212121212122,
        0.7196969696969697,
        0.7272727272727273
    ],
    "tr_loss": [
        0.6683666706085205,
        0.62457674741745,
        0.6129255294799805,
        0.6330206990242004,
        0.6034382581710815,
        0.6158382892608643,
        0.5651220679283142,
        0.6050304770469666,
        0.5949999690055847,
        0.545355498790741,
        0.5406547784805298,
        0.5223934054374695,
        0.516133189201355,
        0.43872225284576416,
        0.4764164090156555,
        0.47508856654167175,
        0.4548022449016571,
        0.4437788128852844
    ],
    "tr_times": 0.33507204055786133,
    "ev_times": 0.0002970695495605469,
    "test_times": 0.0003681182861328125,
    "param_total_size": 1140020,
    "param_total_count": 285005,
    "model_size": 1151444
}