{
    "metric": "roc_auc",
    "eval_score": 0.9714285714285714,
    "n_trial": 11,
    "dataset": "1050",
    "model": {
        "booster": "gbtree",
        "n_estimators": 2000,
        "n_jobs": -1,
        "tree_method": "hist",
        "alpha": 1.2585795465350015e-08,
        "colsample_bylevel": 0.5075788295241758,
        "colsample_bytree": 0.9087249754085804,
        "gamma": 2.8455275821048223e-05,
        "lambda": 0.0013751771097433284,
        "learning_rate": 0.8197336396691091,
        "max_depth": 10,
        "min_child_weight": 0.05274097182261423,
        "subsample": 0.6593936746158358
    },
    "training": {
        "early_stopping_rounds": 20,
        "verbose": false
    }
}