{
    "metric": "roc_auc",
    "eval_score": 1.0,
    "n_trial": 1,
    "dataset": "train_0424_autoPrice",
    "model": {
        "stacked": false,
        "cross_dropout": 0.015520179469365014,
        "d": 359,
        "hidden_dropout": 0.0485945150356179,
        "n_cross_layers": 4,
        "n_hidden_layers": 1
    },
    "training": {
        "batch_size": 64,
        "eval_batch_size": 64,
        "optimizer": "adamw",
        "lr": 0.0013043172754530678,
        "weight_decay": 0.00011837938008921502
    }
}