{
    "args": {
        "model": "tv7.3",
        "output": "finetune_outputs/binclass-0.8/tv7.3-tuned/train_1512_eye_movements",
        "dataset": "train_1512_eye_movements",
        "task": "binclass",
        "batch_size": 64,
        "early_stop": 16,
        "reduce_data": 0.8
    },
    "device": "NVIDIA GeForce RTX 3090",
    "best_eval_score": 0.46378661650094055,
    "final_test_score": 0.5602836022178439,
    "ev_metric": [
        0.4626780435366838,
        0.4630475678581027,
        0.4634506852996506,
        0.46378661650094055,
        0.4627116366568127,
        0.4625100779360387,
        0.46244289169578073,
        0.46237570545552276,
        0.4625100779360387,
        0.4621741467347487,
        0.46210696049449074,
        0.46210696049449074,
        0.4615694705724267,
        0.46170384305294276,
        0.4616366568126848,
        0.4618382155334587,
        0.46123353937113676,
        0.4608976081698467,
        0.4608304219295888,
        0.4605616769685568
    ],
    "test_metric": [
        0.5597060027179122,
        0.5599054429039872,
        0.5601765434166608,
        0.5602836022178439,
        0.5606332700765471,
        0.5609708506512456,
        0.5611987822924742,
        0.5613585071168201,
        0.5616235639874914,
        0.5617401199403924,
        0.5619637346944767,
        0.5620897877990955,
        0.5623211729500398,
        0.562644939485876,
        0.5627951671585041,
        0.5628935921853983,
        0.5632328995149546,
        0.5635264478407794,
        0.5637163908751366,
        0.5638614382831912
    ],
    "tr_loss": [
        0.6928152479231358,
        0.6924372687935829,
        0.6925905868411064,
        0.6925389133393764,
        0.6924960166215897,
        0.6924427226185799,
        0.6924917139112949,
        0.6925882287323475,
        0.6926349885761738,
        0.6922321990132332,
        0.6925230696797371,
        0.6925210803747177,
        0.6921776682138443,
        0.6923625394701958,
        0.6924533359706402,
        0.6923762708902359,
        0.6922949478030205,
        0.6921828873455524,
        0.692265447229147,
        0.6921718083322048
    ],
    "tr_times": 5.533106565475464,
    "ev_times": 0.0002524852752685547,
    "test_times": 0.00039577484130859375,
    "param_total_size": 75220,
    "param_total_count": 18805,
    "model_size": 109471
}