{
    "args": {
        "model": "xgboost",
        "output": "finetune_outputs/binclass-0.8/xgboost-tuned/train_0885_compas-two-years",
        "dataset": "train_0885_compas-two-years",
        "task": "binclass",
        "reduce_data": 0.8
    },
    "device": "NVIDIA GeForce RTX 3090",
    "configs": {
        "metric": "roc_auc",
        "eval_score": 0.7156118143459915,
        "n_trial": 62,
        "dataset": "train_0885_compas-two-years",
        "model": {
            "booster": "gbtree",
            "n_estimators": 2000,
            "n_jobs": -1,
            "tree_method": "hist",
            "alpha": 0.20923739820267595,
            "colsample_bylevel": 0.8461982894681803,
            "colsample_bytree": 0.7196465965170219,
            "gamma": 0.04598031629295254,
            "lambda": 3.767400697418085e-06,
            "learning_rate": 0.009155021906678124,
            "max_depth": 4,
            "min_child_weight": 1.847335446293628e-07,
            "subsample": 0.5157526353721388
        },
        "training": {
            "early_stopping_rounds": 20,
            "verbose": false,
            "eval_metric": "error"
        }
    },
    "best_eval_score": 0.7156118143459915,
    "final_test_score": 0.7456078150477102,
    "tr_times": 0.03481292724609375,
    "ev_times": 0.0002276897430419922,
    "test_times": 0.00022339820861816406,
    "param_total_size": 0,
    "param_total_count": 0,
    "model_size": 116736
}