{
    "args": {
        "model": "tv7.2",
        "output": "finetune_outputs/binclass-0.8/tv7.2-tuned/audit_risk",
        "dataset": "audit_risk",
        "task": "binclass",
        "batch_size": 64,
        "early_stop": 16,
        "reduce_data": 0.8
    },
    "device": "NVIDIA GeForce RTX 3090",
    "best_eval_score": 1.0,
    "final_test_score": 0.9981018119068161,
    "ev_metric": [
        0.9933333333333334,
        0.9933333333333334,
        0.9933333333333334,
        1.0,
        1.0,
        1.0,
        1.0,
        1.0,
        1.0,
        1.0,
        1.0,
        1.0,
        1.0,
        1.0,
        1.0,
        1.0,
        1.0,
        1.0,
        1.0,
        1.0
    ],
    "test_metric": [
        0.9962036238136325,
        0.9975841242450388,
        0.9979292493528904,
        0.9981018119068161,
        0.9981018119068161,
        0.9984469370146677,
        0.998274374460742,
        0.9977566867989647,
        0.9977566867989646,
        0.997411561691113,
        0.9970664365832614,
        0.9968938740293356,
        0.996548748921484,
        0.9963761863675583,
        0.9962036238136325,
        0.9960310612597066,
        0.9955133735979292,
        0.9953408110440035,
        0.9958584987057808,
        0.9958584987057808
    ],
    "tr_loss": [
        0.6304571628570557,
        0.6256421506404877,
        0.6186501681804657,
        0.6124095320701599,
        0.6069567799568176,
        0.5984897315502167,
        0.5941669642925262,
        0.5848104357719421,
        0.5848255753517151,
        0.5764709711074829,
        0.5758141577243805,
        0.5652526617050171,
        0.5607442557811737,
        0.5542828142642975,
        0.5451050400733948,
        0.5498745739459991,
        0.5429079532623291,
        0.5405632853507996,
        0.5324099361896515,
        0.5339054763317108
    ],
    "tr_times": 5.845123052597046,
    "ev_times": 0.00020503997802734375,
    "test_times": 0.00021457672119140625,
    "param_total_size": 1803952,
    "param_total_count": 450985,
    "model_size": 2073437
}