{
    "args": {
        "output": "finetune_outputs/binclass-0.0/ftt-tuned/new_model",
        "dataset": "new_model",
        "task": "binclass",
        "batch_size": 64,
        "early_stop": 16,
        "reduce_data": 0.0
    },
    "device": "NVIDIA GeForce RTX 3090",
    "best_eval_score": 0.9989583333333334,
    "final_test_score": 0.9873333333333334,
    "ev_metric": [
        0.9947916666666666,
        0.9958333333333333,
        0.9958333333333333,
        0.9937499999999999,
        0.9937499999999999,
        0.9937499999999999,
        0.9947916666666666,
        0.996875,
        0.996875,
        0.996875,
        0.996875,
        0.996875,
        0.996875,
        0.9979166666666666,
        0.9979166666666666,
        0.9979166666666666,
        0.9979166666666666,
        0.9979166666666666,
        0.9989583333333334,
        0.9989583333333334,
        0.9989583333333334,
        0.9989583333333334,
        0.9989583333333334,
        0.9989583333333334,
        0.9989583333333334,
        0.9989583333333334,
        0.9989583333333334,
        0.9989583333333334,
        0.9989583333333334,
        0.9989583333333334,
        0.9989583333333334,
        0.9989583333333334,
        0.9989583333333334,
        0.9989583333333334,
        0.9989583333333334
    ],
    "test_metric": [
        0.9726666666666667,
        0.9806666666666668,
        0.9846666666666666,
        0.986,
        0.986,
        0.988,
        0.9873333333333334,
        0.9886666666666667,
        0.99,
        0.99,
        0.9913333333333334,
        0.9913333333333334,
        0.992,
        0.992,
        0.992,
        0.9926666666666667,
        0.9926666666666667,
        0.9926666666666667,
        0.9873333333333334,
        0.992,
        0.9913333333333333,
        0.9913333333333333,
        0.9906666666666667,
        0.9906666666666666,
        0.9913333333333333,
        0.9913333333333333,
        0.992,
        0.9913333333333333,
        0.9913333333333333,
        0.9913333333333333,
        0.9913333333333333,
        0.9913333333333333,
        0.9906666666666666,
        0.9906666666666666,
        0.9906666666666667
    ],
    "tr_loss": [
        0.6429518312215805,
        0.5940894931554794,
        0.482198528945446,
        0.3202429860830307,
        0.21865032613277435,
        0.18588871136307716,
        0.15479962900280952,
        0.13108966313302517,
        0.116828678175807,
        0.11321726627647877,
        0.10386110842227936,
        0.08475678041577339,
        0.08712961710989475,
        0.09217797592282295,
        0.07114856503903866,
        0.07938286196440458,
        0.0724396612495184,
        0.06226339004933834,
        0.05949034541845322,
        0.05729904677718878,
        0.07884537801146507,
        0.09807191882282495,
        0.05701489094644785,
        0.05015978869050741,
        0.05880498606711626,
        0.06946460250765085,
        0.06804206874221563,
        0.06398112792521715,
        0.06071975687518716,
        0.06031457241624594,
        0.060531516559422016,
        0.07915197312831879,
        0.056783557403832674,
        0.04785833740606904,
        0.05235097836703062
    ]
}