{
    "args": {
        "model": "tv7.4",
        "output": "finetune_outputs/binclass-0.8/tv7.4-tuned/train_2620_sf-police-incidents_seed_1_nrows_2000_nclasses_10_ncols_100_stratify_True",
        "dataset": "train_2620_sf-police-incidents_seed_1_nrows_2000_nclasses_10_ncols_100_stratify_True",
        "task": "binclass",
        "batch_size": 64,
        "early_stop": 16,
        "reduce_data": 0.8
    },
    "device": "NVIDIA GeForce RTX 3090",
    "best_eval_score": 0.47321428571428575,
    "final_test_score": 0.5999767428338857,
    "ev_metric": [
        0.47098214285714285,
        0.4732142857142857,
        0.47321428571428575,
        0.46875,
        0.46651785714285715,
        0.46875,
        0.46875,
        0.4665178571428571,
        0.4665178571428571,
        0.4620535714285714,
        0.4620535714285714,
        0.45982142857142855,
        0.45535714285714285,
        0.45535714285714285,
        0.45535714285714285,
        0.45535714285714285,
        0.453125,
        0.4486607142857143,
        0.44419642857142855
    ],
    "test_metric": [
        0.5995697424268853,
        0.5998023140880284,
        0.5999767428338857,
        0.5991627420198848,
        0.5982905982905983,
        0.5974184545613117,
        0.596604453747311,
        0.5961393104250247,
        0.5959067387638817,
        0.5961393104250247,
        0.5957323100180243,
        0.5952671666957381,
        0.5939298796441653,
        0.5932321646607361,
        0.5927670213384499,
        0.5928833071690214,
        0.5929995929995929,
        0.5922437351008779,
        0.5919530205244491
    ],
    "tr_loss": [
        0.6923394054174423,
        0.6920762211084366,
        0.6918053030967712,
        0.6915406733751297,
        0.6912785619497299,
        0.691014751791954,
        0.6907462179660797,
        0.6904810816049576,
        0.6902208626270294,
        0.6899579465389252,
        0.6896926462650299,
        0.6894220411777496,
        0.6891677379608154,
        0.6889037489891052,
        0.6886381655931473,
        0.6883752346038818,
        0.6881074011325836,
        0.6878473907709122,
        0.687580019235611
    ],
    "tr_times": 0.09851932525634766,
    "ev_times": 0.00034546852111816406,
    "test_times": 0.0003936290740966797,
    "param_total_size": 303068,
    "param_total_count": 75764,
    "model_size": 328861
}