{
    "metric": "roc_auc",
    "eval_score": 0.9963942307692308,
    "n_trial": 77,
    "dataset": "diabetes_data_upload",
    "model": {
        "booster": "gbtree",
        "n_estimators": 2000,
        "n_jobs": -1,
        "tree_method": "hist",
        "alpha": 0.000194355724386702,
        "colsample_bylevel": 0.901138390917222,
        "colsample_bytree": 0.5122300632328347,
        "gamma": 0.006021522708041987,
        "lambda": 1.0348275320002918e-07,
        "learning_rate": 0.14809309771431706,
        "max_depth": 8,
        "min_child_weight": 0.00014050200768545964,
        "subsample": 0.5488046178591954
    },
    "training": {
        "early_stopping_rounds": 20,
        "verbose": false
    }
}