{
    "metric": "roc_auc",
    "eval_score": 0.9975961538461539,
    "n_trial": 61,
    "dataset": "train_1774_Early-Stage-Diabetes-Risk-Prediction-Dataset",
    "model": {
        "booster": "gbtree",
        "n_estimators": 2000,
        "n_jobs": -1,
        "tree_method": "hist",
        "alpha": 4.9781336449413655e-05,
        "colsample_bylevel": 0.7750069578015669,
        "colsample_bytree": 0.5204879829207499,
        "gamma": 0.000233097540631511,
        "lambda": 0.029822743598634866,
        "learning_rate": 0.02767307898955855,
        "max_depth": 10,
        "min_child_weight": 8.995046687997323e-08,
        "subsample": 0.7009188896364368
    },
    "training": {
        "early_stopping_rounds": 20,
        "verbose": false
    }
}