{
    "args": {
        "output": "finetune_outputs/binclass-0.8/ftt-tuned/train_1006_Titanic",
        "dataset": "train_1006_Titanic",
        "task": "binclass",
        "batch_size": 64,
        "early_stop": 16,
        "reduce_data": 0.8
    },
    "device": "NVIDIA GeForce RTX 3090",
    "best_eval_score": 0.8106884057971016,
    "final_test_score": 0.7133637948089877,
    "ev_metric": [
        0.8106884057971016,
        0.7853260869565217,
        0.7826086956521738,
        0.7481884057971013,
        0.7481884057971013,
        0.7826086956521738,
        0.717391304347826,
        0.6594202898550725,
        0.6594202898550725,
        0.7155797101449276,
        0.7391304347826086,
        0.782608695652174,
        0.7681159420289856,
        0.677536231884058,
        0.7336956521739131,
        0.7916666666666667,
        0.7853260869565217
    ],
    "test_metric": [
        0.7133637948089877,
        0.7081822035894296,
        0.7070516745960715,
        0.7100193132036365,
        0.7111969475717179,
        0.7082293089641529,
        0.7370577982947855,
        0.7505534881529982,
        0.7505534881529982,
        0.7419567572660041,
        0.7439116303170192,
        0.7231381600640634,
        0.7495642752838099,
        0.7502001978425739,
        0.7411324132083471,
        0.722973291252532,
        0.7221960525695983
    ],
    "tr_loss": [
        0.027017685770988464,
        -0.6163793265819549,
        -0.893185269832611,
        -1.0721893429756164,
        -1.2688384771347045,
        -1.4546897411346436,
        -1.4651955127716065,
        -1.601666021347046,
        -1.6038553237915039,
        -1.7327401638031006,
        -1.7393704891204833,
        -1.8185519218444823,
        -1.9355047225952149,
        -2.0161367654800415,
        -1.9159405827522278,
        -2.049606204032898,
        -2.1445387840270995
    ],
    "tr_times": 0.6488089561462402,
    "ev_times": 0.0006716251373291016,
    "test_times": 0.000705718994140625,
    "param_total_size": 1833100,
    "param_total_count": 458275,
    "model_size": 1859124
}