{
    "args": {
        "output": "finetune_outputs/binclass-0.0/ftt-tuned/train_1333_ricci_vs_destefano",
        "dataset": "train_1333_ricci_vs_destefano",
        "task": "binclass",
        "batch_size": 64,
        "early_stop": 16,
        "reduce_data": 0.0
    },
    "device": "NVIDIA GeForce RTX 3090",
    "best_eval_score": 1.0,
    "final_test_score": 0.993006993006993,
    "ev_metric": [
        0.9555555555555555,
        0.9555555555555555,
        0.9555555555555555,
        0.9888888888888889,
        0.9888888888888889,
        0.9888888888888889,
        0.9888888888888889,
        0.9888888888888889,
        0.9888888888888889,
        1.0,
        1.0,
        1.0,
        1.0,
        1.0,
        1.0,
        1.0,
        1.0,
        1.0,
        1.0,
        1.0,
        1.0,
        1.0,
        1.0,
        1.0,
        1.0,
        1.0
    ],
    "test_metric": [
        0.972027972027972,
        0.972027972027972,
        0.972027972027972,
        0.986013986013986,
        0.986013986013986,
        0.993006993006993,
        0.993006993006993,
        0.993006993006993,
        0.993006993006993,
        0.993006993006993,
        1.0,
        1.0,
        1.0,
        1.0,
        1.0,
        1.0,
        1.0,
        1.0,
        1.0,
        1.0,
        1.0,
        1.0,
        1.0,
        1.0,
        1.0,
        1.0
    ],
    "tr_loss": [
        0.6655643880367279,
        0.47779834270477295,
        0.364278182387352,
        0.20077192038297653,
        0.1679951548576355,
        0.17408844828605652,
        0.19333264604210854,
        0.10954901203513145,
        0.06378945522010326,
        0.06376643106341362,
        0.07734986767172813,
        0.04557541664689779,
        0.15021374076604843,
        0.17342040687799454,
        0.37693192064762115,
        0.06577721517533064,
        0.34585968405008316,
        0.19512855261564255,
        0.31079572439193726,
        0.08030354604125023,
        0.14977826923131943,
        0.11078218184411526,
        0.12112365663051605,
        0.08786702156066895,
        0.1085075605660677,
        0.06455700471997261
    ]
}