{
    "args": {
        "model": "tv7.1",
        "output": "finetune_outputs/binclass-0.8/tv7.1-tuned/train_2393_airlines_seed_4_nrows_2000_nclasses_10_ncols_100_stratify_True",
        "dataset": "train_2393_airlines_seed_4_nrows_2000_nclasses_10_ncols_100_stratify_True",
        "task": "binclass",
        "batch_size": 64,
        "early_stop": 16,
        "reduce_data": 0.8
    },
    "device": "NVIDIA GeForce RTX 3090",
    "best_eval_score": 0.5852216748768473,
    "final_test_score": 0.5284441745115902,
    "ev_metric": [
        0.5773399014778325,
        0.5822660098522168,
        0.58128078817734,
        0.5852216748768473,
        0.5842364532019705,
        0.5822660098522167,
        0.5812807881773399,
        0.5812807881773399,
        0.5802955665024631,
        0.5793103448275861,
        0.5783251231527093,
        0.5773399014778325,
        0.5773399014778325,
        0.5753694581280788,
        0.5793103448275863,
        0.5822660098522168,
        0.5832512315270936,
        0.5812807881773399,
        0.5783251231527093,
        0.58128078817734
    ],
    "test_metric": [
        0.5263437594898268,
        0.5267233525660492,
        0.5275584573337382,
        0.5284441745115902,
        0.5292286668691163,
        0.5294564227148497,
        0.530721732968924,
        0.5312531632756352,
        0.5323160238890575,
        0.5340621520396801,
        0.5339482741168136,
        0.5347707257819617,
        0.5353274622937545,
        0.5361625670614435,
        0.5363650167020952,
        0.5361372608563619,
        0.5360613422411176,
        0.5365042008300436,
        0.5374911428282214,
        0.5379466545196883
    ],
    "tr_loss": [
        0.6923196762800217,
        0.6921972781419754,
        0.692082405090332,
        0.6919626146554947,
        0.6918450742959976,
        0.6917329579591751,
        0.6916015148162842,
        0.6914884150028229,
        0.6913726329803467,
        0.6912469416856766,
        0.6911172121763229,
        0.6910023391246796,
        0.6908677369356155,
        0.6907413005828857,
        0.6906199753284454,
        0.6904911547899246,
        0.6903477609157562,
        0.6902175545692444,
        0.6900897175073624,
        0.68995301425457
    ],
    "tr_times": 0.4712347984313965,
    "ev_times": 0.00026917457580566406,
    "test_times": 0.00035643577575683594,
    "param_total_size": 1406488,
    "param_total_count": 351621
}