{
    "args": {
        "model": "tv7.3",
        "output": "finetune_outputs/binclass-0.8/tv7.3-tuned/train_0435_strikes",
        "dataset": "train_0435_strikes",
        "task": "binclass",
        "batch_size": 64,
        "early_stop": 16,
        "reduce_data": 0.8
    },
    "device": "NVIDIA GeForce RTX 3090",
    "best_eval_score": 0.5700000000000001,
    "final_test_score": 0.6582181259600615,
    "ev_metric": [
        0.56,
        0.5700000000000001,
        0.5700000000000001,
        0.5700000000000001,
        0.5700000000000001,
        0.5700000000000001,
        0.5700000000000001,
        0.5700000000000001,
        0.5700000000000001,
        0.5700000000000001,
        0.5700000000000001,
        0.5700000000000001,
        0.5700000000000001,
        0.5700000000000001,
        0.5700000000000001,
        0.5700000000000001,
        0.5700000000000001,
        0.5700000000000001
    ],
    "test_metric": [
        0.6579621095750128,
        0.6582181259600615,
        0.6579621095750128,
        0.6579621095750128,
        0.6587301587301587,
        0.6587301587301587,
        0.65847414234511,
        0.6594982078853047,
        0.660010240655402,
        0.660010240655402,
        0.6623143881208396,
        0.6625704045058883,
        0.662826420890937,
        0.6625704045058883,
        0.6633384536610344,
        0.6634664618535586,
        0.6643625192012288,
        0.6643625192012289
    ],
    "tr_loss": [
        0.7022722959518433,
        0.7009654641151428,
        0.7014453411102295,
        0.6988288760185242,
        0.7020103633403778,
        0.7018330693244934,
        0.7006156146526337,
        0.7015093266963959,
        0.7017459571361542,
        0.7005814015865326,
        0.6999074518680573,
        0.7017673850059509,
        0.6994134783744812,
        0.6991472840309143,
        0.7011808156967163,
        0.6998713612556458,
        0.7010087072849274,
        0.6999504566192627
    ],
    "tr_times": 5.035992622375488,
    "ev_times": 0.00018906593322753906,
    "test_times": 0.00020551681518554688,
    "param_total_size": 114388,
    "param_total_count": 28597,
    "model_size": 166687
}